solid OpenSCAD_Model
  facet normal -1 0 0
    outer loop
      vertex 68.3333 5 57
      vertex 68.3333 127 60
      vertex 68.3333 127 57
    endloop
  endfacet
  facet normal -1 -0 0
    outer loop
      vertex 68.3333 127 60
      vertex 68.3333 5 57
      vertex 68.3333 5 60
    endloop
  endfacet
  facet normal 0 -1 0
    outer loop
      vertex 5 127 57
      vertex 32.6667 127 60
      vertex 5 127 60
    endloop
  endfacet
  facet normal 0 -1 -0
    outer loop
      vertex 32.6667 127 60
      vertex 5 127 57
      vertex 32.6667 127 57
    endloop
  endfacet
  facet normal 0 -1 0
    outer loop
      vertex 40.6667 127 57
      vertex 68.3333 127 60
      vertex 40.6667 127 60
    endloop
  endfacet
  facet normal 0 -1 -0
    outer loop
      vertex 68.3333 127 60
      vertex 40.6667 127 57
      vertex 68.3333 127 57
    endloop
  endfacet
  facet normal 0 1 -0
    outer loop
      vertex 68.3333 5 57
      vertex 5 5 60
      vertex 68.3333 5 60
    endloop
  endfacet
  facet normal 0 1 0
    outer loop
      vertex 5 5 60
      vertex 68.3333 5 57
      vertex 5 5 57
    endloop
  endfacet
  facet normal 1 -0 0
    outer loop
      vertex 5 5 60
      vertex 5 127 57
      vertex 5 127 60
    endloop
  endfacet
  facet normal 1 0 0
    outer loop
      vertex 5 127 57
      vertex 5 5 60
      vertex 5 5 57
    endloop
  endfacet
  facet normal -1 0 0
    outer loop
      vertex 40.6667 127 57
      vertex 40.6667 128.6 58.5
      vertex 40.6667 128.522 58.0056
    endloop
  endfacet
  facet normal -1 0 0
    outer loop
      vertex 40.6667 127 57
      vertex 40.6667 128.522 58.0056
      vertex 40.6667 128.294 57.5595
    endloop
  endfacet
  facet normal -1 0 0
    outer loop
      vertex 40.6667 127 60
      vertex 40.6667 128.6 58.5
      vertex 40.6667 127 57
    endloop
  endfacet
  facet normal -1 0 0
    outer loop
      vertex 40.6667 127 57
      vertex 40.6667 128.294 57.5595
      vertex 40.6667 127.94 57.2056
    endloop
  endfacet
  facet normal -1 0 0
    outer loop
      vertex 40.6667 128.6 58.5
      vertex 40.6667 127 60
      vertex 40.6667 128.522 58.9944
    endloop
  endfacet
  facet normal -1 0 0
    outer loop
      vertex 40.6667 127 57
      vertex 40.6667 127.94 57.2056
      vertex 40.6667 127.537 57
    endloop
  endfacet
  facet normal -1 0 0
    outer loop
      vertex 40.6667 128.522 58.9944
      vertex 40.6667 127 60
      vertex 40.6667 128.294 59.4405
    endloop
  endfacet
  facet normal -1 0 0
    outer loop
      vertex 40.6667 128.294 59.4405
      vertex 40.6667 127 60
      vertex 40.6667 127.94 59.7944
    endloop
  endfacet
  facet normal -1 0 0
    outer loop
      vertex 40.6667 127.94 59.7944
      vertex 40.6667 127 60
      vertex 40.6667 127.537 60
    endloop
  endfacet
  facet normal 0 -0.987782 0.155839
    outer loop
      vertex 32.6667 128.522 58.0056
      vertex 40.6667 128.6 58.5
      vertex 32.6667 128.6 58.5
    endloop
  endfacet
  facet normal 0 -0.987782 0.155839
    outer loop
      vertex 40.6667 128.6 58.5
      vertex 32.6667 128.522 58.0056
      vertex 40.6667 128.522 58.0056
    endloop
  endfacet
  facet normal 0 -0.454449 -0.890773
    outer loop
      vertex 32.6667 127.537 60
      vertex 40.6667 127.94 59.7944
      vertex 40.6667 127.537 60
    endloop
  endfacet
  facet normal -0 -0.454449 -0.890773
    outer loop
      vertex 40.6667 127.94 59.7944
      vertex 32.6667 127.537 60
      vertex 32.6667 127.94 59.7944
    endloop
  endfacet
  facet normal 0 -0.707007 0.707207
    outer loop
      vertex 32.6667 128.294 57.5595
      vertex 40.6667 127.94 57.2056
      vertex 40.6667 128.294 57.5595
    endloop
  endfacet
  facet normal 0 -0.707007 0.707207
    outer loop
      vertex 40.6667 127.94 57.2056
      vertex 32.6667 128.294 57.5595
      vertex 32.6667 127.94 57.2056
    endloop
  endfacet
  facet normal 0 -0.454449 0.890773
    outer loop
      vertex 32.6667 127.94 57.2056
      vertex 40.6667 127.537 57
      vertex 40.6667 127.94 57.2056
    endloop
  endfacet
  facet normal 0 -0.454449 0.890773
    outer loop
      vertex 40.6667 127.537 57
      vertex 32.6667 127.94 57.2056
      vertex 32.6667 127.537 57
    endloop
  endfacet
  facet normal 0 -0.89044 0.455101
    outer loop
      vertex 32.6667 128.294 57.5595
      vertex 40.6667 128.522 58.0056
      vertex 32.6667 128.522 58.0056
    endloop
  endfacet
  facet normal 0 -0.89044 0.455101
    outer loop
      vertex 40.6667 128.522 58.0056
      vertex 32.6667 128.294 57.5595
      vertex 40.6667 128.294 57.5595
    endloop
  endfacet
  facet normal 0 -0.707007 -0.707207
    outer loop
      vertex 32.6667 127.94 59.7944
      vertex 40.6667 128.294 59.4405
      vertex 40.6667 127.94 59.7944
    endloop
  endfacet
  facet normal -0 -0.707007 -0.707207
    outer loop
      vertex 40.6667 128.294 59.4405
      vertex 32.6667 127.94 59.7944
      vertex 32.6667 128.294 59.4405
    endloop
  endfacet
  facet normal 1 0 0
    outer loop
      vertex 32.6667 127 60
      vertex 32.6667 128.6 58.5
      vertex 32.6667 128.522 58.9944
    endloop
  endfacet
  facet normal 1 0 0
    outer loop
      vertex 32.6667 127 60
      vertex 32.6667 128.522 58.9944
      vertex 32.6667 128.294 59.4405
    endloop
  endfacet
  facet normal 1 0 0
    outer loop
      vertex 32.6667 127 57
      vertex 32.6667 128.6 58.5
      vertex 32.6667 127 60
    endloop
  endfacet
  facet normal 1 0 0
    outer loop
      vertex 32.6667 127 60
      vertex 32.6667 128.294 59.4405
      vertex 32.6667 127.94 59.7944
    endloop
  endfacet
  facet normal 1 0 0
    outer loop
      vertex 32.6667 128.6 58.5
      vertex 32.6667 127 57
      vertex 32.6667 128.522 58.0056
    endloop
  endfacet
  facet normal 1 -0 0
    outer loop
      vertex 32.6667 127 60
      vertex 32.6667 127.94 59.7944
      vertex 32.6667 127.537 60
    endloop
  endfacet
  facet normal 1 0 0
    outer loop
      vertex 32.6667 128.522 58.0056
      vertex 32.6667 127 57
      vertex 32.6667 128.294 57.5595
    endloop
  endfacet
  facet normal 1 0 0
    outer loop
      vertex 32.6667 128.294 57.5595
      vertex 32.6667 127 57
      vertex 32.6667 127.94 57.2056
    endloop
  endfacet
  facet normal 1 0 0
    outer loop
      vertex 32.6667 127.94 57.2056
      vertex 32.6667 127 57
      vertex 32.6667 127.537 57
    endloop
  endfacet
  facet normal 0 -0.89044 -0.455101
    outer loop
      vertex 32.6667 128.522 58.9944
      vertex 40.6667 128.294 59.4405
      vertex 32.6667 128.294 59.4405
    endloop
  endfacet
  facet normal 0 -0.89044 -0.455101
    outer loop
      vertex 40.6667 128.294 59.4405
      vertex 32.6667 128.522 58.9944
      vertex 40.6667 128.522 58.9944
    endloop
  endfacet
  facet normal 0 -0.987782 -0.155839
    outer loop
      vertex 32.6667 128.6 58.5
      vertex 40.6667 128.522 58.9944
      vertex 32.6667 128.522 58.9944
    endloop
  endfacet
  facet normal 0 -0.987782 -0.155839
    outer loop
      vertex 40.6667 128.522 58.9944
      vertex 32.6667 128.6 58.5
      vertex 40.6667 128.6 58.5
    endloop
  endfacet
  facet normal -1 0 0
    outer loop
      vertex 135.667 5 57
      vertex 135.667 127 60
      vertex 135.667 127 57
    endloop
  endfacet
  facet normal -1 -0 0
    outer loop
      vertex 135.667 127 60
      vertex 135.667 5 57
      vertex 135.667 5 60
    endloop
  endfacet
  facet normal 0 -1 0
    outer loop
      vertex 72.3333 127 57
      vertex 100 127 60
      vertex 72.3333 127 60
    endloop
  endfacet
  facet normal 0 -1 -0
    outer loop
      vertex 100 127 60
      vertex 72.3333 127 57
      vertex 100 127 57
    endloop
  endfacet
  facet normal 0 -1 0
    outer loop
      vertex 108 127 57
      vertex 135.667 127 60
      vertex 108 127 60
    endloop
  endfacet
  facet normal 0 -1 -0
    outer loop
      vertex 135.667 127 60
      vertex 108 127 57
      vertex 135.667 127 57
    endloop
  endfacet
  facet normal 0 1 -0
    outer loop
      vertex 135.667 5 57
      vertex 72.3333 5 60
      vertex 135.667 5 60
    endloop
  endfacet
  facet normal 0 1 0
    outer loop
      vertex 72.3333 5 60
      vertex 135.667 5 57
      vertex 72.3333 5 57
    endloop
  endfacet
  facet normal 1 -0 0
    outer loop
      vertex 72.3333 5 60
      vertex 72.3333 127 57
      vertex 72.3333 127 60
    endloop
  endfacet
  facet normal 1 0 0
    outer loop
      vertex 72.3333 127 57
      vertex 72.3333 5 60
      vertex 72.3333 5 57
    endloop
  endfacet
  facet normal -1 0 0
    outer loop
      vertex 108 127 57
      vertex 108 128.6 58.5
      vertex 108 128.522 58.0056
    endloop
  endfacet
  facet normal -1 0 0
    outer loop
      vertex 108 127 57
      vertex 108 128.522 58.0056
      vertex 108 128.294 57.5595
    endloop
  endfacet
  facet normal -1 0 0
    outer loop
      vertex 108 127 60
      vertex 108 128.6 58.5
      vertex 108 127 57
    endloop
  endfacet
  facet normal -1 0 0
    outer loop
      vertex 108 127 57
      vertex 108 128.294 57.5595
      vertex 108 127.94 57.2056
    endloop
  endfacet
  facet normal -1 0 0
    outer loop
      vertex 108 128.6 58.5
      vertex 108 127 60
      vertex 108 128.522 58.9944
    endloop
  endfacet
  facet normal -1 0 0
    outer loop
      vertex 108 127 57
      vertex 108 127.94 57.2056
      vertex 108 127.537 57
    endloop
  endfacet
  facet normal -1 0 0
    outer loop
      vertex 108 128.522 58.9944
      vertex 108 127 60
      vertex 108 128.294 59.4405
    endloop
  endfacet
  facet normal -1 0 0
    outer loop
      vertex 108 128.294 59.4405
      vertex 108 127 60
      vertex 108 127.94 59.7944
    endloop
  endfacet
  facet normal -1 0 0
    outer loop
      vertex 108 127.94 59.7944
      vertex 108 127 60
      vertex 108 127.537 60
    endloop
  endfacet
  facet normal 0 -0.987782 0.155839
    outer loop
      vertex 100 128.522 58.0056
      vertex 108 128.6 58.5
      vertex 100 128.6 58.5
    endloop
  endfacet
  facet normal 0 -0.987782 0.155839
    outer loop
      vertex 108 128.6 58.5
      vertex 100 128.522 58.0056
      vertex 108 128.522 58.0056
    endloop
  endfacet
  facet normal 1 0 0
    outer loop
      vertex 100 127 60
      vertex 100 128.6 58.5
      vertex 100 128.522 58.9944
    endloop
  endfacet
  facet normal 1 0 0
    outer loop
      vertex 100 127 60
      vertex 100 128.522 58.9944
      vertex 100 128.294 59.4405
    endloop
  endfacet
  facet normal 1 0 0
    outer loop
      vertex 100 127 57
      vertex 100 128.6 58.5
      vertex 100 127 60
    endloop
  endfacet
  facet normal 1 0 0
    outer loop
      vertex 100 127 60
      vertex 100 128.294 59.4405
      vertex 100 127.94 59.7944
    endloop
  endfacet
  facet normal 1 0 0
    outer loop
      vertex 100 128.6 58.5
      vertex 100 127 57
      vertex 100 128.522 58.0056
    endloop
  endfacet
  facet normal 1 -0 0
    outer loop
      vertex 100 127 60
      vertex 100 127.94 59.7944
      vertex 100 127.537 60
    endloop
  endfacet
  facet normal 1 0 0
    outer loop
      vertex 100 128.522 58.0056
      vertex 100 127 57
      vertex 100 128.294 57.5595
    endloop
  endfacet
  facet normal 1 0 0
    outer loop
      vertex 100 128.294 57.5595
      vertex 100 127 57
      vertex 100 127.94 57.2056
    endloop
  endfacet
  facet normal 1 0 0
    outer loop
      vertex 100 127.94 57.2056
      vertex 100 127 57
      vertex 100 127.537 57
    endloop
  endfacet
  facet normal 0 -0.454449 -0.890773
    outer loop
      vertex 100 127.537 60
      vertex 108 127.94 59.7944
      vertex 108 127.537 60
    endloop
  endfacet
  facet normal -0 -0.454449 -0.890773
    outer loop
      vertex 108 127.94 59.7944
      vertex 100 127.537 60
      vertex 100 127.94 59.7944
    endloop
  endfacet
  facet normal 0 -0.707007 0.707207
    outer loop
      vertex 100 128.294 57.5595
      vertex 108 127.94 57.2056
      vertex 108 128.294 57.5595
    endloop
  endfacet
  facet normal 0 -0.707007 0.707207
    outer loop
      vertex 108 127.94 57.2056
      vertex 100 128.294 57.5595
      vertex 100 127.94 57.2056
    endloop
  endfacet
  facet normal 0 -0.454449 0.890773
    outer loop
      vertex 100 127.94 57.2056
      vertex 108 127.537 57
      vertex 108 127.94 57.2056
    endloop
  endfacet
  facet normal 0 -0.454449 0.890773
    outer loop
      vertex 108 127.537 57
      vertex 100 127.94 57.2056
      vertex 100 127.537 57
    endloop
  endfacet
  facet normal 0 -0.89044 0.455101
    outer loop
      vertex 100 128.294 57.5595
      vertex 108 128.522 58.0056
      vertex 100 128.522 58.0056
    endloop
  endfacet
  facet normal 0 -0.89044 0.455101
    outer loop
      vertex 108 128.522 58.0056
      vertex 100 128.294 57.5595
      vertex 108 128.294 57.5595
    endloop
  endfacet
  facet normal 0 -0.707007 -0.707207
    outer loop
      vertex 100 127.94 59.7944
      vertex 108 128.294 59.4405
      vertex 108 127.94 59.7944
    endloop
  endfacet
  facet normal -0 -0.707007 -0.707207
    outer loop
      vertex 108 128.294 59.4405
      vertex 100 127.94 59.7944
      vertex 100 128.294 59.4405
    endloop
  endfacet
  facet normal 0 -0.89044 -0.455101
    outer loop
      vertex 100 128.522 58.9944
      vertex 108 128.294 59.4405
      vertex 100 128.294 59.4405
    endloop
  endfacet
  facet normal 0 -0.89044 -0.455101
    outer loop
      vertex 108 128.294 59.4405
      vertex 100 128.522 58.9944
      vertex 108 128.522 58.9944
    endloop
  endfacet
  facet normal 0 -0.987782 -0.155839
    outer loop
      vertex 100 128.6 58.5
      vertex 108 128.522 58.9944
      vertex 100 128.522 58.9944
    endloop
  endfacet
  facet normal 0 -0.987782 -0.155839
    outer loop
      vertex 108 128.522 58.9944
      vertex 100 128.6 58.5
      vertex 108 128.6 58.5
    endloop
  endfacet
  facet normal -1 0 0
    outer loop
      vertex 203 5 57
      vertex 203 127 60
      vertex 203 127 57
    endloop
  endfacet
  facet normal -1 -0 0
    outer loop
      vertex 203 127 60
      vertex 203 5 57
      vertex 203 5 60
    endloop
  endfacet
  facet normal 0 -1 0
    outer loop
      vertex 139.667 127 57
      vertex 167.333 127 60
      vertex 139.667 127 60
    endloop
  endfacet
  facet normal 0 -1 -0
    outer loop
      vertex 167.333 127 60
      vertex 139.667 127 57
      vertex 167.333 127 57
    endloop
  endfacet
  facet normal 0 -1 0
    outer loop
      vertex 175.333 127 57
      vertex 203 127 60
      vertex 175.333 127 60
    endloop
  endfacet
  facet normal 0 -1 -0
    outer loop
      vertex 203 127 60
      vertex 175.333 127 57
      vertex 203 127 57
    endloop
  endfacet
  facet normal 0 1 -0
    outer loop
      vertex 203 5 57
      vertex 139.667 5 60
      vertex 203 5 60
    endloop
  endfacet
  facet normal 0 1 0
    outer loop
      vertex 139.667 5 60
      vertex 203 5 57
      vertex 139.667 5 57
    endloop
  endfacet
  facet normal 1 -0 0
    outer loop
      vertex 139.667 5 60
      vertex 139.667 127 57
      vertex 139.667 127 60
    endloop
  endfacet
  facet normal 1 0 0
    outer loop
      vertex 139.667 127 57
      vertex 139.667 5 60
      vertex 139.667 5 57
    endloop
  endfacet
  facet normal -1 0 0
    outer loop
      vertex 175.333 127 57
      vertex 175.333 128.6 58.5
      vertex 175.333 128.522 58.0056
    endloop
  endfacet
  facet normal -1 0 0
    outer loop
      vertex 175.333 127 57
      vertex 175.333 128.522 58.0056
      vertex 175.333 128.294 57.5595
    endloop
  endfacet
  facet normal -1 0 0
    outer loop
      vertex 175.333 127 60
      vertex 175.333 128.6 58.5
      vertex 175.333 127 57
    endloop
  endfacet
  facet normal -1 0 0
    outer loop
      vertex 175.333 127 57
      vertex 175.333 128.294 57.5595
      vertex 175.333 127.94 57.2056
    endloop
  endfacet
  facet normal -1 0 0
    outer loop
      vertex 175.333 128.6 58.5
      vertex 175.333 127 60
      vertex 175.333 128.522 58.9944
    endloop
  endfacet
  facet normal -1 0 0
    outer loop
      vertex 175.333 127 57
      vertex 175.333 127.94 57.2056
      vertex 175.333 127.537 57
    endloop
  endfacet
  facet normal -1 0 0
    outer loop
      vertex 175.333 128.522 58.9944
      vertex 175.333 127 60
      vertex 175.333 128.294 59.4405
    endloop
  endfacet
  facet normal -1 0 0
    outer loop
      vertex 175.333 128.294 59.4405
      vertex 175.333 127 60
      vertex 175.333 127.94 59.7944
    endloop
  endfacet
  facet normal -1 0 0
    outer loop
      vertex 175.333 127.94 59.7944
      vertex 175.333 127 60
      vertex 175.333 127.537 60
    endloop
  endfacet
  facet normal 0 -0.987782 0.155839
    outer loop
      vertex 167.333 128.522 58.0056
      vertex 175.333 128.6 58.5
      vertex 167.333 128.6 58.5
    endloop
  endfacet
  facet normal 0 -0.987782 0.155839
    outer loop
      vertex 175.333 128.6 58.5
      vertex 167.333 128.522 58.0056
      vertex 175.333 128.522 58.0056
    endloop
  endfacet
  facet normal 1 0 0
    outer loop
      vertex 167.333 127 60
      vertex 167.333 128.6 58.5
      vertex 167.333 128.522 58.9944
    endloop
  endfacet
  facet normal 1 0 0
    outer loop
      vertex 167.333 127 60
      vertex 167.333 128.522 58.9944
      vertex 167.333 128.294 59.4405
    endloop
  endfacet
  facet normal 1 0 0
    outer loop
      vertex 167.333 127 57
      vertex 167.333 128.6 58.5
      vertex 167.333 127 60
    endloop
  endfacet
  facet normal 1 0 0
    outer loop
      vertex 167.333 127 60
      vertex 167.333 128.294 59.4405
      vertex 167.333 127.94 59.7944
    endloop
  endfacet
  facet normal 1 0 0
    outer loop
      vertex 167.333 128.6 58.5
      vertex 167.333 127 57
      vertex 167.333 128.522 58.0056
    endloop
  endfacet
  facet normal 1 -0 0
    outer loop
      vertex 167.333 127 60
      vertex 167.333 127.94 59.7944
      vertex 167.333 127.537 60
    endloop
  endfacet
  facet normal 1 0 0
    outer loop
      vertex 167.333 128.522 58.0056
      vertex 167.333 127 57
      vertex 167.333 128.294 57.5595
    endloop
  endfacet
  facet normal 1 0 0
    outer loop
      vertex 167.333 128.294 57.5595
      vertex 167.333 127 57
      vertex 167.333 127.94 57.2056
    endloop
  endfacet
  facet normal 1 0 0
    outer loop
      vertex 167.333 127.94 57.2056
      vertex 167.333 127 57
      vertex 167.333 127.537 57
    endloop
  endfacet
  facet normal 0 -0.454449 -0.890773
    outer loop
      vertex 167.333 127.537 60
      vertex 175.333 127.94 59.7944
      vertex 175.333 127.537 60
    endloop
  endfacet
  facet normal -0 -0.454449 -0.890773
    outer loop
      vertex 175.333 127.94 59.7944
      vertex 167.333 127.537 60
      vertex 167.333 127.94 59.7944
    endloop
  endfacet
  facet normal 0 -0.707007 0.707207
    outer loop
      vertex 167.333 128.294 57.5595
      vertex 175.333 127.94 57.2056
      vertex 175.333 128.294 57.5595
    endloop
  endfacet
  facet normal 0 -0.707007 0.707207
    outer loop
      vertex 175.333 127.94 57.2056
      vertex 167.333 128.294 57.5595
      vertex 167.333 127.94 57.2056
    endloop
  endfacet
  facet normal 0 -0.454449 0.890773
    outer loop
      vertex 167.333 127.94 57.2056
      vertex 175.333 127.537 57
      vertex 175.333 127.94 57.2056
    endloop
  endfacet
  facet normal 0 -0.454449 0.890773
    outer loop
      vertex 175.333 127.537 57
      vertex 167.333 127.94 57.2056
      vertex 167.333 127.537 57
    endloop
  endfacet
  facet normal 0 -0.89044 0.455101
    outer loop
      vertex 167.333 128.294 57.5595
      vertex 175.333 128.522 58.0056
      vertex 167.333 128.522 58.0056
    endloop
  endfacet
  facet normal 0 -0.89044 0.455101
    outer loop
      vertex 175.333 128.522 58.0056
      vertex 167.333 128.294 57.5595
      vertex 175.333 128.294 57.5595
    endloop
  endfacet
  facet normal 0 -0.707007 -0.707207
    outer loop
      vertex 167.333 127.94 59.7944
      vertex 175.333 128.294 59.4405
      vertex 175.333 127.94 59.7944
    endloop
  endfacet
  facet normal -0 -0.707007 -0.707207
    outer loop
      vertex 175.333 128.294 59.4405
      vertex 167.333 127.94 59.7944
      vertex 167.333 128.294 59.4405
    endloop
  endfacet
  facet normal 0 -0.89044 -0.455101
    outer loop
      vertex 167.333 128.522 58.9944
      vertex 175.333 128.294 59.4405
      vertex 167.333 128.294 59.4405
    endloop
  endfacet
  facet normal 0 -0.89044 -0.455101
    outer loop
      vertex 175.333 128.294 59.4405
      vertex 167.333 128.522 58.9944
      vertex 175.333 128.522 58.9944
    endloop
  endfacet
  facet normal 0 -0.987782 -0.155839
    outer loop
      vertex 167.333 128.6 58.5
      vertex 175.333 128.522 58.9944
      vertex 167.333 128.522 58.9944
    endloop
  endfacet
  facet normal 0 -0.987782 -0.155839
    outer loop
      vertex 175.333 128.522 58.9944
      vertex 167.333 128.6 58.5
      vertex 175.333 128.6 58.5
    endloop
  endfacet
  facet normal -1 0 0
    outer loop
      vertex 270.333 5 57
      vertex 270.333 127 60
      vertex 270.333 127 57
    endloop
  endfacet
  facet normal -1 -0 0
    outer loop
      vertex 270.333 127 60
      vertex 270.333 5 57
      vertex 270.333 5 60
    endloop
  endfacet
  facet normal 0 -1 0
    outer loop
      vertex 207 127 57
      vertex 234.667 127 60
      vertex 207 127 60
    endloop
  endfacet
  facet normal 0 -1 -0
    outer loop
      vertex 234.667 127 60
      vertex 207 127 57
      vertex 234.667 127 57
    endloop
  endfacet
  facet normal 0 -1 0
    outer loop
      vertex 242.667 127 57
      vertex 270.333 127 60
      vertex 242.667 127 60
    endloop
  endfacet
  facet normal 0 -1 -0
    outer loop
      vertex 270.333 127 60
      vertex 242.667 127 57
      vertex 270.333 127 57
    endloop
  endfacet
  facet normal 0 1 -0
    outer loop
      vertex 270.333 5 57
      vertex 207 5 60
      vertex 270.333 5 60
    endloop
  endfacet
  facet normal 0 1 0
    outer loop
      vertex 207 5 60
      vertex 270.333 5 57
      vertex 207 5 57
    endloop
  endfacet
  facet normal 1 -0 0
    outer loop
      vertex 207 5 60
      vertex 207 127 57
      vertex 207 127 60
    endloop
  endfacet
  facet normal 1 0 0
    outer loop
      vertex 207 127 57
      vertex 207 5 60
      vertex 207 5 57
    endloop
  endfacet
  facet normal -1 0 0
    outer loop
      vertex 242.667 127 57
      vertex 242.667 128.6 58.5
      vertex 242.667 128.522 58.0056
    endloop
  endfacet
  facet normal -1 0 0
    outer loop
      vertex 242.667 127 57
      vertex 242.667 128.522 58.0056
      vertex 242.667 128.294 57.5595
    endloop
  endfacet
  facet normal -1 0 0
    outer loop
      vertex 242.667 127 60
      vertex 242.667 128.6 58.5
      vertex 242.667 127 57
    endloop
  endfacet
  facet normal -1 0 0
    outer loop
      vertex 242.667 127 57
      vertex 242.667 128.294 57.5595
      vertex 242.667 127.94 57.2056
    endloop
  endfacet
  facet normal -1 0 0
    outer loop
      vertex 242.667 128.6 58.5
      vertex 242.667 127 60
      vertex 242.667 128.522 58.9944
    endloop
  endfacet
  facet normal -1 0 0
    outer loop
      vertex 242.667 127 57
      vertex 242.667 127.94 57.2056
      vertex 242.667 127.537 57
    endloop
  endfacet
  facet normal -1 0 0
    outer loop
      vertex 242.667 128.522 58.9944
      vertex 242.667 127 60
      vertex 242.667 128.294 59.4405
    endloop
  endfacet
  facet normal -1 0 0
    outer loop
      vertex 242.667 128.294 59.4405
      vertex 242.667 127 60
      vertex 242.667 127.94 59.7944
    endloop
  endfacet
  facet normal -1 0 0
    outer loop
      vertex 242.667 127.94 59.7944
      vertex 242.667 127 60
      vertex 242.667 127.537 60
    endloop
  endfacet
  facet normal 0 -0.987782 0.155839
    outer loop
      vertex 234.667 128.522 58.0056
      vertex 242.667 128.6 58.5
      vertex 234.667 128.6 58.5
    endloop
  endfacet
  facet normal 0 -0.987782 0.155839
    outer loop
      vertex 242.667 128.6 58.5
      vertex 234.667 128.522 58.0056
      vertex 242.667 128.522 58.0056
    endloop
  endfacet
  facet normal 1 0 0
    outer loop
      vertex 234.667 127 60
      vertex 234.667 128.6 58.5
      vertex 234.667 128.522 58.9944
    endloop
  endfacet
  facet normal 1 0 0
    outer loop
      vertex 234.667 127 60
      vertex 234.667 128.522 58.9944
      vertex 234.667 128.294 59.4405
    endloop
  endfacet
  facet normal 1 0 0
    outer loop
      vertex 234.667 127 57
      vertex 234.667 128.6 58.5
      vertex 234.667 127 60
    endloop
  endfacet
  facet normal 1 0 0
    outer loop
      vertex 234.667 127 60
      vertex 234.667 128.294 59.4405
      vertex 234.667 127.94 59.7944
    endloop
  endfacet
  facet normal 1 0 0
    outer loop
      vertex 234.667 128.6 58.5
      vertex 234.667 127 57
      vertex 234.667 128.522 58.0056
    endloop
  endfacet
  facet normal 1 -0 0
    outer loop
      vertex 234.667 127 60
      vertex 234.667 127.94 59.7944
      vertex 234.667 127.537 60
    endloop
  endfacet
  facet normal 1 0 0
    outer loop
      vertex 234.667 128.522 58.0056
      vertex 234.667 127 57
      vertex 234.667 128.294 57.5595
    endloop
  endfacet
  facet normal 1 0 0
    outer loop
      vertex 234.667 128.294 57.5595
      vertex 234.667 127 57
      vertex 234.667 127.94 57.2056
    endloop
  endfacet
  facet normal 1 0 0
    outer loop
      vertex 234.667 127.94 57.2056
      vertex 234.667 127 57
      vertex 234.667 127.537 57
    endloop
  endfacet
  facet normal 0 -0.454449 -0.890773
    outer loop
      vertex 234.667 127.537 60
      vertex 242.667 127.94 59.7944
      vertex 242.667 127.537 60
    endloop
  endfacet
  facet normal -0 -0.454449 -0.890773
    outer loop
      vertex 242.667 127.94 59.7944
      vertex 234.667 127.537 60
      vertex 234.667 127.94 59.7944
    endloop
  endfacet
  facet normal 0 -0.707007 0.707207
    outer loop
      vertex 234.667 128.294 57.5595
      vertex 242.667 127.94 57.2056
      vertex 242.667 128.294 57.5595
    endloop
  endfacet
  facet normal 0 -0.707007 0.707207
    outer loop
      vertex 242.667 127.94 57.2056
      vertex 234.667 128.294 57.5595
      vertex 234.667 127.94 57.2056
    endloop
  endfacet
  facet normal 0 -0.454449 0.890773
    outer loop
      vertex 234.667 127.94 57.2056
      vertex 242.667 127.537 57
      vertex 242.667 127.94 57.2056
    endloop
  endfacet
  facet normal 0 -0.454449 0.890773
    outer loop
      vertex 242.667 127.537 57
      vertex 234.667 127.94 57.2056
      vertex 234.667 127.537 57
    endloop
  endfacet
  facet normal 0 -0.89044 0.455101
    outer loop
      vertex 234.667 128.294 57.5595
      vertex 242.667 128.522 58.0056
      vertex 234.667 128.522 58.0056
    endloop
  endfacet
  facet normal 0 -0.89044 0.455101
    outer loop
      vertex 242.667 128.522 58.0056
      vertex 234.667 128.294 57.5595
      vertex 242.667 128.294 57.5595
    endloop
  endfacet
  facet normal 0 -0.707007 -0.707207
    outer loop
      vertex 234.667 127.94 59.7944
      vertex 242.667 128.294 59.4405
      vertex 242.667 127.94 59.7944
    endloop
  endfacet
  facet normal -0 -0.707007 -0.707207
    outer loop
      vertex 242.667 128.294 59.4405
      vertex 234.667 127.94 59.7944
      vertex 234.667 128.294 59.4405
    endloop
  endfacet
  facet normal 0 -0.89044 -0.455101
    outer loop
      vertex 234.667 128.522 58.9944
      vertex 242.667 128.294 59.4405
      vertex 234.667 128.294 59.4405
    endloop
  endfacet
  facet normal 0 -0.89044 -0.455101
    outer loop
      vertex 242.667 128.294 59.4405
      vertex 234.667 128.522 58.9944
      vertex 242.667 128.522 58.9944
    endloop
  endfacet
  facet normal 0 -0.987782 -0.155839
    outer loop
      vertex 234.667 128.6 58.5
      vertex 242.667 128.522 58.9944
      vertex 234.667 128.522 58.9944
    endloop
  endfacet
  facet normal 0 -0.987782 -0.155839
    outer loop
      vertex 242.667 128.522 58.9944
      vertex 234.667 128.6 58.5
      vertex 242.667 128.6 58.5
    endloop
  endfacet
  facet normal -1 0 0
    outer loop
      vertex 337.667 5 57
      vertex 337.667 127 60
      vertex 337.667 127 57
    endloop
  endfacet
  facet normal -1 -0 0
    outer loop
      vertex 337.667 127 60
      vertex 337.667 5 57
      vertex 337.667 5 60
    endloop
  endfacet
  facet normal 0 -1 0
    outer loop
      vertex 274.333 127 57
      vertex 302 127 60
      vertex 274.333 127 60
    endloop
  endfacet
  facet normal 0 -1 -0
    outer loop
      vertex 302 127 60
      vertex 274.333 127 57
      vertex 302 127 57
    endloop
  endfacet
  facet normal 0 -1 0
    outer loop
      vertex 310 127 57
      vertex 337.667 127 60
      vertex 310 127 60
    endloop
  endfacet
  facet normal 0 -1 -0
    outer loop
      vertex 337.667 127 60
      vertex 310 127 57
      vertex 337.667 127 57
    endloop
  endfacet
  facet normal 0 1 -0
    outer loop
      vertex 337.667 5 57
      vertex 274.333 5 60
      vertex 337.667 5 60
    endloop
  endfacet
  facet normal 0 1 0
    outer loop
      vertex 274.333 5 60
      vertex 337.667 5 57
      vertex 274.333 5 57
    endloop
  endfacet
  facet normal 1 -0 0
    outer loop
      vertex 274.333 5 60
      vertex 274.333 127 57
      vertex 274.333 127 60
    endloop
  endfacet
  facet normal 1 0 0
    outer loop
      vertex 274.333 127 57
      vertex 274.333 5 60
      vertex 274.333 5 57
    endloop
  endfacet
  facet normal 0 -0.987782 0.155839
    outer loop
      vertex 302 128.522 58.0056
      vertex 310 128.6 58.5
      vertex 302 128.6 58.5
    endloop
  endfacet
  facet normal 0 -0.987782 0.155839
    outer loop
      vertex 310 128.6 58.5
      vertex 302 128.522 58.0056
      vertex 310 128.522 58.0056
    endloop
  endfacet
  facet normal 0 -0.454449 -0.890773
    outer loop
      vertex 302 127.537 60
      vertex 310 127.94 59.7944
      vertex 310 127.537 60
    endloop
  endfacet
  facet normal -0 -0.454449 -0.890773
    outer loop
      vertex 310 127.94 59.7944
      vertex 302 127.537 60
      vertex 302 127.94 59.7944
    endloop
  endfacet
  facet normal -1 0 0
    outer loop
      vertex 310 127 57
      vertex 310 128.6 58.5
      vertex 310 128.522 58.0056
    endloop
  endfacet
  facet normal -1 0 0
    outer loop
      vertex 310 127 57
      vertex 310 128.522 58.0056
      vertex 310 128.294 57.5595
    endloop
  endfacet
  facet normal -1 0 0
    outer loop
      vertex 310 127 60
      vertex 310 128.6 58.5
      vertex 310 127 57
    endloop
  endfacet
  facet normal -1 0 0
    outer loop
      vertex 310 127 57
      vertex 310 128.294 57.5595
      vertex 310 127.94 57.2056
    endloop
  endfacet
  facet normal -1 0 0
    outer loop
      vertex 310 128.6 58.5
      vertex 310 127 60
      vertex 310 128.522 58.9944
    endloop
  endfacet
  facet normal -1 0 0
    outer loop
      vertex 310 127 57
      vertex 310 127.94 57.2056
      vertex 310 127.537 57
    endloop
  endfacet
  facet normal -1 0 0
    outer loop
      vertex 310 128.522 58.9944
      vertex 310 127 60
      vertex 310 128.294 59.4405
    endloop
  endfacet
  facet normal -1 0 0
    outer loop
      vertex 310 128.294 59.4405
      vertex 310 127 60
      vertex 310 127.94 59.7944
    endloop
  endfacet
  facet normal -1 0 0
    outer loop
      vertex 310 127.94 59.7944
      vertex 310 127 60
      vertex 310 127.537 60
    endloop
  endfacet
  facet normal 0 -0.707007 0.707207
    outer loop
      vertex 302 128.294 57.5595
      vertex 310 127.94 57.2056
      vertex 310 128.294 57.5595
    endloop
  endfacet
  facet normal 0 -0.707007 0.707207
    outer loop
      vertex 310 127.94 57.2056
      vertex 302 128.294 57.5595
      vertex 302 127.94 57.2056
    endloop
  endfacet
  facet normal 0 -0.454449 0.890773
    outer loop
      vertex 302 127.94 57.2056
      vertex 310 127.537 57
      vertex 310 127.94 57.2056
    endloop
  endfacet
  facet normal 0 -0.454449 0.890773
    outer loop
      vertex 310 127.537 57
      vertex 302 127.94 57.2056
      vertex 302 127.537 57
    endloop
  endfacet
  facet normal 0 -0.89044 0.455101
    outer loop
      vertex 302 128.294 57.5595
      vertex 310 128.522 58.0056
      vertex 302 128.522 58.0056
    endloop
  endfacet
  facet normal 0 -0.89044 0.455101
    outer loop
      vertex 310 128.522 58.0056
      vertex 302 128.294 57.5595
      vertex 310 128.294 57.5595
    endloop
  endfacet
  facet normal 0 -0.707007 -0.707207
    outer loop
      vertex 302 127.94 59.7944
      vertex 310 128.294 59.4405
      vertex 310 127.94 59.7944
    endloop
  endfacet
  facet normal -0 -0.707007 -0.707207
    outer loop
      vertex 310 128.294 59.4405
      vertex 302 127.94 59.7944
      vertex 302 128.294 59.4405
    endloop
  endfacet
  facet normal 1 0 0
    outer loop
      vertex 302 127 60
      vertex 302 128.6 58.5
      vertex 302 128.522 58.9944
    endloop
  endfacet
  facet normal 1 0 0
    outer loop
      vertex 302 127 60
      vertex 302 128.522 58.9944
      vertex 302 128.294 59.4405
    endloop
  endfacet
  facet normal 1 0 0
    outer loop
      vertex 302 127 57
      vertex 302 128.6 58.5
      vertex 302 127 60
    endloop
  endfacet
  facet normal 1 0 0
    outer loop
      vertex 302 127 60
      vertex 302 128.294 59.4405
      vertex 302 127.94 59.7944
    endloop
  endfacet
  facet normal 1 0 0
    outer loop
      vertex 302 128.6 58.5
      vertex 302 127 57
      vertex 302 128.522 58.0056
    endloop
  endfacet
  facet normal 1 -0 0
    outer loop
      vertex 302 127 60
      vertex 302 127.94 59.7944
      vertex 302 127.537 60
    endloop
  endfacet
  facet normal 1 0 0
    outer loop
      vertex 302 128.522 58.0056
      vertex 302 127 57
      vertex 302 128.294 57.5595
    endloop
  endfacet
  facet normal 1 0 0
    outer loop
      vertex 302 128.294 57.5595
      vertex 302 127 57
      vertex 302 127.94 57.2056
    endloop
  endfacet
  facet normal 1 0 0
    outer loop
      vertex 302 127.94 57.2056
      vertex 302 127 57
      vertex 302 127.537 57
    endloop
  endfacet
  facet normal 0 -0.89044 -0.455101
    outer loop
      vertex 302 128.522 58.9944
      vertex 310 128.294 59.4405
      vertex 302 128.294 59.4405
    endloop
  endfacet
  facet normal 0 -0.89044 -0.455101
    outer loop
      vertex 310 128.294 59.4405
      vertex 302 128.522 58.9944
      vertex 310 128.522 58.9944
    endloop
  endfacet
  facet normal 0 -0.987782 -0.155839
    outer loop
      vertex 302 128.6 58.5
      vertex 310 128.522 58.9944
      vertex 302 128.522 58.9944
    endloop
  endfacet
  facet normal 0 -0.987782 -0.155839
    outer loop
      vertex 310 128.522 58.9944
      vertex 302 128.6 58.5
      vertex 310 128.6 58.5
    endloop
  endfacet
  facet normal -1 0 0
    outer loop
      vertex 405 5 57
      vertex 405 127 60
      vertex 405 127 57
    endloop
  endfacet
  facet normal -1 -0 0
    outer loop
      vertex 405 127 60
      vertex 405 5 57
      vertex 405 5 60
    endloop
  endfacet
  facet normal 0 -1 0
    outer loop
      vertex 341.667 127 57
      vertex 369.333 127 60
      vertex 341.667 127 60
    endloop
  endfacet
  facet normal 0 -1 -0
    outer loop
      vertex 369.333 127 60
      vertex 341.667 127 57
      vertex 369.333 127 57
    endloop
  endfacet
  facet normal 0 -1 0
    outer loop
      vertex 377.333 127 57
      vertex 405 127 60
      vertex 377.333 127 60
    endloop
  endfacet
  facet normal 0 -1 -0
    outer loop
      vertex 405 127 60
      vertex 377.333 127 57
      vertex 405 127 57
    endloop
  endfacet
  facet normal 0 1 -0
    outer loop
      vertex 405 5 57
      vertex 341.667 5 60
      vertex 405 5 60
    endloop
  endfacet
  facet normal 0 1 0
    outer loop
      vertex 341.667 5 60
      vertex 405 5 57
      vertex 341.667 5 57
    endloop
  endfacet
  facet normal 1 -0 0
    outer loop
      vertex 341.667 5 60
      vertex 341.667 127 57
      vertex 341.667 127 60
    endloop
  endfacet
  facet normal 1 0 0
    outer loop
      vertex 341.667 127 57
      vertex 341.667 5 60
      vertex 341.667 5 57
    endloop
  endfacet
  facet normal 0 -0.987782 0.155839
    outer loop
      vertex 369.333 128.522 58.0056
      vertex 377.333 128.6 58.5
      vertex 369.333 128.6 58.5
    endloop
  endfacet
  facet normal 0 -0.987782 0.155839
    outer loop
      vertex 377.333 128.6 58.5
      vertex 369.333 128.522 58.0056
      vertex 377.333 128.522 58.0056
    endloop
  endfacet
  facet normal 0 -0.454449 -0.890773
    outer loop
      vertex 369.333 127.537 60
      vertex 377.333 127.94 59.7944
      vertex 377.333 127.537 60
    endloop
  endfacet
  facet normal -0 -0.454449 -0.890773
    outer loop
      vertex 377.333 127.94 59.7944
      vertex 369.333 127.537 60
      vertex 369.333 127.94 59.7944
    endloop
  endfacet
  facet normal -1 0 0
    outer loop
      vertex 377.333 127 57
      vertex 377.333 128.6 58.5
      vertex 377.333 128.522 58.0056
    endloop
  endfacet
  facet normal -1 0 0
    outer loop
      vertex 377.333 127 57
      vertex 377.333 128.522 58.0056
      vertex 377.333 128.294 57.5595
    endloop
  endfacet
  facet normal -1 0 0
    outer loop
      vertex 377.333 127 60
      vertex 377.333 128.6 58.5
      vertex 377.333 127 57
    endloop
  endfacet
  facet normal -1 0 0
    outer loop
      vertex 377.333 127 57
      vertex 377.333 128.294 57.5595
      vertex 377.333 127.94 57.2056
    endloop
  endfacet
  facet normal -1 0 0
    outer loop
      vertex 377.333 128.6 58.5
      vertex 377.333 127 60
      vertex 377.333 128.522 58.9944
    endloop
  endfacet
  facet normal -1 0 0
    outer loop
      vertex 377.333 127 57
      vertex 377.333 127.94 57.2056
      vertex 377.333 127.537 57
    endloop
  endfacet
  facet normal -1 0 0
    outer loop
      vertex 377.333 128.522 58.9944
      vertex 377.333 127 60
      vertex 377.333 128.294 59.4405
    endloop
  endfacet
  facet normal -1 0 0
    outer loop
      vertex 377.333 128.294 59.4405
      vertex 377.333 127 60
      vertex 377.333 127.94 59.7944
    endloop
  endfacet
  facet normal -1 0 0
    outer loop
      vertex 377.333 127.94 59.7944
      vertex 377.333 127 60
      vertex 377.333 127.537 60
    endloop
  endfacet
  facet normal 0 -0.707007 0.707207
    outer loop
      vertex 369.333 128.294 57.5595
      vertex 377.333 127.94 57.2056
      vertex 377.333 128.294 57.5595
    endloop
  endfacet
  facet normal 0 -0.707007 0.707207
    outer loop
      vertex 377.333 127.94 57.2056
      vertex 369.333 128.294 57.5595
      vertex 369.333 127.94 57.2056
    endloop
  endfacet
  facet normal 0 -0.454449 0.890773
    outer loop
      vertex 369.333 127.94 57.2056
      vertex 377.333 127.537 57
      vertex 377.333 127.94 57.2056
    endloop
  endfacet
  facet normal 0 -0.454449 0.890773
    outer loop
      vertex 377.333 127.537 57
      vertex 369.333 127.94 57.2056
      vertex 369.333 127.537 57
    endloop
  endfacet
  facet normal 0 -0.89044 0.455101
    outer loop
      vertex 369.333 128.294 57.5595
      vertex 377.333 128.522 58.0056
      vertex 369.333 128.522 58.0056
    endloop
  endfacet
  facet normal 0 -0.89044 0.455101
    outer loop
      vertex 377.333 128.522 58.0056
      vertex 369.333 128.294 57.5595
      vertex 377.333 128.294 57.5595
    endloop
  endfacet
  facet normal 0 -0.707007 -0.707207
    outer loop
      vertex 369.333 127.94 59.7944
      vertex 377.333 128.294 59.4405
      vertex 377.333 127.94 59.7944
    endloop
  endfacet
  facet normal -0 -0.707007 -0.707207
    outer loop
      vertex 377.333 128.294 59.4405
      vertex 369.333 127.94 59.7944
      vertex 369.333 128.294 59.4405
    endloop
  endfacet
  facet normal 1 0 0
    outer loop
      vertex 369.333 127 60
      vertex 369.333 128.6 58.5
      vertex 369.333 128.522 58.9944
    endloop
  endfacet
  facet normal 1 0 0
    outer loop
      vertex 369.333 127 60
      vertex 369.333 128.522 58.9944
      vertex 369.333 128.294 59.4405
    endloop
  endfacet
  facet normal 1 0 0
    outer loop
      vertex 369.333 127 57
      vertex 369.333 128.6 58.5
      vertex 369.333 127 60
    endloop
  endfacet
  facet normal 1 0 0
    outer loop
      vertex 369.333 127 60
      vertex 369.333 128.294 59.4405
      vertex 369.333 127.94 59.7944
    endloop
  endfacet
  facet normal 1 0 0
    outer loop
      vertex 369.333 128.6 58.5
      vertex 369.333 127 57
      vertex 369.333 128.522 58.0056
    endloop
  endfacet
  facet normal 1 -0 0
    outer loop
      vertex 369.333 127 60
      vertex 369.333 127.94 59.7944
      vertex 369.333 127.537 60
    endloop
  endfacet
  facet normal 1 0 0
    outer loop
      vertex 369.333 128.522 58.0056
      vertex 369.333 127 57
      vertex 369.333 128.294 57.5595
    endloop
  endfacet
  facet normal 1 0 0
    outer loop
      vertex 369.333 128.294 57.5595
      vertex 369.333 127 57
      vertex 369.333 127.94 57.2056
    endloop
  endfacet
  facet normal 1 0 0
    outer loop
      vertex 369.333 127.94 57.2056
      vertex 369.333 127 57
      vertex 369.333 127.537 57
    endloop
  endfacet
  facet normal 0 -0.89044 -0.455101
    outer loop
      vertex 369.333 128.522 58.9944
      vertex 377.333 128.294 59.4405
      vertex 369.333 128.294 59.4405
    endloop
  endfacet
  facet normal 0 -0.89044 -0.455101
    outer loop
      vertex 377.333 128.294 59.4405
      vertex 369.333 128.522 58.9944
      vertex 377.333 128.522 58.9944
    endloop
  endfacet
  facet normal 0 -0.987782 -0.155839
    outer loop
      vertex 369.333 128.6 58.5
      vertex 377.333 128.522 58.9944
      vertex 369.333 128.522 58.9944
    endloop
  endfacet
  facet normal 0 -0.987782 -0.155839
    outer loop
      vertex 377.333 128.522 58.9944
      vertex 369.333 128.6 58.5
      vertex 377.333 128.6 58.5
    endloop
  endfacet
  facet normal -1 0 0
    outer loop
      vertex 68.3333 131 57
      vertex 68.3333 253 60
      vertex 68.3333 253 57
    endloop
  endfacet
  facet normal -1 -0 0
    outer loop
      vertex 68.3333 253 60
      vertex 68.3333 131 57
      vertex 68.3333 131 60
    endloop
  endfacet
  facet normal 0 -1 0
    outer loop
      vertex 5 253 57
      vertex 32.6667 253 60
      vertex 5 253 60
    endloop
  endfacet
  facet normal 0 -1 -0
    outer loop
      vertex 32.6667 253 60
      vertex 5 253 57
      vertex 32.6667 253 57
    endloop
  endfacet
  facet normal 0 -1 0
    outer loop
      vertex 40.6667 253 57
      vertex 68.3333 253 60
      vertex 40.6667 253 60
    endloop
  endfacet
  facet normal 0 -1 -0
    outer loop
      vertex 68.3333 253 60
      vertex 40.6667 253 57
      vertex 68.3333 253 57
    endloop
  endfacet
  facet normal 0 1 -0
    outer loop
      vertex 68.3333 131 57
      vertex 5 131 60
      vertex 68.3333 131 60
    endloop
  endfacet
  facet normal 0 1 0
    outer loop
      vertex 5 131 60
      vertex 68.3333 131 57
      vertex 5 131 57
    endloop
  endfacet
  facet normal 1 -0 0
    outer loop
      vertex 5 131 60
      vertex 5 253 57
      vertex 5 253 60
    endloop
  endfacet
  facet normal 1 0 0
    outer loop
      vertex 5 253 57
      vertex 5 131 60
      vertex 5 131 57
    endloop
  endfacet
  facet normal -1 0 0
    outer loop
      vertex 40.6667 253 57
      vertex 40.6667 254.6 58.5
      vertex 40.6667 254.522 58.0056
    endloop
  endfacet
  facet normal -1 0 0
    outer loop
      vertex 40.6667 253 57
      vertex 40.6667 254.522 58.0056
      vertex 40.6667 254.294 57.5595
    endloop
  endfacet
  facet normal -1 0 0
    outer loop
      vertex 40.6667 253 60
      vertex 40.6667 254.6 58.5
      vertex 40.6667 253 57
    endloop
  endfacet
  facet normal -1 0 0
    outer loop
      vertex 40.6667 253 57
      vertex 40.6667 254.294 57.5595
      vertex 40.6667 253.94 57.2056
    endloop
  endfacet
  facet normal -1 0 0
    outer loop
      vertex 40.6667 254.6 58.5
      vertex 40.6667 253 60
      vertex 40.6667 254.522 58.9944
    endloop
  endfacet
  facet normal -1 0 0
    outer loop
      vertex 40.6667 253 57
      vertex 40.6667 253.94 57.2056
      vertex 40.6667 253.537 57
    endloop
  endfacet
  facet normal -1 0 0
    outer loop
      vertex 40.6667 254.522 58.9944
      vertex 40.6667 253 60
      vertex 40.6667 254.294 59.4405
    endloop
  endfacet
  facet normal -1 0 0
    outer loop
      vertex 40.6667 254.294 59.4405
      vertex 40.6667 253 60
      vertex 40.6667 253.94 59.7944
    endloop
  endfacet
  facet normal -1 0 0
    outer loop
      vertex 40.6667 253.94 59.7944
      vertex 40.6667 253 60
      vertex 40.6667 253.537 60
    endloop
  endfacet
  facet normal 0 -0.987782 0.155839
    outer loop
      vertex 32.6667 254.522 58.0056
      vertex 40.6667 254.6 58.5
      vertex 32.6667 254.6 58.5
    endloop
  endfacet
  facet normal 0 -0.987782 0.155839
    outer loop
      vertex 40.6667 254.6 58.5
      vertex 32.6667 254.522 58.0056
      vertex 40.6667 254.522 58.0056
    endloop
  endfacet
  facet normal 0 -0.454449 -0.890773
    outer loop
      vertex 32.6667 253.537 60
      vertex 40.6667 253.94 59.7944
      vertex 40.6667 253.537 60
    endloop
  endfacet
  facet normal -0 -0.454449 -0.890773
    outer loop
      vertex 40.6667 253.94 59.7944
      vertex 32.6667 253.537 60
      vertex 32.6667 253.94 59.7944
    endloop
  endfacet
  facet normal 0 -0.707007 0.707207
    outer loop
      vertex 32.6667 254.294 57.5595
      vertex 40.6667 253.94 57.2056
      vertex 40.6667 254.294 57.5595
    endloop
  endfacet
  facet normal 0 -0.707007 0.707207
    outer loop
      vertex 40.6667 253.94 57.2056
      vertex 32.6667 254.294 57.5595
      vertex 32.6667 253.94 57.2056
    endloop
  endfacet
  facet normal 0 -0.454449 0.890773
    outer loop
      vertex 32.6667 253.94 57.2056
      vertex 40.6667 253.537 57
      vertex 40.6667 253.94 57.2056
    endloop
  endfacet
  facet normal 0 -0.454449 0.890773
    outer loop
      vertex 40.6667 253.537 57
      vertex 32.6667 253.94 57.2056
      vertex 32.6667 253.537 57
    endloop
  endfacet
  facet normal 0 -0.89044 0.455101
    outer loop
      vertex 32.6667 254.294 57.5595
      vertex 40.6667 254.522 58.0056
      vertex 32.6667 254.522 58.0056
    endloop
  endfacet
  facet normal 0 -0.89044 0.455101
    outer loop
      vertex 40.6667 254.522 58.0056
      vertex 32.6667 254.294 57.5595
      vertex 40.6667 254.294 57.5595
    endloop
  endfacet
  facet normal 0 -0.707007 -0.707207
    outer loop
      vertex 32.6667 253.94 59.7944
      vertex 40.6667 254.294 59.4405
      vertex 40.6667 253.94 59.7944
    endloop
  endfacet
  facet normal -0 -0.707007 -0.707207
    outer loop
      vertex 40.6667 254.294 59.4405
      vertex 32.6667 253.94 59.7944
      vertex 32.6667 254.294 59.4405
    endloop
  endfacet
  facet normal 0 -0.89044 -0.455101
    outer loop
      vertex 32.6667 254.522 58.9944
      vertex 40.6667 254.294 59.4405
      vertex 32.6667 254.294 59.4405
    endloop
  endfacet
  facet normal 0 -0.89044 -0.455101
    outer loop
      vertex 40.6667 254.294 59.4405
      vertex 32.6667 254.522 58.9944
      vertex 40.6667 254.522 58.9944
    endloop
  endfacet
  facet normal 1 0 0
    outer loop
      vertex 32.6667 253 60
      vertex 32.6667 254.6 58.5
      vertex 32.6667 254.522 58.9944
    endloop
  endfacet
  facet normal 1 0 0
    outer loop
      vertex 32.6667 253 60
      vertex 32.6667 254.522 58.9944
      vertex 32.6667 254.294 59.4405
    endloop
  endfacet
  facet normal 1 0 0
    outer loop
      vertex 32.6667 253 57
      vertex 32.6667 254.6 58.5
      vertex 32.6667 253 60
    endloop
  endfacet
  facet normal 1 0 0
    outer loop
      vertex 32.6667 253 60
      vertex 32.6667 254.294 59.4405
      vertex 32.6667 253.94 59.7944
    endloop
  endfacet
  facet normal 1 0 0
    outer loop
      vertex 32.6667 254.6 58.5
      vertex 32.6667 253 57
      vertex 32.6667 254.522 58.0056
    endloop
  endfacet
  facet normal 1 -0 0
    outer loop
      vertex 32.6667 253 60
      vertex 32.6667 253.94 59.7944
      vertex 32.6667 253.537 60
    endloop
  endfacet
  facet normal 1 0 0
    outer loop
      vertex 32.6667 254.522 58.0056
      vertex 32.6667 253 57
      vertex 32.6667 254.294 57.5595
    endloop
  endfacet
  facet normal 1 0 0
    outer loop
      vertex 32.6667 254.294 57.5595
      vertex 32.6667 253 57
      vertex 32.6667 253.94 57.2056
    endloop
  endfacet
  facet normal 1 0 0
    outer loop
      vertex 32.6667 253.94 57.2056
      vertex 32.6667 253 57
      vertex 32.6667 253.537 57
    endloop
  endfacet
  facet normal 0 -0.987782 -0.155839
    outer loop
      vertex 32.6667 254.6 58.5
      vertex 40.6667 254.522 58.9944
      vertex 32.6667 254.522 58.9944
    endloop
  endfacet
  facet normal 0 -0.987782 -0.155839
    outer loop
      vertex 40.6667 254.522 58.9944
      vertex 32.6667 254.6 58.5
      vertex 40.6667 254.6 58.5
    endloop
  endfacet
  facet normal -1 0 0
    outer loop
      vertex 135.667 131 57
      vertex 135.667 253 60
      vertex 135.667 253 57
    endloop
  endfacet
  facet normal -1 -0 0
    outer loop
      vertex 135.667 253 60
      vertex 135.667 131 57
      vertex 135.667 131 60
    endloop
  endfacet
  facet normal 0 -1 0
    outer loop
      vertex 72.3333 253 57
      vertex 100 253 60
      vertex 72.3333 253 60
    endloop
  endfacet
  facet normal 0 -1 -0
    outer loop
      vertex 100 253 60
      vertex 72.3333 253 57
      vertex 100 253 57
    endloop
  endfacet
  facet normal 0 -1 0
    outer loop
      vertex 108 253 57
      vertex 135.667 253 60
      vertex 108 253 60
    endloop
  endfacet
  facet normal 0 -1 -0
    outer loop
      vertex 135.667 253 60
      vertex 108 253 57
      vertex 135.667 253 57
    endloop
  endfacet
  facet normal 0 1 -0
    outer loop
      vertex 135.667 131 57
      vertex 72.3333 131 60
      vertex 135.667 131 60
    endloop
  endfacet
  facet normal 0 1 0
    outer loop
      vertex 72.3333 131 60
      vertex 135.667 131 57
      vertex 72.3333 131 57
    endloop
  endfacet
  facet normal 1 -0 0
    outer loop
      vertex 72.3333 131 60
      vertex 72.3333 253 57
      vertex 72.3333 253 60
    endloop
  endfacet
  facet normal 1 0 0
    outer loop
      vertex 72.3333 253 57
      vertex 72.3333 131 60
      vertex 72.3333 131 57
    endloop
  endfacet
  facet normal -1 0 0
    outer loop
      vertex 108 253 57
      vertex 108 254.6 58.5
      vertex 108 254.522 58.0056
    endloop
  endfacet
  facet normal -1 0 0
    outer loop
      vertex 108 253 57
      vertex 108 254.522 58.0056
      vertex 108 254.294 57.5595
    endloop
  endfacet
  facet normal -1 0 0
    outer loop
      vertex 108 253 60
      vertex 108 254.6 58.5
      vertex 108 253 57
    endloop
  endfacet
  facet normal -1 0 0
    outer loop
      vertex 108 253 57
      vertex 108 254.294 57.5595
      vertex 108 253.94 57.2056
    endloop
  endfacet
  facet normal -1 0 0
    outer loop
      vertex 108 254.6 58.5
      vertex 108 253 60
      vertex 108 254.522 58.9944
    endloop
  endfacet
  facet normal -1 0 0
    outer loop
      vertex 108 253 57
      vertex 108 253.94 57.2056
      vertex 108 253.537 57
    endloop
  endfacet
  facet normal -1 0 0
    outer loop
      vertex 108 254.522 58.9944
      vertex 108 253 60
      vertex 108 254.294 59.4405
    endloop
  endfacet
  facet normal -1 0 0
    outer loop
      vertex 108 254.294 59.4405
      vertex 108 253 60
      vertex 108 253.94 59.7944
    endloop
  endfacet
  facet normal -1 0 0
    outer loop
      vertex 108 253.94 59.7944
      vertex 108 253 60
      vertex 108 253.537 60
    endloop
  endfacet
  facet normal 0 -0.987782 0.155839
    outer loop
      vertex 100 254.522 58.0056
      vertex 108 254.6 58.5
      vertex 100 254.6 58.5
    endloop
  endfacet
  facet normal 0 -0.987782 0.155839
    outer loop
      vertex 108 254.6 58.5
      vertex 100 254.522 58.0056
      vertex 108 254.522 58.0056
    endloop
  endfacet
  facet normal 0 -0.454449 -0.890773
    outer loop
      vertex 100 253.537 60
      vertex 108 253.94 59.7944
      vertex 108 253.537 60
    endloop
  endfacet
  facet normal -0 -0.454449 -0.890773
    outer loop
      vertex 108 253.94 59.7944
      vertex 100 253.537 60
      vertex 100 253.94 59.7944
    endloop
  endfacet
  facet normal 0 -0.707007 0.707207
    outer loop
      vertex 100 254.294 57.5595
      vertex 108 253.94 57.2056
      vertex 108 254.294 57.5595
    endloop
  endfacet
  facet normal 0 -0.707007 0.707207
    outer loop
      vertex 108 253.94 57.2056
      vertex 100 254.294 57.5595
      vertex 100 253.94 57.2056
    endloop
  endfacet
  facet normal 0 -0.454449 0.890773
    outer loop
      vertex 100 253.94 57.2056
      vertex 108 253.537 57
      vertex 108 253.94 57.2056
    endloop
  endfacet
  facet normal 0 -0.454449 0.890773
    outer loop
      vertex 108 253.537 57
      vertex 100 253.94 57.2056
      vertex 100 253.537 57
    endloop
  endfacet
  facet normal 0 -0.89044 0.455101
    outer loop
      vertex 100 254.294 57.5595
      vertex 108 254.522 58.0056
      vertex 100 254.522 58.0056
    endloop
  endfacet
  facet normal 0 -0.89044 0.455101
    outer loop
      vertex 108 254.522 58.0056
      vertex 100 254.294 57.5595
      vertex 108 254.294 57.5595
    endloop
  endfacet
  facet normal 0 -0.707007 -0.707207
    outer loop
      vertex 100 253.94 59.7944
      vertex 108 254.294 59.4405
      vertex 108 253.94 59.7944
    endloop
  endfacet
  facet normal -0 -0.707007 -0.707207
    outer loop
      vertex 108 254.294 59.4405
      vertex 100 253.94 59.7944
      vertex 100 254.294 59.4405
    endloop
  endfacet
  facet normal 0 -0.89044 -0.455101
    outer loop
      vertex 100 254.522 58.9944
      vertex 108 254.294 59.4405
      vertex 100 254.294 59.4405
    endloop
  endfacet
  facet normal 0 -0.89044 -0.455101
    outer loop
      vertex 108 254.294 59.4405
      vertex 100 254.522 58.9944
      vertex 108 254.522 58.9944
    endloop
  endfacet
  facet normal 1 0 0
    outer loop
      vertex 100 253 60
      vertex 100 254.6 58.5
      vertex 100 254.522 58.9944
    endloop
  endfacet
  facet normal 1 0 0
    outer loop
      vertex 100 253 60
      vertex 100 254.522 58.9944
      vertex 100 254.294 59.4405
    endloop
  endfacet
  facet normal 1 0 0
    outer loop
      vertex 100 253 57
      vertex 100 254.6 58.5
      vertex 100 253 60
    endloop
  endfacet
  facet normal 1 0 0
    outer loop
      vertex 100 253 60
      vertex 100 254.294 59.4405
      vertex 100 253.94 59.7944
    endloop
  endfacet
  facet normal 1 0 0
    outer loop
      vertex 100 254.6 58.5
      vertex 100 253 57
      vertex 100 254.522 58.0056
    endloop
  endfacet
  facet normal 1 -0 0
    outer loop
      vertex 100 253 60
      vertex 100 253.94 59.7944
      vertex 100 253.537 60
    endloop
  endfacet
  facet normal 1 0 0
    outer loop
      vertex 100 254.522 58.0056
      vertex 100 253 57
      vertex 100 254.294 57.5595
    endloop
  endfacet
  facet normal 1 0 0
    outer loop
      vertex 100 254.294 57.5595
      vertex 100 253 57
      vertex 100 253.94 57.2056
    endloop
  endfacet
  facet normal 1 0 0
    outer loop
      vertex 100 253.94 57.2056
      vertex 100 253 57
      vertex 100 253.537 57
    endloop
  endfacet
  facet normal 0 -0.987782 -0.155839
    outer loop
      vertex 100 254.6 58.5
      vertex 108 254.522 58.9944
      vertex 100 254.522 58.9944
    endloop
  endfacet
  facet normal 0 -0.987782 -0.155839
    outer loop
      vertex 108 254.522 58.9944
      vertex 100 254.6 58.5
      vertex 108 254.6 58.5
    endloop
  endfacet
  facet normal -1 0 0
    outer loop
      vertex 203 131 57
      vertex 203 253 60
      vertex 203 253 57
    endloop
  endfacet
  facet normal -1 -0 0
    outer loop
      vertex 203 253 60
      vertex 203 131 57
      vertex 203 131 60
    endloop
  endfacet
  facet normal 0 -1 0
    outer loop
      vertex 139.667 253 57
      vertex 167.333 253 60
      vertex 139.667 253 60
    endloop
  endfacet
  facet normal 0 -1 -0
    outer loop
      vertex 167.333 253 60
      vertex 139.667 253 57
      vertex 167.333 253 57
    endloop
  endfacet
  facet normal 0 -1 0
    outer loop
      vertex 175.333 253 57
      vertex 203 253 60
      vertex 175.333 253 60
    endloop
  endfacet
  facet normal 0 -1 -0
    outer loop
      vertex 203 253 60
      vertex 175.333 253 57
      vertex 203 253 57
    endloop
  endfacet
  facet normal 0 1 -0
    outer loop
      vertex 203 131 57
      vertex 139.667 131 60
      vertex 203 131 60
    endloop
  endfacet
  facet normal 0 1 0
    outer loop
      vertex 139.667 131 60
      vertex 203 131 57
      vertex 139.667 131 57
    endloop
  endfacet
  facet normal 1 -0 0
    outer loop
      vertex 139.667 131 60
      vertex 139.667 253 57
      vertex 139.667 253 60
    endloop
  endfacet
  facet normal 1 0 0
    outer loop
      vertex 139.667 253 57
      vertex 139.667 131 60
      vertex 139.667 131 57
    endloop
  endfacet
  facet normal -1 0 0
    outer loop
      vertex 175.333 253 57
      vertex 175.333 254.6 58.5
      vertex 175.333 254.522 58.0056
    endloop
  endfacet
  facet normal -1 0 0
    outer loop
      vertex 175.333 253 57
      vertex 175.333 254.522 58.0056
      vertex 175.333 254.294 57.5595
    endloop
  endfacet
  facet normal -1 0 0
    outer loop
      vertex 175.333 253 60
      vertex 175.333 254.6 58.5
      vertex 175.333 253 57
    endloop
  endfacet
  facet normal -1 0 0
    outer loop
      vertex 175.333 253 57
      vertex 175.333 254.294 57.5595
      vertex 175.333 253.94 57.2056
    endloop
  endfacet
  facet normal -1 0 0
    outer loop
      vertex 175.333 254.6 58.5
      vertex 175.333 253 60
      vertex 175.333 254.522 58.9944
    endloop
  endfacet
  facet normal -1 0 0
    outer loop
      vertex 175.333 253 57
      vertex 175.333 253.94 57.2056
      vertex 175.333 253.537 57
    endloop
  endfacet
  facet normal -1 0 0
    outer loop
      vertex 175.333 254.522 58.9944
      vertex 175.333 253 60
      vertex 175.333 254.294 59.4405
    endloop
  endfacet
  facet normal -1 0 0
    outer loop
      vertex 175.333 254.294 59.4405
      vertex 175.333 253 60
      vertex 175.333 253.94 59.7944
    endloop
  endfacet
  facet normal -1 0 0
    outer loop
      vertex 175.333 253.94 59.7944
      vertex 175.333 253 60
      vertex 175.333 253.537 60
    endloop
  endfacet
  facet normal 0 -0.987782 0.155839
    outer loop
      vertex 167.333 254.522 58.0056
      vertex 175.333 254.6 58.5
      vertex 167.333 254.6 58.5
    endloop
  endfacet
  facet normal 0 -0.987782 0.155839
    outer loop
      vertex 175.333 254.6 58.5
      vertex 167.333 254.522 58.0056
      vertex 175.333 254.522 58.0056
    endloop
  endfacet
  facet normal 1 0 0
    outer loop
      vertex 167.333 253 60
      vertex 167.333 254.6 58.5
      vertex 167.333 254.522 58.9944
    endloop
  endfacet
  facet normal 1 0 0
    outer loop
      vertex 167.333 253 60
      vertex 167.333 254.522 58.9944
      vertex 167.333 254.294 59.4405
    endloop
  endfacet
  facet normal 1 0 0
    outer loop
      vertex 167.333 253 57
      vertex 167.333 254.6 58.5
      vertex 167.333 253 60
    endloop
  endfacet
  facet normal 1 0 0
    outer loop
      vertex 167.333 253 60
      vertex 167.333 254.294 59.4405
      vertex 167.333 253.94 59.7944
    endloop
  endfacet
  facet normal 1 0 0
    outer loop
      vertex 167.333 254.6 58.5
      vertex 167.333 253 57
      vertex 167.333 254.522 58.0056
    endloop
  endfacet
  facet normal 1 -0 0
    outer loop
      vertex 167.333 253 60
      vertex 167.333 253.94 59.7944
      vertex 167.333 253.537 60
    endloop
  endfacet
  facet normal 1 0 0
    outer loop
      vertex 167.333 254.522 58.0056
      vertex 167.333 253 57
      vertex 167.333 254.294 57.5595
    endloop
  endfacet
  facet normal 1 0 0
    outer loop
      vertex 167.333 254.294 57.5595
      vertex 167.333 253 57
      vertex 167.333 253.94 57.2056
    endloop
  endfacet
  facet normal 1 0 0
    outer loop
      vertex 167.333 253.94 57.2056
      vertex 167.333 253 57
      vertex 167.333 253.537 57
    endloop
  endfacet
  facet normal 0 -0.454449 -0.890773
    outer loop
      vertex 167.333 253.537 60
      vertex 175.333 253.94 59.7944
      vertex 175.333 253.537 60
    endloop
  endfacet
  facet normal -0 -0.454449 -0.890773
    outer loop
      vertex 175.333 253.94 59.7944
      vertex 167.333 253.537 60
      vertex 167.333 253.94 59.7944
    endloop
  endfacet
  facet normal 0 -0.707007 0.707207
    outer loop
      vertex 167.333 254.294 57.5595
      vertex 175.333 253.94 57.2056
      vertex 175.333 254.294 57.5595
    endloop
  endfacet
  facet normal 0 -0.707007 0.707207
    outer loop
      vertex 175.333 253.94 57.2056
      vertex 167.333 254.294 57.5595
      vertex 167.333 253.94 57.2056
    endloop
  endfacet
  facet normal 0 -0.454449 0.890773
    outer loop
      vertex 167.333 253.94 57.2056
      vertex 175.333 253.537 57
      vertex 175.333 253.94 57.2056
    endloop
  endfacet
  facet normal 0 -0.454449 0.890773
    outer loop
      vertex 175.333 253.537 57
      vertex 167.333 253.94 57.2056
      vertex 167.333 253.537 57
    endloop
  endfacet
  facet normal 0 -0.89044 0.455101
    outer loop
      vertex 167.333 254.294 57.5595
      vertex 175.333 254.522 58.0056
      vertex 167.333 254.522 58.0056
    endloop
  endfacet
  facet normal 0 -0.89044 0.455101
    outer loop
      vertex 175.333 254.522 58.0056
      vertex 167.333 254.294 57.5595
      vertex 175.333 254.294 57.5595
    endloop
  endfacet
  facet normal 0 -0.707007 -0.707207
    outer loop
      vertex 167.333 253.94 59.7944
      vertex 175.333 254.294 59.4405
      vertex 175.333 253.94 59.7944
    endloop
  endfacet
  facet normal -0 -0.707007 -0.707207
    outer loop
      vertex 175.333 254.294 59.4405
      vertex 167.333 253.94 59.7944
      vertex 167.333 254.294 59.4405
    endloop
  endfacet
  facet normal 0 -0.89044 -0.455101
    outer loop
      vertex 167.333 254.522 58.9944
      vertex 175.333 254.294 59.4405
      vertex 167.333 254.294 59.4405
    endloop
  endfacet
  facet normal 0 -0.89044 -0.455101
    outer loop
      vertex 175.333 254.294 59.4405
      vertex 167.333 254.522 58.9944
      vertex 175.333 254.522 58.9944
    endloop
  endfacet
  facet normal 0 -0.987782 -0.155839
    outer loop
      vertex 167.333 254.6 58.5
      vertex 175.333 254.522 58.9944
      vertex 167.333 254.522 58.9944
    endloop
  endfacet
  facet normal 0 -0.987782 -0.155839
    outer loop
      vertex 175.333 254.522 58.9944
      vertex 167.333 254.6 58.5
      vertex 175.333 254.6 58.5
    endloop
  endfacet
  facet normal -1 0 0
    outer loop
      vertex 270.333 131 57
      vertex 270.333 253 60
      vertex 270.333 253 57
    endloop
  endfacet
  facet normal -1 -0 0
    outer loop
      vertex 270.333 253 60
      vertex 270.333 131 57
      vertex 270.333 131 60
    endloop
  endfacet
  facet normal 0 -1 0
    outer loop
      vertex 207 253 57
      vertex 234.667 253 60
      vertex 207 253 60
    endloop
  endfacet
  facet normal 0 -1 -0
    outer loop
      vertex 234.667 253 60
      vertex 207 253 57
      vertex 234.667 253 57
    endloop
  endfacet
  facet normal 0 -1 0
    outer loop
      vertex 242.667 253 57
      vertex 270.333 253 60
      vertex 242.667 253 60
    endloop
  endfacet
  facet normal 0 -1 -0
    outer loop
      vertex 270.333 253 60
      vertex 242.667 253 57
      vertex 270.333 253 57
    endloop
  endfacet
  facet normal 0 1 -0
    outer loop
      vertex 270.333 131 57
      vertex 207 131 60
      vertex 270.333 131 60
    endloop
  endfacet
  facet normal 0 1 0
    outer loop
      vertex 207 131 60
      vertex 270.333 131 57
      vertex 207 131 57
    endloop
  endfacet
  facet normal 1 -0 0
    outer loop
      vertex 207 131 60
      vertex 207 253 57
      vertex 207 253 60
    endloop
  endfacet
  facet normal 1 0 0
    outer loop
      vertex 207 253 57
      vertex 207 131 60
      vertex 207 131 57
    endloop
  endfacet
  facet normal -1 0 0
    outer loop
      vertex 242.667 253 57
      vertex 242.667 254.6 58.5
      vertex 242.667 254.522 58.0056
    endloop
  endfacet
  facet normal -1 0 0
    outer loop
      vertex 242.667 253 57
      vertex 242.667 254.522 58.0056
      vertex 242.667 254.294 57.5595
    endloop
  endfacet
  facet normal -1 0 0
    outer loop
      vertex 242.667 253 60
      vertex 242.667 254.6 58.5
      vertex 242.667 253 57
    endloop
  endfacet
  facet normal -1 0 0
    outer loop
      vertex 242.667 253 57
      vertex 242.667 254.294 57.5595
      vertex 242.667 253.94 57.2056
    endloop
  endfacet
  facet normal -1 0 0
    outer loop
      vertex 242.667 254.6 58.5
      vertex 242.667 253 60
      vertex 242.667 254.522 58.9944
    endloop
  endfacet
  facet normal -1 0 0
    outer loop
      vertex 242.667 253 57
      vertex 242.667 253.94 57.2056
      vertex 242.667 253.537 57
    endloop
  endfacet
  facet normal -1 0 0
    outer loop
      vertex 242.667 254.522 58.9944
      vertex 242.667 253 60
      vertex 242.667 254.294 59.4405
    endloop
  endfacet
  facet normal -1 0 0
    outer loop
      vertex 242.667 254.294 59.4405
      vertex 242.667 253 60
      vertex 242.667 253.94 59.7944
    endloop
  endfacet
  facet normal -1 0 0
    outer loop
      vertex 242.667 253.94 59.7944
      vertex 242.667 253 60
      vertex 242.667 253.537 60
    endloop
  endfacet
  facet normal 0 -0.987782 0.155839
    outer loop
      vertex 234.667 254.522 58.0056
      vertex 242.667 254.6 58.5
      vertex 234.667 254.6 58.5
    endloop
  endfacet
  facet normal 0 -0.987782 0.155839
    outer loop
      vertex 242.667 254.6 58.5
      vertex 234.667 254.522 58.0056
      vertex 242.667 254.522 58.0056
    endloop
  endfacet
  facet normal 1 0 0
    outer loop
      vertex 234.667 253 60
      vertex 234.667 254.6 58.5
      vertex 234.667 254.522 58.9944
    endloop
  endfacet
  facet normal 1 0 0
    outer loop
      vertex 234.667 253 60
      vertex 234.667 254.522 58.9944
      vertex 234.667 254.294 59.4405
    endloop
  endfacet
  facet normal 1 0 0
    outer loop
      vertex 234.667 253 57
      vertex 234.667 254.6 58.5
      vertex 234.667 253 60
    endloop
  endfacet
  facet normal 1 0 0
    outer loop
      vertex 234.667 253 60
      vertex 234.667 254.294 59.4405
      vertex 234.667 253.94 59.7944
    endloop
  endfacet
  facet normal 1 0 0
    outer loop
      vertex 234.667 254.6 58.5
      vertex 234.667 253 57
      vertex 234.667 254.522 58.0056
    endloop
  endfacet
  facet normal 1 -0 0
    outer loop
      vertex 234.667 253 60
      vertex 234.667 253.94 59.7944
      vertex 234.667 253.537 60
    endloop
  endfacet
  facet normal 1 0 0
    outer loop
      vertex 234.667 254.522 58.0056
      vertex 234.667 253 57
      vertex 234.667 254.294 57.5595
    endloop
  endfacet
  facet normal 1 0 0
    outer loop
      vertex 234.667 254.294 57.5595
      vertex 234.667 253 57
      vertex 234.667 253.94 57.2056
    endloop
  endfacet
  facet normal 1 0 0
    outer loop
      vertex 234.667 253.94 57.2056
      vertex 234.667 253 57
      vertex 234.667 253.537 57
    endloop
  endfacet
  facet normal 0 -0.454449 -0.890773
    outer loop
      vertex 234.667 253.537 60
      vertex 242.667 253.94 59.7944
      vertex 242.667 253.537 60
    endloop
  endfacet
  facet normal -0 -0.454449 -0.890773
    outer loop
      vertex 242.667 253.94 59.7944
      vertex 234.667 253.537 60
      vertex 234.667 253.94 59.7944
    endloop
  endfacet
  facet normal 0 -0.707007 0.707207
    outer loop
      vertex 234.667 254.294 57.5595
      vertex 242.667 253.94 57.2056
      vertex 242.667 254.294 57.5595
    endloop
  endfacet
  facet normal 0 -0.707007 0.707207
    outer loop
      vertex 242.667 253.94 57.2056
      vertex 234.667 254.294 57.5595
      vertex 234.667 253.94 57.2056
    endloop
  endfacet
  facet normal 0 -0.454449 0.890773
    outer loop
      vertex 234.667 253.94 57.2056
      vertex 242.667 253.537 57
      vertex 242.667 253.94 57.2056
    endloop
  endfacet
  facet normal 0 -0.454449 0.890773
    outer loop
      vertex 242.667 253.537 57
      vertex 234.667 253.94 57.2056
      vertex 234.667 253.537 57
    endloop
  endfacet
  facet normal 0 -0.89044 0.455101
    outer loop
      vertex 234.667 254.294 57.5595
      vertex 242.667 254.522 58.0056
      vertex 234.667 254.522 58.0056
    endloop
  endfacet
  facet normal 0 -0.89044 0.455101
    outer loop
      vertex 242.667 254.522 58.0056
      vertex 234.667 254.294 57.5595
      vertex 242.667 254.294 57.5595
    endloop
  endfacet
  facet normal 0 -0.707007 -0.707207
    outer loop
      vertex 234.667 253.94 59.7944
      vertex 242.667 254.294 59.4405
      vertex 242.667 253.94 59.7944
    endloop
  endfacet
  facet normal -0 -0.707007 -0.707207
    outer loop
      vertex 242.667 254.294 59.4405
      vertex 234.667 253.94 59.7944
      vertex 234.667 254.294 59.4405
    endloop
  endfacet
  facet normal 0 -0.89044 -0.455101
    outer loop
      vertex 234.667 254.522 58.9944
      vertex 242.667 254.294 59.4405
      vertex 234.667 254.294 59.4405
    endloop
  endfacet
  facet normal 0 -0.89044 -0.455101
    outer loop
      vertex 242.667 254.294 59.4405
      vertex 234.667 254.522 58.9944
      vertex 242.667 254.522 58.9944
    endloop
  endfacet
  facet normal 0 -0.987782 -0.155839
    outer loop
      vertex 234.667 254.6 58.5
      vertex 242.667 254.522 58.9944
      vertex 234.667 254.522 58.9944
    endloop
  endfacet
  facet normal 0 -0.987782 -0.155839
    outer loop
      vertex 242.667 254.522 58.9944
      vertex 234.667 254.6 58.5
      vertex 242.667 254.6 58.5
    endloop
  endfacet
  facet normal -1 0 0
    outer loop
      vertex 337.667 131 57
      vertex 337.667 253 60
      vertex 337.667 253 57
    endloop
  endfacet
  facet normal -1 -0 0
    outer loop
      vertex 337.667 253 60
      vertex 337.667 131 57
      vertex 337.667 131 60
    endloop
  endfacet
  facet normal 0 -1 0
    outer loop
      vertex 274.333 253 57
      vertex 302 253 60
      vertex 274.333 253 60
    endloop
  endfacet
  facet normal 0 -1 -0
    outer loop
      vertex 302 253 60
      vertex 274.333 253 57
      vertex 302 253 57
    endloop
  endfacet
  facet normal 0 -1 0
    outer loop
      vertex 310 253 57
      vertex 337.667 253 60
      vertex 310 253 60
    endloop
  endfacet
  facet normal 0 -1 -0
    outer loop
      vertex 337.667 253 60
      vertex 310 253 57
      vertex 337.667 253 57
    endloop
  endfacet
  facet normal 0 1 -0
    outer loop
      vertex 337.667 131 57
      vertex 274.333 131 60
      vertex 337.667 131 60
    endloop
  endfacet
  facet normal 0 1 0
    outer loop
      vertex 274.333 131 60
      vertex 337.667 131 57
      vertex 274.333 131 57
    endloop
  endfacet
  facet normal 1 -0 0
    outer loop
      vertex 274.333 131 60
      vertex 274.333 253 57
      vertex 274.333 253 60
    endloop
  endfacet
  facet normal 1 0 0
    outer loop
      vertex 274.333 253 57
      vertex 274.333 131 60
      vertex 274.333 131 57
    endloop
  endfacet
  facet normal 0 -0.707007 0.707207
    outer loop
      vertex 302 254.294 57.5595
      vertex 310 253.94 57.2056
      vertex 310 254.294 57.5595
    endloop
  endfacet
  facet normal 0 -0.707007 0.707207
    outer loop
      vertex 310 253.94 57.2056
      vertex 302 254.294 57.5595
      vertex 302 253.94 57.2056
    endloop
  endfacet
  facet normal 0 -0.987782 -0.155839
    outer loop
      vertex 302 254.6 58.5
      vertex 310 254.522 58.9944
      vertex 302 254.522 58.9944
    endloop
  endfacet
  facet normal 0 -0.987782 -0.155839
    outer loop
      vertex 310 254.522 58.9944
      vertex 302 254.6 58.5
      vertex 310 254.6 58.5
    endloop
  endfacet
  facet normal 0 -0.707007 -0.707207
    outer loop
      vertex 302 253.94 59.7944
      vertex 310 254.294 59.4405
      vertex 310 253.94 59.7944
    endloop
  endfacet
  facet normal -0 -0.707007 -0.707207
    outer loop
      vertex 310 254.294 59.4405
      vertex 302 253.94 59.7944
      vertex 302 254.294 59.4405
    endloop
  endfacet
  facet normal 0 -0.89044 -0.455101
    outer loop
      vertex 302 254.522 58.9944
      vertex 310 254.294 59.4405
      vertex 302 254.294 59.4405
    endloop
  endfacet
  facet normal 0 -0.89044 -0.455101
    outer loop
      vertex 310 254.294 59.4405
      vertex 302 254.522 58.9944
      vertex 310 254.522 58.9944
    endloop
  endfacet
  facet normal 0 -0.89044 0.455101
    outer loop
      vertex 302 254.294 57.5595
      vertex 310 254.522 58.0056
      vertex 302 254.522 58.0056
    endloop
  endfacet
  facet normal 0 -0.89044 0.455101
    outer loop
      vertex 310 254.522 58.0056
      vertex 302 254.294 57.5595
      vertex 310 254.294 57.5595
    endloop
  endfacet
  facet normal 0 -0.987782 0.155839
    outer loop
      vertex 302 254.522 58.0056
      vertex 310 254.6 58.5
      vertex 302 254.6 58.5
    endloop
  endfacet
  facet normal 0 -0.987782 0.155839
    outer loop
      vertex 310 254.6 58.5
      vertex 302 254.522 58.0056
      vertex 310 254.522 58.0056
    endloop
  endfacet
  facet normal 1 0 0
    outer loop
      vertex 302 253 60
      vertex 302 254.6 58.5
      vertex 302 254.522 58.9944
    endloop
  endfacet
  facet normal 1 0 0
    outer loop
      vertex 302 253 60
      vertex 302 254.522 58.9944
      vertex 302 254.294 59.4405
    endloop
  endfacet
  facet normal 1 0 0
    outer loop
      vertex 302 253 57
      vertex 302 254.6 58.5
      vertex 302 253 60
    endloop
  endfacet
  facet normal 1 0 0
    outer loop
      vertex 302 253 60
      vertex 302 254.294 59.4405
      vertex 302 253.94 59.7944
    endloop
  endfacet
  facet normal 1 0 0
    outer loop
      vertex 302 254.6 58.5
      vertex 302 253 57
      vertex 302 254.522 58.0056
    endloop
  endfacet
  facet normal 1 -0 0
    outer loop
      vertex 302 253 60
      vertex 302 253.94 59.7944
      vertex 302 253.537 60
    endloop
  endfacet
  facet normal 1 0 0
    outer loop
      vertex 302 254.522 58.0056
      vertex 302 253 57
      vertex 302 254.294 57.5595
    endloop
  endfacet
  facet normal 1 0 0
    outer loop
      vertex 302 254.294 57.5595
      vertex 302 253 57
      vertex 302 253.94 57.2056
    endloop
  endfacet
  facet normal 1 0 0
    outer loop
      vertex 302 253.94 57.2056
      vertex 302 253 57
      vertex 302 253.537 57
    endloop
  endfacet
  facet normal 0 -0.454449 -0.890773
    outer loop
      vertex 302 253.537 60
      vertex 310 253.94 59.7944
      vertex 310 253.537 60
    endloop
  endfacet
  facet normal -0 -0.454449 -0.890773
    outer loop
      vertex 310 253.94 59.7944
      vertex 302 253.537 60
      vertex 302 253.94 59.7944
    endloop
  endfacet
  facet normal 0 -0.454449 0.890773
    outer loop
      vertex 302 253.94 57.2056
      vertex 310 253.537 57
      vertex 310 253.94 57.2056
    endloop
  endfacet
  facet normal 0 -0.454449 0.890773
    outer loop
      vertex 310 253.537 57
      vertex 302 253.94 57.2056
      vertex 302 253.537 57
    endloop
  endfacet
  facet normal -1 0 0
    outer loop
      vertex 310 253 57
      vertex 310 254.6 58.5
      vertex 310 254.522 58.0056
    endloop
  endfacet
  facet normal -1 0 0
    outer loop
      vertex 310 253 57
      vertex 310 254.522 58.0056
      vertex 310 254.294 57.5595
    endloop
  endfacet
  facet normal -1 0 0
    outer loop
      vertex 310 253 60
      vertex 310 254.6 58.5
      vertex 310 253 57
    endloop
  endfacet
  facet normal -1 0 0
    outer loop
      vertex 310 253 57
      vertex 310 254.294 57.5595
      vertex 310 253.94 57.2056
    endloop
  endfacet
  facet normal -1 0 0
    outer loop
      vertex 310 254.6 58.5
      vertex 310 253 60
      vertex 310 254.522 58.9944
    endloop
  endfacet
  facet normal -1 0 0
    outer loop
      vertex 310 253 57
      vertex 310 253.94 57.2056
      vertex 310 253.537 57
    endloop
  endfacet
  facet normal -1 0 0
    outer loop
      vertex 310 254.522 58.9944
      vertex 310 253 60
      vertex 310 254.294 59.4405
    endloop
  endfacet
  facet normal -1 0 0
    outer loop
      vertex 310 254.294 59.4405
      vertex 310 253 60
      vertex 310 253.94 59.7944
    endloop
  endfacet
  facet normal -1 0 0
    outer loop
      vertex 310 253.94 59.7944
      vertex 310 253 60
      vertex 310 253.537 60
    endloop
  endfacet
  facet normal -1 0 0
    outer loop
      vertex 405 131 57
      vertex 405 253 60
      vertex 405 253 57
    endloop
  endfacet
  facet normal -1 -0 0
    outer loop
      vertex 405 253 60
      vertex 405 131 57
      vertex 405 131 60
    endloop
  endfacet
  facet normal 0 -1 0
    outer loop
      vertex 341.667 253 57
      vertex 369.333 253 60
      vertex 341.667 253 60
    endloop
  endfacet
  facet normal 0 -1 -0
    outer loop
      vertex 369.333 253 60
      vertex 341.667 253 57
      vertex 369.333 253 57
    endloop
  endfacet
  facet normal 0 -1 0
    outer loop
      vertex 377.333 253 57
      vertex 405 253 60
      vertex 377.333 253 60
    endloop
  endfacet
  facet normal 0 -1 -0
    outer loop
      vertex 405 253 60
      vertex 377.333 253 57
      vertex 405 253 57
    endloop
  endfacet
  facet normal 0 1 -0
    outer loop
      vertex 405 131 57
      vertex 341.667 131 60
      vertex 405 131 60
    endloop
  endfacet
  facet normal 0 1 0
    outer loop
      vertex 341.667 131 60
      vertex 405 131 57
      vertex 341.667 131 57
    endloop
  endfacet
  facet normal 1 -0 0
    outer loop
      vertex 341.667 131 60
      vertex 341.667 253 57
      vertex 341.667 253 60
    endloop
  endfacet
  facet normal 1 0 0
    outer loop
      vertex 341.667 253 57
      vertex 341.667 131 60
      vertex 341.667 131 57
    endloop
  endfacet
  facet normal 0 -0.987782 0.155839
    outer loop
      vertex 369.333 254.522 58.0056
      vertex 377.333 254.6 58.5
      vertex 369.333 254.6 58.5
    endloop
  endfacet
  facet normal 0 -0.987782 0.155839
    outer loop
      vertex 377.333 254.6 58.5
      vertex 369.333 254.522 58.0056
      vertex 377.333 254.522 58.0056
    endloop
  endfacet
  facet normal 1 0 0
    outer loop
      vertex 369.333 253 60
      vertex 369.333 254.6 58.5
      vertex 369.333 254.522 58.9944
    endloop
  endfacet
  facet normal 1 0 0
    outer loop
      vertex 369.333 253 60
      vertex 369.333 254.522 58.9944
      vertex 369.333 254.294 59.4405
    endloop
  endfacet
  facet normal 1 0 0
    outer loop
      vertex 369.333 253 57
      vertex 369.333 254.6 58.5
      vertex 369.333 253 60
    endloop
  endfacet
  facet normal 1 0 0
    outer loop
      vertex 369.333 253 60
      vertex 369.333 254.294 59.4405
      vertex 369.333 253.94 59.7944
    endloop
  endfacet
  facet normal 1 0 0
    outer loop
      vertex 369.333 254.6 58.5
      vertex 369.333 253 57
      vertex 369.333 254.522 58.0056
    endloop
  endfacet
  facet normal 1 -0 0
    outer loop
      vertex 369.333 253 60
      vertex 369.333 253.94 59.7944
      vertex 369.333 253.537 60
    endloop
  endfacet
  facet normal 1 0 0
    outer loop
      vertex 369.333 254.522 58.0056
      vertex 369.333 253 57
      vertex 369.333 254.294 57.5595
    endloop
  endfacet
  facet normal 1 0 0
    outer loop
      vertex 369.333 254.294 57.5595
      vertex 369.333 253 57
      vertex 369.333 253.94 57.2056
    endloop
  endfacet
  facet normal 1 0 0
    outer loop
      vertex 369.333 253.94 57.2056
      vertex 369.333 253 57
      vertex 369.333 253.537 57
    endloop
  endfacet
  facet normal 0 -0.454449 -0.890773
    outer loop
      vertex 369.333 253.537 60
      vertex 377.333 253.94 59.7944
      vertex 377.333 253.537 60
    endloop
  endfacet
  facet normal -0 -0.454449 -0.890773
    outer loop
      vertex 377.333 253.94 59.7944
      vertex 369.333 253.537 60
      vertex 369.333 253.94 59.7944
    endloop
  endfacet
  facet normal 0 -0.707007 0.707207
    outer loop
      vertex 369.333 254.294 57.5595
      vertex 377.333 253.94 57.2056
      vertex 377.333 254.294 57.5595
    endloop
  endfacet
  facet normal 0 -0.707007 0.707207
    outer loop
      vertex 377.333 253.94 57.2056
      vertex 369.333 254.294 57.5595
      vertex 369.333 253.94 57.2056
    endloop
  endfacet
  facet normal 0 -0.454449 0.890773
    outer loop
      vertex 369.333 253.94 57.2056
      vertex 377.333 253.537 57
      vertex 377.333 253.94 57.2056
    endloop
  endfacet
  facet normal 0 -0.454449 0.890773
    outer loop
      vertex 377.333 253.537 57
      vertex 369.333 253.94 57.2056
      vertex 369.333 253.537 57
    endloop
  endfacet
  facet normal 0 -0.89044 0.455101
    outer loop
      vertex 369.333 254.294 57.5595
      vertex 377.333 254.522 58.0056
      vertex 369.333 254.522 58.0056
    endloop
  endfacet
  facet normal 0 -0.89044 0.455101
    outer loop
      vertex 377.333 254.522 58.0056
      vertex 369.333 254.294 57.5595
      vertex 377.333 254.294 57.5595
    endloop
  endfacet
  facet normal 0 -0.707007 -0.707207
    outer loop
      vertex 369.333 253.94 59.7944
      vertex 377.333 254.294 59.4405
      vertex 377.333 253.94 59.7944
    endloop
  endfacet
  facet normal -0 -0.707007 -0.707207
    outer loop
      vertex 377.333 254.294 59.4405
      vertex 369.333 253.94 59.7944
      vertex 369.333 254.294 59.4405
    endloop
  endfacet
  facet normal 0 -0.89044 -0.455101
    outer loop
      vertex 369.333 254.522 58.9944
      vertex 377.333 254.294 59.4405
      vertex 369.333 254.294 59.4405
    endloop
  endfacet
  facet normal 0 -0.89044 -0.455101
    outer loop
      vertex 377.333 254.294 59.4405
      vertex 369.333 254.522 58.9944
      vertex 377.333 254.522 58.9944
    endloop
  endfacet
  facet normal 0 -0.987782 -0.155839
    outer loop
      vertex 369.333 254.6 58.5
      vertex 377.333 254.522 58.9944
      vertex 369.333 254.522 58.9944
    endloop
  endfacet
  facet normal 0 -0.987782 -0.155839
    outer loop
      vertex 377.333 254.522 58.9944
      vertex 369.333 254.6 58.5
      vertex 377.333 254.6 58.5
    endloop
  endfacet
  facet normal -1 0 0
    outer loop
      vertex 377.333 253 57
      vertex 377.333 254.6 58.5
      vertex 377.333 254.522 58.0056
    endloop
  endfacet
  facet normal -1 0 0
    outer loop
      vertex 377.333 253 57
      vertex 377.333 254.522 58.0056
      vertex 377.333 254.294 57.5595
    endloop
  endfacet
  facet normal -1 0 0
    outer loop
      vertex 377.333 253 60
      vertex 377.333 254.6 58.5
      vertex 377.333 253 57
    endloop
  endfacet
  facet normal -1 0 0
    outer loop
      vertex 377.333 253 57
      vertex 377.333 254.294 57.5595
      vertex 377.333 253.94 57.2056
    endloop
  endfacet
  facet normal -1 0 0
    outer loop
      vertex 377.333 254.6 58.5
      vertex 377.333 253 60
      vertex 377.333 254.522 58.9944
    endloop
  endfacet
  facet normal -1 0 0
    outer loop
      vertex 377.333 253 57
      vertex 377.333 253.94 57.2056
      vertex 377.333 253.537 57
    endloop
  endfacet
  facet normal -1 0 0
    outer loop
      vertex 377.333 254.522 58.9944
      vertex 377.333 253 60
      vertex 377.333 254.294 59.4405
    endloop
  endfacet
  facet normal -1 0 0
    outer loop
      vertex 377.333 254.294 59.4405
      vertex 377.333 253 60
      vertex 377.333 253.94 59.7944
    endloop
  endfacet
  facet normal -1 0 0
    outer loop
      vertex 377.333 253.94 59.7944
      vertex 377.333 253 60
      vertex 377.333 253.537 60
    endloop
  endfacet
  facet normal -1 0 0
    outer loop
      vertex 68.3333 257 57
      vertex 68.3333 379 60
      vertex 68.3333 379 57
    endloop
  endfacet
  facet normal -1 -0 0
    outer loop
      vertex 68.3333 379 60
      vertex 68.3333 257 57
      vertex 68.3333 257 60
    endloop
  endfacet
  facet normal 0 -1 0
    outer loop
      vertex 5 379 57
      vertex 32.6667 379 60
      vertex 5 379 60
    endloop
  endfacet
  facet normal 0 -1 -0
    outer loop
      vertex 32.6667 379 60
      vertex 5 379 57
      vertex 32.6667 379 57
    endloop
  endfacet
  facet normal 0 -1 0
    outer loop
      vertex 40.6667 379 57
      vertex 68.3333 379 60
      vertex 40.6667 379 60
    endloop
  endfacet
  facet normal 0 -1 -0
    outer loop
      vertex 68.3333 379 60
      vertex 40.6667 379 57
      vertex 68.3333 379 57
    endloop
  endfacet
  facet normal 0 1 -0
    outer loop
      vertex 68.3333 257 57
      vertex 5 257 60
      vertex 68.3333 257 60
    endloop
  endfacet
  facet normal 0 1 0
    outer loop
      vertex 5 257 60
      vertex 68.3333 257 57
      vertex 5 257 57
    endloop
  endfacet
  facet normal 1 -0 0
    outer loop
      vertex 5 257 60
      vertex 5 379 57
      vertex 5 379 60
    endloop
  endfacet
  facet normal 1 0 0
    outer loop
      vertex 5 379 57
      vertex 5 257 60
      vertex 5 257 57
    endloop
  endfacet
  facet normal 0 -0.987782 0.155839
    outer loop
      vertex 32.6667 380.522 58.0056
      vertex 40.6667 380.6 58.5
      vertex 32.6667 380.6 58.5
    endloop
  endfacet
  facet normal 0 -0.987782 0.155839
    outer loop
      vertex 40.6667 380.6 58.5
      vertex 32.6667 380.522 58.0056
      vertex 40.6667 380.522 58.0056
    endloop
  endfacet
  facet normal 1 0 0
    outer loop
      vertex 32.6667 379 60
      vertex 32.6667 380.6 58.5
      vertex 32.6667 380.522 58.9944
    endloop
  endfacet
  facet normal 1 0 0
    outer loop
      vertex 32.6667 379 60
      vertex 32.6667 380.522 58.9944
      vertex 32.6667 380.294 59.4405
    endloop
  endfacet
  facet normal 1 0 0
    outer loop
      vertex 32.6667 379 57
      vertex 32.6667 380.6 58.5
      vertex 32.6667 379 60
    endloop
  endfacet
  facet normal 1 0 0
    outer loop
      vertex 32.6667 379 60
      vertex 32.6667 380.294 59.4405
      vertex 32.6667 379.94 59.7944
    endloop
  endfacet
  facet normal 1 0 0
    outer loop
      vertex 32.6667 380.6 58.5
      vertex 32.6667 379 57
      vertex 32.6667 380.522 58.0056
    endloop
  endfacet
  facet normal 1 -0 0
    outer loop
      vertex 32.6667 379 60
      vertex 32.6667 379.94 59.7944
      vertex 32.6667 379.537 60
    endloop
  endfacet
  facet normal 1 0 0
    outer loop
      vertex 32.6667 380.522 58.0056
      vertex 32.6667 379 57
      vertex 32.6667 380.294 57.5595
    endloop
  endfacet
  facet normal 1 0 0
    outer loop
      vertex 32.6667 380.294 57.5595
      vertex 32.6667 379 57
      vertex 32.6667 379.94 57.2056
    endloop
  endfacet
  facet normal 1 0 0
    outer loop
      vertex 32.6667 379.94 57.2056
      vertex 32.6667 379 57
      vertex 32.6667 379.537 57
    endloop
  endfacet
  facet normal 0 -0.454449 -0.890773
    outer loop
      vertex 32.6667 379.537 60
      vertex 40.6667 379.94 59.7944
      vertex 40.6667 379.537 60
    endloop
  endfacet
  facet normal -0 -0.454449 -0.890773
    outer loop
      vertex 40.6667 379.94 59.7944
      vertex 32.6667 379.537 60
      vertex 32.6667 379.94 59.7944
    endloop
  endfacet
  facet normal -1 0 0
    outer loop
      vertex 40.6667 379 57
      vertex 40.6667 380.6 58.5
      vertex 40.6667 380.522 58.0056
    endloop
  endfacet
  facet normal -1 0 0
    outer loop
      vertex 40.6667 379 57
      vertex 40.6667 380.522 58.0056
      vertex 40.6667 380.294 57.5595
    endloop
  endfacet
  facet normal -1 0 0
    outer loop
      vertex 40.6667 379 60
      vertex 40.6667 380.6 58.5
      vertex 40.6667 379 57
    endloop
  endfacet
  facet normal -1 0 0
    outer loop
      vertex 40.6667 379 57
      vertex 40.6667 380.294 57.5595
      vertex 40.6667 379.94 57.2056
    endloop
  endfacet
  facet normal -1 0 0
    outer loop
      vertex 40.6667 380.6 58.5
      vertex 40.6667 379 60
      vertex 40.6667 380.522 58.9944
    endloop
  endfacet
  facet normal -1 0 0
    outer loop
      vertex 40.6667 379 57
      vertex 40.6667 379.94 57.2056
      vertex 40.6667 379.537 57
    endloop
  endfacet
  facet normal -1 0 0
    outer loop
      vertex 40.6667 380.522 58.9944
      vertex 40.6667 379 60
      vertex 40.6667 380.294 59.4405
    endloop
  endfacet
  facet normal -1 0 0
    outer loop
      vertex 40.6667 380.294 59.4405
      vertex 40.6667 379 60
      vertex 40.6667 379.94 59.7944
    endloop
  endfacet
  facet normal -1 0 0
    outer loop
      vertex 40.6667 379.94 59.7944
      vertex 40.6667 379 60
      vertex 40.6667 379.537 60
    endloop
  endfacet
  facet normal 0 -0.707007 0.707207
    outer loop
      vertex 32.6667 380.294 57.5595
      vertex 40.6667 379.94 57.2056
      vertex 40.6667 380.294 57.5595
    endloop
  endfacet
  facet normal 0 -0.707007 0.707207
    outer loop
      vertex 40.6667 379.94 57.2056
      vertex 32.6667 380.294 57.5595
      vertex 32.6667 379.94 57.2056
    endloop
  endfacet
  facet normal 0 -0.454449 0.890773
    outer loop
      vertex 32.6667 379.94 57.2056
      vertex 40.6667 379.537 57
      vertex 40.6667 379.94 57.2056
    endloop
  endfacet
  facet normal 0 -0.454449 0.890773
    outer loop
      vertex 40.6667 379.537 57
      vertex 32.6667 379.94 57.2056
      vertex 32.6667 379.537 57
    endloop
  endfacet
  facet normal 0 -0.89044 0.455101
    outer loop
      vertex 32.6667 380.294 57.5595
      vertex 40.6667 380.522 58.0056
      vertex 32.6667 380.522 58.0056
    endloop
  endfacet
  facet normal 0 -0.89044 0.455101
    outer loop
      vertex 40.6667 380.522 58.0056
      vertex 32.6667 380.294 57.5595
      vertex 40.6667 380.294 57.5595
    endloop
  endfacet
  facet normal 0 -0.707007 -0.707207
    outer loop
      vertex 32.6667 379.94 59.7944
      vertex 40.6667 380.294 59.4405
      vertex 40.6667 379.94 59.7944
    endloop
  endfacet
  facet normal -0 -0.707007 -0.707207
    outer loop
      vertex 40.6667 380.294 59.4405
      vertex 32.6667 379.94 59.7944
      vertex 32.6667 380.294 59.4405
    endloop
  endfacet
  facet normal 0 -0.89044 -0.455101
    outer loop
      vertex 32.6667 380.522 58.9944
      vertex 40.6667 380.294 59.4405
      vertex 32.6667 380.294 59.4405
    endloop
  endfacet
  facet normal 0 -0.89044 -0.455101
    outer loop
      vertex 40.6667 380.294 59.4405
      vertex 32.6667 380.522 58.9944
      vertex 40.6667 380.522 58.9944
    endloop
  endfacet
  facet normal 0 -0.987782 -0.155839
    outer loop
      vertex 32.6667 380.6 58.5
      vertex 40.6667 380.522 58.9944
      vertex 32.6667 380.522 58.9944
    endloop
  endfacet
  facet normal 0 -0.987782 -0.155839
    outer loop
      vertex 40.6667 380.522 58.9944
      vertex 32.6667 380.6 58.5
      vertex 40.6667 380.6 58.5
    endloop
  endfacet
  facet normal -1 0 0
    outer loop
      vertex 135.667 257 57
      vertex 135.667 379 60
      vertex 135.667 379 57
    endloop
  endfacet
  facet normal -1 -0 0
    outer loop
      vertex 135.667 379 60
      vertex 135.667 257 57
      vertex 135.667 257 60
    endloop
  endfacet
  facet normal 0 -1 0
    outer loop
      vertex 72.3333 379 57
      vertex 100 379 60
      vertex 72.3333 379 60
    endloop
  endfacet
  facet normal 0 -1 -0
    outer loop
      vertex 100 379 60
      vertex 72.3333 379 57
      vertex 100 379 57
    endloop
  endfacet
  facet normal 0 -1 0
    outer loop
      vertex 108 379 57
      vertex 135.667 379 60
      vertex 108 379 60
    endloop
  endfacet
  facet normal 0 -1 -0
    outer loop
      vertex 135.667 379 60
      vertex 108 379 57
      vertex 135.667 379 57
    endloop
  endfacet
  facet normal 0 1 -0
    outer loop
      vertex 135.667 257 57
      vertex 72.3333 257 60
      vertex 135.667 257 60
    endloop
  endfacet
  facet normal 0 1 0
    outer loop
      vertex 72.3333 257 60
      vertex 135.667 257 57
      vertex 72.3333 257 57
    endloop
  endfacet
  facet normal 1 -0 0
    outer loop
      vertex 72.3333 257 60
      vertex 72.3333 379 57
      vertex 72.3333 379 60
    endloop
  endfacet
  facet normal 1 0 0
    outer loop
      vertex 72.3333 379 57
      vertex 72.3333 257 60
      vertex 72.3333 257 57
    endloop
  endfacet
  facet normal -1 0 0
    outer loop
      vertex 108 379 57
      vertex 108 380.6 58.5
      vertex 108 380.522 58.0056
    endloop
  endfacet
  facet normal -1 0 0
    outer loop
      vertex 108 379 57
      vertex 108 380.522 58.0056
      vertex 108 380.294 57.5595
    endloop
  endfacet
  facet normal -1 0 0
    outer loop
      vertex 108 379 60
      vertex 108 380.6 58.5
      vertex 108 379 57
    endloop
  endfacet
  facet normal -1 0 0
    outer loop
      vertex 108 379 57
      vertex 108 380.294 57.5595
      vertex 108 379.94 57.2056
    endloop
  endfacet
  facet normal -1 0 0
    outer loop
      vertex 108 380.6 58.5
      vertex 108 379 60
      vertex 108 380.522 58.9944
    endloop
  endfacet
  facet normal -1 0 0
    outer loop
      vertex 108 379 57
      vertex 108 379.94 57.2056
      vertex 108 379.537 57
    endloop
  endfacet
  facet normal -1 0 0
    outer loop
      vertex 108 380.522 58.9944
      vertex 108 379 60
      vertex 108 380.294 59.4405
    endloop
  endfacet
  facet normal -1 0 0
    outer loop
      vertex 108 380.294 59.4405
      vertex 108 379 60
      vertex 108 379.94 59.7944
    endloop
  endfacet
  facet normal -1 0 0
    outer loop
      vertex 108 379.94 59.7944
      vertex 108 379 60
      vertex 108 379.537 60
    endloop
  endfacet
  facet normal 0 -0.987782 0.155839
    outer loop
      vertex 100 380.522 58.0056
      vertex 108 380.6 58.5
      vertex 100 380.6 58.5
    endloop
  endfacet
  facet normal 0 -0.987782 0.155839
    outer loop
      vertex 108 380.6 58.5
      vertex 100 380.522 58.0056
      vertex 108 380.522 58.0056
    endloop
  endfacet
  facet normal 1 0 0
    outer loop
      vertex 100 379 60
      vertex 100 380.6 58.5
      vertex 100 380.522 58.9944
    endloop
  endfacet
  facet normal 1 0 0
    outer loop
      vertex 100 379 60
      vertex 100 380.522 58.9944
      vertex 100 380.294 59.4405
    endloop
  endfacet
  facet normal 1 0 0
    outer loop
      vertex 100 379 57
      vertex 100 380.6 58.5
      vertex 100 379 60
    endloop
  endfacet
  facet normal 1 0 0
    outer loop
      vertex 100 379 60
      vertex 100 380.294 59.4405
      vertex 100 379.94 59.7944
    endloop
  endfacet
  facet normal 1 0 0
    outer loop
      vertex 100 380.6 58.5
      vertex 100 379 57
      vertex 100 380.522 58.0056
    endloop
  endfacet
  facet normal 1 -0 0
    outer loop
      vertex 100 379 60
      vertex 100 379.94 59.7944
      vertex 100 379.537 60
    endloop
  endfacet
  facet normal 1 0 0
    outer loop
      vertex 100 380.522 58.0056
      vertex 100 379 57
      vertex 100 380.294 57.5595
    endloop
  endfacet
  facet normal 1 0 0
    outer loop
      vertex 100 380.294 57.5595
      vertex 100 379 57
      vertex 100 379.94 57.2056
    endloop
  endfacet
  facet normal 1 0 0
    outer loop
      vertex 100 379.94 57.2056
      vertex 100 379 57
      vertex 100 379.537 57
    endloop
  endfacet
  facet normal 0 -0.454449 -0.890773
    outer loop
      vertex 100 379.537 60
      vertex 108 379.94 59.7944
      vertex 108 379.537 60
    endloop
  endfacet
  facet normal -0 -0.454449 -0.890773
    outer loop
      vertex 108 379.94 59.7944
      vertex 100 379.537 60
      vertex 100 379.94 59.7944
    endloop
  endfacet
  facet normal 0 -0.707007 0.707207
    outer loop
      vertex 100 380.294 57.5595
      vertex 108 379.94 57.2056
      vertex 108 380.294 57.5595
    endloop
  endfacet
  facet normal 0 -0.707007 0.707207
    outer loop
      vertex 108 379.94 57.2056
      vertex 100 380.294 57.5595
      vertex 100 379.94 57.2056
    endloop
  endfacet
  facet normal 0 -0.454449 0.890773
    outer loop
      vertex 100 379.94 57.2056
      vertex 108 379.537 57
      vertex 108 379.94 57.2056
    endloop
  endfacet
  facet normal 0 -0.454449 0.890773
    outer loop
      vertex 108 379.537 57
      vertex 100 379.94 57.2056
      vertex 100 379.537 57
    endloop
  endfacet
  facet normal 0 -0.89044 0.455101
    outer loop
      vertex 100 380.294 57.5595
      vertex 108 380.522 58.0056
      vertex 100 380.522 58.0056
    endloop
  endfacet
  facet normal 0 -0.89044 0.455101
    outer loop
      vertex 108 380.522 58.0056
      vertex 100 380.294 57.5595
      vertex 108 380.294 57.5595
    endloop
  endfacet
  facet normal 0 -0.707007 -0.707207
    outer loop
      vertex 100 379.94 59.7944
      vertex 108 380.294 59.4405
      vertex 108 379.94 59.7944
    endloop
  endfacet
  facet normal -0 -0.707007 -0.707207
    outer loop
      vertex 108 380.294 59.4405
      vertex 100 379.94 59.7944
      vertex 100 380.294 59.4405
    endloop
  endfacet
  facet normal 0 -0.89044 -0.455101
    outer loop
      vertex 100 380.522 58.9944
      vertex 108 380.294 59.4405
      vertex 100 380.294 59.4405
    endloop
  endfacet
  facet normal 0 -0.89044 -0.455101
    outer loop
      vertex 108 380.294 59.4405
      vertex 100 380.522 58.9944
      vertex 108 380.522 58.9944
    endloop
  endfacet
  facet normal 0 -0.987782 -0.155839
    outer loop
      vertex 100 380.6 58.5
      vertex 108 380.522 58.9944
      vertex 100 380.522 58.9944
    endloop
  endfacet
  facet normal 0 -0.987782 -0.155839
    outer loop
      vertex 108 380.522 58.9944
      vertex 100 380.6 58.5
      vertex 108 380.6 58.5
    endloop
  endfacet
  facet normal -1 0 0
    outer loop
      vertex 203 257 57
      vertex 203 379 60
      vertex 203 379 57
    endloop
  endfacet
  facet normal -1 -0 0
    outer loop
      vertex 203 379 60
      vertex 203 257 57
      vertex 203 257 60
    endloop
  endfacet
  facet normal 0 -1 0
    outer loop
      vertex 139.667 379 57
      vertex 167.333 379 60
      vertex 139.667 379 60
    endloop
  endfacet
  facet normal 0 -1 -0
    outer loop
      vertex 167.333 379 60
      vertex 139.667 379 57
      vertex 167.333 379 57
    endloop
  endfacet
  facet normal 0 -1 0
    outer loop
      vertex 175.333 379 57
      vertex 203 379 60
      vertex 175.333 379 60
    endloop
  endfacet
  facet normal 0 -1 -0
    outer loop
      vertex 203 379 60
      vertex 175.333 379 57
      vertex 203 379 57
    endloop
  endfacet
  facet normal 0 1 -0
    outer loop
      vertex 203 257 57
      vertex 139.667 257 60
      vertex 203 257 60
    endloop
  endfacet
  facet normal 0 1 0
    outer loop
      vertex 139.667 257 60
      vertex 203 257 57
      vertex 139.667 257 57
    endloop
  endfacet
  facet normal 1 -0 0
    outer loop
      vertex 139.667 257 60
      vertex 139.667 379 57
      vertex 139.667 379 60
    endloop
  endfacet
  facet normal 1 0 0
    outer loop
      vertex 139.667 379 57
      vertex 139.667 257 60
      vertex 139.667 257 57
    endloop
  endfacet
  facet normal 0 -0.987782 0.155839
    outer loop
      vertex 167.333 380.522 58.0056
      vertex 175.333 380.6 58.5
      vertex 167.333 380.6 58.5
    endloop
  endfacet
  facet normal 0 -0.987782 0.155839
    outer loop
      vertex 175.333 380.6 58.5
      vertex 167.333 380.522 58.0056
      vertex 175.333 380.522 58.0056
    endloop
  endfacet
  facet normal 1 0 0
    outer loop
      vertex 167.333 379 60
      vertex 167.333 380.6 58.5
      vertex 167.333 380.522 58.9944
    endloop
  endfacet
  facet normal 1 0 0
    outer loop
      vertex 167.333 379 60
      vertex 167.333 380.522 58.9944
      vertex 167.333 380.294 59.4405
    endloop
  endfacet
  facet normal 1 0 0
    outer loop
      vertex 167.333 379 57
      vertex 167.333 380.6 58.5
      vertex 167.333 379 60
    endloop
  endfacet
  facet normal 1 0 0
    outer loop
      vertex 167.333 379 60
      vertex 167.333 380.294 59.4405
      vertex 167.333 379.94 59.7944
    endloop
  endfacet
  facet normal 1 0 0
    outer loop
      vertex 167.333 380.6 58.5
      vertex 167.333 379 57
      vertex 167.333 380.522 58.0056
    endloop
  endfacet
  facet normal 1 -0 0
    outer loop
      vertex 167.333 379 60
      vertex 167.333 379.94 59.7944
      vertex 167.333 379.537 60
    endloop
  endfacet
  facet normal 1 0 0
    outer loop
      vertex 167.333 380.522 58.0056
      vertex 167.333 379 57
      vertex 167.333 380.294 57.5595
    endloop
  endfacet
  facet normal 1 0 0
    outer loop
      vertex 167.333 380.294 57.5595
      vertex 167.333 379 57
      vertex 167.333 379.94 57.2056
    endloop
  endfacet
  facet normal 1 0 0
    outer loop
      vertex 167.333 379.94 57.2056
      vertex 167.333 379 57
      vertex 167.333 379.537 57
    endloop
  endfacet
  facet normal 0 -0.454449 -0.890773
    outer loop
      vertex 167.333 379.537 60
      vertex 175.333 379.94 59.7944
      vertex 175.333 379.537 60
    endloop
  endfacet
  facet normal -0 -0.454449 -0.890773
    outer loop
      vertex 175.333 379.94 59.7944
      vertex 167.333 379.537 60
      vertex 167.333 379.94 59.7944
    endloop
  endfacet
  facet normal -1 0 0
    outer loop
      vertex 175.333 379 57
      vertex 175.333 380.6 58.5
      vertex 175.333 380.522 58.0056
    endloop
  endfacet
  facet normal -1 0 0
    outer loop
      vertex 175.333 379 57
      vertex 175.333 380.522 58.0056
      vertex 175.333 380.294 57.5595
    endloop
  endfacet
  facet normal -1 0 0
    outer loop
      vertex 175.333 379 60
      vertex 175.333 380.6 58.5
      vertex 175.333 379 57
    endloop
  endfacet
  facet normal -1 0 0
    outer loop
      vertex 175.333 379 57
      vertex 175.333 380.294 57.5595
      vertex 175.333 379.94 57.2056
    endloop
  endfacet
  facet normal -1 0 0
    outer loop
      vertex 175.333 380.6 58.5
      vertex 175.333 379 60
      vertex 175.333 380.522 58.9944
    endloop
  endfacet
  facet normal -1 0 0
    outer loop
      vertex 175.333 379 57
      vertex 175.333 379.94 57.2056
      vertex 175.333 379.537 57
    endloop
  endfacet
  facet normal -1 0 0
    outer loop
      vertex 175.333 380.522 58.9944
      vertex 175.333 379 60
      vertex 175.333 380.294 59.4405
    endloop
  endfacet
  facet normal -1 0 0
    outer loop
      vertex 175.333 380.294 59.4405
      vertex 175.333 379 60
      vertex 175.333 379.94 59.7944
    endloop
  endfacet
  facet normal -1 0 0
    outer loop
      vertex 175.333 379.94 59.7944
      vertex 175.333 379 60
      vertex 175.333 379.537 60
    endloop
  endfacet
  facet normal 0 -0.707007 0.707207
    outer loop
      vertex 167.333 380.294 57.5595
      vertex 175.333 379.94 57.2056
      vertex 175.333 380.294 57.5595
    endloop
  endfacet
  facet normal 0 -0.707007 0.707207
    outer loop
      vertex 175.333 379.94 57.2056
      vertex 167.333 380.294 57.5595
      vertex 167.333 379.94 57.2056
    endloop
  endfacet
  facet normal 0 -0.454449 0.890773
    outer loop
      vertex 167.333 379.94 57.2056
      vertex 175.333 379.537 57
      vertex 175.333 379.94 57.2056
    endloop
  endfacet
  facet normal 0 -0.454449 0.890773
    outer loop
      vertex 175.333 379.537 57
      vertex 167.333 379.94 57.2056
      vertex 167.333 379.537 57
    endloop
  endfacet
  facet normal 0 -0.89044 0.455101
    outer loop
      vertex 167.333 380.294 57.5595
      vertex 175.333 380.522 58.0056
      vertex 167.333 380.522 58.0056
    endloop
  endfacet
  facet normal 0 -0.89044 0.455101
    outer loop
      vertex 175.333 380.522 58.0056
      vertex 167.333 380.294 57.5595
      vertex 175.333 380.294 57.5595
    endloop
  endfacet
  facet normal 0 -0.707007 -0.707207
    outer loop
      vertex 167.333 379.94 59.7944
      vertex 175.333 380.294 59.4405
      vertex 175.333 379.94 59.7944
    endloop
  endfacet
  facet normal -0 -0.707007 -0.707207
    outer loop
      vertex 175.333 380.294 59.4405
      vertex 167.333 379.94 59.7944
      vertex 167.333 380.294 59.4405
    endloop
  endfacet
  facet normal 0 -0.89044 -0.455101
    outer loop
      vertex 167.333 380.522 58.9944
      vertex 175.333 380.294 59.4405
      vertex 167.333 380.294 59.4405
    endloop
  endfacet
  facet normal 0 -0.89044 -0.455101
    outer loop
      vertex 175.333 380.294 59.4405
      vertex 167.333 380.522 58.9944
      vertex 175.333 380.522 58.9944
    endloop
  endfacet
  facet normal 0 -0.987782 -0.155839
    outer loop
      vertex 167.333 380.6 58.5
      vertex 175.333 380.522 58.9944
      vertex 167.333 380.522 58.9944
    endloop
  endfacet
  facet normal 0 -0.987782 -0.155839
    outer loop
      vertex 175.333 380.522 58.9944
      vertex 167.333 380.6 58.5
      vertex 175.333 380.6 58.5
    endloop
  endfacet
  facet normal -1 0 0
    outer loop
      vertex 270.333 257 57
      vertex 270.333 379 60
      vertex 270.333 379 57
    endloop
  endfacet
  facet normal -1 -0 0
    outer loop
      vertex 270.333 379 60
      vertex 270.333 257 57
      vertex 270.333 257 60
    endloop
  endfacet
  facet normal 0 -1 0
    outer loop
      vertex 207 379 57
      vertex 234.667 379 60
      vertex 207 379 60
    endloop
  endfacet
  facet normal 0 -1 -0
    outer loop
      vertex 234.667 379 60
      vertex 207 379 57
      vertex 234.667 379 57
    endloop
  endfacet
  facet normal 0 -1 0
    outer loop
      vertex 242.667 379 57
      vertex 270.333 379 60
      vertex 242.667 379 60
    endloop
  endfacet
  facet normal 0 -1 -0
    outer loop
      vertex 270.333 379 60
      vertex 242.667 379 57
      vertex 270.333 379 57
    endloop
  endfacet
  facet normal 0 1 -0
    outer loop
      vertex 270.333 257 57
      vertex 207 257 60
      vertex 270.333 257 60
    endloop
  endfacet
  facet normal 0 1 0
    outer loop
      vertex 207 257 60
      vertex 270.333 257 57
      vertex 207 257 57
    endloop
  endfacet
  facet normal 1 -0 0
    outer loop
      vertex 207 257 60
      vertex 207 379 57
      vertex 207 379 60
    endloop
  endfacet
  facet normal 1 0 0
    outer loop
      vertex 207 379 57
      vertex 207 257 60
      vertex 207 257 57
    endloop
  endfacet
  facet normal -1 0 0
    outer loop
      vertex 242.667 379 57
      vertex 242.667 380.6 58.5
      vertex 242.667 380.522 58.0056
    endloop
  endfacet
  facet normal -1 0 0
    outer loop
      vertex 242.667 379 57
      vertex 242.667 380.522 58.0056
      vertex 242.667 380.294 57.5595
    endloop
  endfacet
  facet normal -1 0 0
    outer loop
      vertex 242.667 379 60
      vertex 242.667 380.6 58.5
      vertex 242.667 379 57
    endloop
  endfacet
  facet normal -1 0 0
    outer loop
      vertex 242.667 379 57
      vertex 242.667 380.294 57.5595
      vertex 242.667 379.94 57.2056
    endloop
  endfacet
  facet normal -1 0 0
    outer loop
      vertex 242.667 380.6 58.5
      vertex 242.667 379 60
      vertex 242.667 380.522 58.9944
    endloop
  endfacet
  facet normal -1 0 0
    outer loop
      vertex 242.667 379 57
      vertex 242.667 379.94 57.2056
      vertex 242.667 379.537 57
    endloop
  endfacet
  facet normal -1 0 0
    outer loop
      vertex 242.667 380.522 58.9944
      vertex 242.667 379 60
      vertex 242.667 380.294 59.4405
    endloop
  endfacet
  facet normal -1 0 0
    outer loop
      vertex 242.667 380.294 59.4405
      vertex 242.667 379 60
      vertex 242.667 379.94 59.7944
    endloop
  endfacet
  facet normal -1 0 0
    outer loop
      vertex 242.667 379.94 59.7944
      vertex 242.667 379 60
      vertex 242.667 379.537 60
    endloop
  endfacet
  facet normal 0 -0.987782 0.155839
    outer loop
      vertex 234.667 380.522 58.0056
      vertex 242.667 380.6 58.5
      vertex 234.667 380.6 58.5
    endloop
  endfacet
  facet normal 0 -0.987782 0.155839
    outer loop
      vertex 242.667 380.6 58.5
      vertex 234.667 380.522 58.0056
      vertex 242.667 380.522 58.0056
    endloop
  endfacet
  facet normal 1 0 0
    outer loop
      vertex 234.667 379 60
      vertex 234.667 380.6 58.5
      vertex 234.667 380.522 58.9944
    endloop
  endfacet
  facet normal 1 0 0
    outer loop
      vertex 234.667 379 60
      vertex 234.667 380.522 58.9944
      vertex 234.667 380.294 59.4405
    endloop
  endfacet
  facet normal 1 0 0
    outer loop
      vertex 234.667 379 57
      vertex 234.667 380.6 58.5
      vertex 234.667 379 60
    endloop
  endfacet
  facet normal 1 0 0
    outer loop
      vertex 234.667 379 60
      vertex 234.667 380.294 59.4405
      vertex 234.667 379.94 59.7944
    endloop
  endfacet
  facet normal 1 0 0
    outer loop
      vertex 234.667 380.6 58.5
      vertex 234.667 379 57
      vertex 234.667 380.522 58.0056
    endloop
  endfacet
  facet normal 1 -0 0
    outer loop
      vertex 234.667 379 60
      vertex 234.667 379.94 59.7944
      vertex 234.667 379.537 60
    endloop
  endfacet
  facet normal 1 0 0
    outer loop
      vertex 234.667 380.522 58.0056
      vertex 234.667 379 57
      vertex 234.667 380.294 57.5595
    endloop
  endfacet
  facet normal 1 0 0
    outer loop
      vertex 234.667 380.294 57.5595
      vertex 234.667 379 57
      vertex 234.667 379.94 57.2056
    endloop
  endfacet
  facet normal 1 0 0
    outer loop
      vertex 234.667 379.94 57.2056
      vertex 234.667 379 57
      vertex 234.667 379.537 57
    endloop
  endfacet
  facet normal 0 -0.454449 -0.890773
    outer loop
      vertex 234.667 379.537 60
      vertex 242.667 379.94 59.7944
      vertex 242.667 379.537 60
    endloop
  endfacet
  facet normal -0 -0.454449 -0.890773
    outer loop
      vertex 242.667 379.94 59.7944
      vertex 234.667 379.537 60
      vertex 234.667 379.94 59.7944
    endloop
  endfacet
  facet normal 0 -0.707007 0.707207
    outer loop
      vertex 234.667 380.294 57.5595
      vertex 242.667 379.94 57.2056
      vertex 242.667 380.294 57.5595
    endloop
  endfacet
  facet normal 0 -0.707007 0.707207
    outer loop
      vertex 242.667 379.94 57.2056
      vertex 234.667 380.294 57.5595
      vertex 234.667 379.94 57.2056
    endloop
  endfacet
  facet normal 0 -0.454449 0.890773
    outer loop
      vertex 234.667 379.94 57.2056
      vertex 242.667 379.537 57
      vertex 242.667 379.94 57.2056
    endloop
  endfacet
  facet normal 0 -0.454449 0.890773
    outer loop
      vertex 242.667 379.537 57
      vertex 234.667 379.94 57.2056
      vertex 234.667 379.537 57
    endloop
  endfacet
  facet normal 0 -0.89044 0.455101
    outer loop
      vertex 234.667 380.294 57.5595
      vertex 242.667 380.522 58.0056
      vertex 234.667 380.522 58.0056
    endloop
  endfacet
  facet normal 0 -0.89044 0.455101
    outer loop
      vertex 242.667 380.522 58.0056
      vertex 234.667 380.294 57.5595
      vertex 242.667 380.294 57.5595
    endloop
  endfacet
  facet normal 0 -0.707007 -0.707207
    outer loop
      vertex 234.667 379.94 59.7944
      vertex 242.667 380.294 59.4405
      vertex 242.667 379.94 59.7944
    endloop
  endfacet
  facet normal -0 -0.707007 -0.707207
    outer loop
      vertex 242.667 380.294 59.4405
      vertex 234.667 379.94 59.7944
      vertex 234.667 380.294 59.4405
    endloop
  endfacet
  facet normal 0 -0.89044 -0.455101
    outer loop
      vertex 234.667 380.522 58.9944
      vertex 242.667 380.294 59.4405
      vertex 234.667 380.294 59.4405
    endloop
  endfacet
  facet normal 0 -0.89044 -0.455101
    outer loop
      vertex 242.667 380.294 59.4405
      vertex 234.667 380.522 58.9944
      vertex 242.667 380.522 58.9944
    endloop
  endfacet
  facet normal 0 -0.987782 -0.155839
    outer loop
      vertex 234.667 380.6 58.5
      vertex 242.667 380.522 58.9944
      vertex 234.667 380.522 58.9944
    endloop
  endfacet
  facet normal 0 -0.987782 -0.155839
    outer loop
      vertex 242.667 380.522 58.9944
      vertex 234.667 380.6 58.5
      vertex 242.667 380.6 58.5
    endloop
  endfacet
  facet normal -1 0 0
    outer loop
      vertex 337.667 257 57
      vertex 337.667 379 60
      vertex 337.667 379 57
    endloop
  endfacet
  facet normal -1 -0 0
    outer loop
      vertex 337.667 379 60
      vertex 337.667 257 57
      vertex 337.667 257 60
    endloop
  endfacet
  facet normal 0 -1 0
    outer loop
      vertex 274.333 379 57
      vertex 302 379 60
      vertex 274.333 379 60
    endloop
  endfacet
  facet normal 0 -1 -0
    outer loop
      vertex 302 379 60
      vertex 274.333 379 57
      vertex 302 379 57
    endloop
  endfacet
  facet normal 0 -1 0
    outer loop
      vertex 310 379 57
      vertex 337.667 379 60
      vertex 310 379 60
    endloop
  endfacet
  facet normal 0 -1 -0
    outer loop
      vertex 337.667 379 60
      vertex 310 379 57
      vertex 337.667 379 57
    endloop
  endfacet
  facet normal 0 1 -0
    outer loop
      vertex 337.667 257 57
      vertex 274.333 257 60
      vertex 337.667 257 60
    endloop
  endfacet
  facet normal 0 1 0
    outer loop
      vertex 274.333 257 60
      vertex 337.667 257 57
      vertex 274.333 257 57
    endloop
  endfacet
  facet normal 1 -0 0
    outer loop
      vertex 274.333 257 60
      vertex 274.333 379 57
      vertex 274.333 379 60
    endloop
  endfacet
  facet normal 1 0 0
    outer loop
      vertex 274.333 379 57
      vertex 274.333 257 60
      vertex 274.333 257 57
    endloop
  endfacet
  facet normal 0 -0.987782 0.155839
    outer loop
      vertex 302 380.522 58.0056
      vertex 310 380.6 58.5
      vertex 302 380.6 58.5
    endloop
  endfacet
  facet normal 0 -0.987782 0.155839
    outer loop
      vertex 310 380.6 58.5
      vertex 302 380.522 58.0056
      vertex 310 380.522 58.0056
    endloop
  endfacet
  facet normal 0 -0.454449 -0.890773
    outer loop
      vertex 302 379.537 60
      vertex 310 379.94 59.7944
      vertex 310 379.537 60
    endloop
  endfacet
  facet normal -0 -0.454449 -0.890773
    outer loop
      vertex 310 379.94 59.7944
      vertex 302 379.537 60
      vertex 302 379.94 59.7944
    endloop
  endfacet
  facet normal 0 -0.707007 0.707207
    outer loop
      vertex 302 380.294 57.5595
      vertex 310 379.94 57.2056
      vertex 310 380.294 57.5595
    endloop
  endfacet
  facet normal 0 -0.707007 0.707207
    outer loop
      vertex 310 379.94 57.2056
      vertex 302 380.294 57.5595
      vertex 302 379.94 57.2056
    endloop
  endfacet
  facet normal 0 -0.454449 0.890773
    outer loop
      vertex 302 379.94 57.2056
      vertex 310 379.537 57
      vertex 310 379.94 57.2056
    endloop
  endfacet
  facet normal 0 -0.454449 0.890773
    outer loop
      vertex 310 379.537 57
      vertex 302 379.94 57.2056
      vertex 302 379.537 57
    endloop
  endfacet
  facet normal 0 -0.89044 0.455101
    outer loop
      vertex 302 380.294 57.5595
      vertex 310 380.522 58.0056
      vertex 302 380.522 58.0056
    endloop
  endfacet
  facet normal 0 -0.89044 0.455101
    outer loop
      vertex 310 380.522 58.0056
      vertex 302 380.294 57.5595
      vertex 310 380.294 57.5595
    endloop
  endfacet
  facet normal 0 -0.707007 -0.707207
    outer loop
      vertex 302 379.94 59.7944
      vertex 310 380.294 59.4405
      vertex 310 379.94 59.7944
    endloop
  endfacet
  facet normal -0 -0.707007 -0.707207
    outer loop
      vertex 310 380.294 59.4405
      vertex 302 379.94 59.7944
      vertex 302 380.294 59.4405
    endloop
  endfacet
  facet normal 1 0 0
    outer loop
      vertex 302 379 60
      vertex 302 380.6 58.5
      vertex 302 380.522 58.9944
    endloop
  endfacet
  facet normal 1 0 0
    outer loop
      vertex 302 379 60
      vertex 302 380.522 58.9944
      vertex 302 380.294 59.4405
    endloop
  endfacet
  facet normal 1 0 0
    outer loop
      vertex 302 379 57
      vertex 302 380.6 58.5
      vertex 302 379 60
    endloop
  endfacet
  facet normal 1 0 0
    outer loop
      vertex 302 379 60
      vertex 302 380.294 59.4405
      vertex 302 379.94 59.7944
    endloop
  endfacet
  facet normal 1 0 0
    outer loop
      vertex 302 380.6 58.5
      vertex 302 379 57
      vertex 302 380.522 58.0056
    endloop
  endfacet
  facet normal 1 -0 0
    outer loop
      vertex 302 379 60
      vertex 302 379.94 59.7944
      vertex 302 379.537 60
    endloop
  endfacet
  facet normal 1 0 0
    outer loop
      vertex 302 380.522 58.0056
      vertex 302 379 57
      vertex 302 380.294 57.5595
    endloop
  endfacet
  facet normal 1 0 0
    outer loop
      vertex 302 380.294 57.5595
      vertex 302 379 57
      vertex 302 379.94 57.2056
    endloop
  endfacet
  facet normal 1 0 0
    outer loop
      vertex 302 379.94 57.2056
      vertex 302 379 57
      vertex 302 379.537 57
    endloop
  endfacet
  facet normal 0 -0.89044 -0.455101
    outer loop
      vertex 302 380.522 58.9944
      vertex 310 380.294 59.4405
      vertex 302 380.294 59.4405
    endloop
  endfacet
  facet normal 0 -0.89044 -0.455101
    outer loop
      vertex 310 380.294 59.4405
      vertex 302 380.522 58.9944
      vertex 310 380.522 58.9944
    endloop
  endfacet
  facet normal 0 -0.987782 -0.155839
    outer loop
      vertex 302 380.6 58.5
      vertex 310 380.522 58.9944
      vertex 302 380.522 58.9944
    endloop
  endfacet
  facet normal 0 -0.987782 -0.155839
    outer loop
      vertex 310 380.522 58.9944
      vertex 302 380.6 58.5
      vertex 310 380.6 58.5
    endloop
  endfacet
  facet normal -1 0 0
    outer loop
      vertex 310 379 57
      vertex 310 380.6 58.5
      vertex 310 380.522 58.0056
    endloop
  endfacet
  facet normal -1 0 0
    outer loop
      vertex 310 379 57
      vertex 310 380.522 58.0056
      vertex 310 380.294 57.5595
    endloop
  endfacet
  facet normal -1 0 0
    outer loop
      vertex 310 379 60
      vertex 310 380.6 58.5
      vertex 310 379 57
    endloop
  endfacet
  facet normal -1 0 0
    outer loop
      vertex 310 379 57
      vertex 310 380.294 57.5595
      vertex 310 379.94 57.2056
    endloop
  endfacet
  facet normal -1 0 0
    outer loop
      vertex 310 380.6 58.5
      vertex 310 379 60
      vertex 310 380.522 58.9944
    endloop
  endfacet
  facet normal -1 0 0
    outer loop
      vertex 310 379 57
      vertex 310 379.94 57.2056
      vertex 310 379.537 57
    endloop
  endfacet
  facet normal -1 0 0
    outer loop
      vertex 310 380.522 58.9944
      vertex 310 379 60
      vertex 310 380.294 59.4405
    endloop
  endfacet
  facet normal -1 0 0
    outer loop
      vertex 310 380.294 59.4405
      vertex 310 379 60
      vertex 310 379.94 59.7944
    endloop
  endfacet
  facet normal -1 0 0
    outer loop
      vertex 310 379.94 59.7944
      vertex 310 379 60
      vertex 310 379.537 60
    endloop
  endfacet
  facet normal -1 0 0
    outer loop
      vertex 405 257 57
      vertex 405 379 60
      vertex 405 379 57
    endloop
  endfacet
  facet normal -1 -0 0
    outer loop
      vertex 405 379 60
      vertex 405 257 57
      vertex 405 257 60
    endloop
  endfacet
  facet normal 0 -1 0
    outer loop
      vertex 341.667 379 57
      vertex 369.333 379 60
      vertex 341.667 379 60
    endloop
  endfacet
  facet normal 0 -1 -0
    outer loop
      vertex 369.333 379 60
      vertex 341.667 379 57
      vertex 369.333 379 57
    endloop
  endfacet
  facet normal 0 -1 0
    outer loop
      vertex 377.333 379 57
      vertex 405 379 60
      vertex 377.333 379 60
    endloop
  endfacet
  facet normal 0 -1 -0
    outer loop
      vertex 405 379 60
      vertex 377.333 379 57
      vertex 405 379 57
    endloop
  endfacet
  facet normal 0 1 -0
    outer loop
      vertex 405 257 57
      vertex 341.667 257 60
      vertex 405 257 60
    endloop
  endfacet
  facet normal 0 1 0
    outer loop
      vertex 341.667 257 60
      vertex 405 257 57
      vertex 341.667 257 57
    endloop
  endfacet
  facet normal 1 -0 0
    outer loop
      vertex 341.667 257 60
      vertex 341.667 379 57
      vertex 341.667 379 60
    endloop
  endfacet
  facet normal 1 0 0
    outer loop
      vertex 341.667 379 57
      vertex 341.667 257 60
      vertex 341.667 257 57
    endloop
  endfacet
  facet normal 0 -0.707007 0.707207
    outer loop
      vertex 369.333 380.294 57.5595
      vertex 377.333 379.94 57.2056
      vertex 377.333 380.294 57.5595
    endloop
  endfacet
  facet normal 0 -0.707007 0.707207
    outer loop
      vertex 377.333 379.94 57.2056
      vertex 369.333 380.294 57.5595
      vertex 369.333 379.94 57.2056
    endloop
  endfacet
  facet normal 0 -0.987782 -0.155839
    outer loop
      vertex 369.333 380.6 58.5
      vertex 377.333 380.522 58.9944
      vertex 369.333 380.522 58.9944
    endloop
  endfacet
  facet normal 0 -0.987782 -0.155839
    outer loop
      vertex 377.333 380.522 58.9944
      vertex 369.333 380.6 58.5
      vertex 377.333 380.6 58.5
    endloop
  endfacet
  facet normal 0 -0.707007 -0.707207
    outer loop
      vertex 369.333 379.94 59.7944
      vertex 377.333 380.294 59.4405
      vertex 377.333 379.94 59.7944
    endloop
  endfacet
  facet normal -0 -0.707007 -0.707207
    outer loop
      vertex 377.333 380.294 59.4405
      vertex 369.333 379.94 59.7944
      vertex 369.333 380.294 59.4405
    endloop
  endfacet
  facet normal 0 -0.89044 -0.455101
    outer loop
      vertex 369.333 380.522 58.9944
      vertex 377.333 380.294 59.4405
      vertex 369.333 380.294 59.4405
    endloop
  endfacet
  facet normal 0 -0.89044 -0.455101
    outer loop
      vertex 377.333 380.294 59.4405
      vertex 369.333 380.522 58.9944
      vertex 377.333 380.522 58.9944
    endloop
  endfacet
  facet normal 0 -0.89044 0.455101
    outer loop
      vertex 369.333 380.294 57.5595
      vertex 377.333 380.522 58.0056
      vertex 369.333 380.522 58.0056
    endloop
  endfacet
  facet normal 0 -0.89044 0.455101
    outer loop
      vertex 377.333 380.522 58.0056
      vertex 369.333 380.294 57.5595
      vertex 377.333 380.294 57.5595
    endloop
  endfacet
  facet normal 1 0 0
    outer loop
      vertex 369.333 379 60
      vertex 369.333 380.6 58.5
      vertex 369.333 380.522 58.9944
    endloop
  endfacet
  facet normal 1 0 0
    outer loop
      vertex 369.333 379 60
      vertex 369.333 380.522 58.9944
      vertex 369.333 380.294 59.4405
    endloop
  endfacet
  facet normal 1 0 0
    outer loop
      vertex 369.333 379 57
      vertex 369.333 380.6 58.5
      vertex 369.333 379 60
    endloop
  endfacet
  facet normal 1 0 0
    outer loop
      vertex 369.333 379 60
      vertex 369.333 380.294 59.4405
      vertex 369.333 379.94 59.7944
    endloop
  endfacet
  facet normal 1 0 0
    outer loop
      vertex 369.333 380.6 58.5
      vertex 369.333 379 57
      vertex 369.333 380.522 58.0056
    endloop
  endfacet
  facet normal 1 -0 0
    outer loop
      vertex 369.333 379 60
      vertex 369.333 379.94 59.7944
      vertex 369.333 379.537 60
    endloop
  endfacet
  facet normal 1 0 0
    outer loop
      vertex 369.333 380.522 58.0056
      vertex 369.333 379 57
      vertex 369.333 380.294 57.5595
    endloop
  endfacet
  facet normal 1 0 0
    outer loop
      vertex 369.333 380.294 57.5595
      vertex 369.333 379 57
      vertex 369.333 379.94 57.2056
    endloop
  endfacet
  facet normal 1 0 0
    outer loop
      vertex 369.333 379.94 57.2056
      vertex 369.333 379 57
      vertex 369.333 379.537 57
    endloop
  endfacet
  facet normal 0 -0.987782 0.155839
    outer loop
      vertex 369.333 380.522 58.0056
      vertex 377.333 380.6 58.5
      vertex 369.333 380.6 58.5
    endloop
  endfacet
  facet normal 0 -0.987782 0.155839
    outer loop
      vertex 377.333 380.6 58.5
      vertex 369.333 380.522 58.0056
      vertex 377.333 380.522 58.0056
    endloop
  endfacet
  facet normal 0 -0.454449 -0.890773
    outer loop
      vertex 369.333 379.537 60
      vertex 377.333 379.94 59.7944
      vertex 377.333 379.537 60
    endloop
  endfacet
  facet normal -0 -0.454449 -0.890773
    outer loop
      vertex 377.333 379.94 59.7944
      vertex 369.333 379.537 60
      vertex 369.333 379.94 59.7944
    endloop
  endfacet
  facet normal 0 -0.454449 0.890773
    outer loop
      vertex 369.333 379.94 57.2056
      vertex 377.333 379.537 57
      vertex 377.333 379.94 57.2056
    endloop
  endfacet
  facet normal 0 -0.454449 0.890773
    outer loop
      vertex 377.333 379.537 57
      vertex 369.333 379.94 57.2056
      vertex 369.333 379.537 57
    endloop
  endfacet
  facet normal -1 0 0
    outer loop
      vertex 377.333 379 57
      vertex 377.333 380.6 58.5
      vertex 377.333 380.522 58.0056
    endloop
  endfacet
  facet normal -1 0 0
    outer loop
      vertex 377.333 379 57
      vertex 377.333 380.522 58.0056
      vertex 377.333 380.294 57.5595
    endloop
  endfacet
  facet normal -1 0 0
    outer loop
      vertex 377.333 379 60
      vertex 377.333 380.6 58.5
      vertex 377.333 379 57
    endloop
  endfacet
  facet normal -1 0 0
    outer loop
      vertex 377.333 379 57
      vertex 377.333 380.294 57.5595
      vertex 377.333 379.94 57.2056
    endloop
  endfacet
  facet normal -1 0 0
    outer loop
      vertex 377.333 380.6 58.5
      vertex 377.333 379 60
      vertex 377.333 380.522 58.9944
    endloop
  endfacet
  facet normal -1 0 0
    outer loop
      vertex 377.333 379 57
      vertex 377.333 379.94 57.2056
      vertex 377.333 379.537 57
    endloop
  endfacet
  facet normal -1 0 0
    outer loop
      vertex 377.333 380.522 58.9944
      vertex 377.333 379 60
      vertex 377.333 380.294 59.4405
    endloop
  endfacet
  facet normal -1 0 0
    outer loop
      vertex 377.333 380.294 59.4405
      vertex 377.333 379 60
      vertex 377.333 379.94 59.7944
    endloop
  endfacet
  facet normal -1 0 0
    outer loop
      vertex 377.333 379.94 59.7944
      vertex 377.333 379 60
      vertex 377.333 379.537 60
    endloop
  endfacet
  facet normal -1 0 0
    outer loop
      vertex 68.3333 383 57
      vertex 68.3333 505 60
      vertex 68.3333 505 57
    endloop
  endfacet
  facet normal -1 -0 0
    outer loop
      vertex 68.3333 505 60
      vertex 68.3333 383 57
      vertex 68.3333 383 60
    endloop
  endfacet
  facet normal 0 -1 0
    outer loop
      vertex 5 505 57
      vertex 32.6667 505 60
      vertex 5 505 60
    endloop
  endfacet
  facet normal 0 -1 -0
    outer loop
      vertex 32.6667 505 60
      vertex 5 505 57
      vertex 32.6667 505 57
    endloop
  endfacet
  facet normal 0 -1 0
    outer loop
      vertex 40.6667 505 57
      vertex 68.3333 505 60
      vertex 40.6667 505 60
    endloop
  endfacet
  facet normal 0 -1 -0
    outer loop
      vertex 68.3333 505 60
      vertex 40.6667 505 57
      vertex 68.3333 505 57
    endloop
  endfacet
  facet normal 0 1 -0
    outer loop
      vertex 68.3333 383 57
      vertex 5 383 60
      vertex 68.3333 383 60
    endloop
  endfacet
  facet normal 0 1 0
    outer loop
      vertex 5 383 60
      vertex 68.3333 383 57
      vertex 5 383 57
    endloop
  endfacet
  facet normal 1 -0 0
    outer loop
      vertex 5 383 60
      vertex 5 505 57
      vertex 5 505 60
    endloop
  endfacet
  facet normal 1 0 0
    outer loop
      vertex 5 505 57
      vertex 5 383 60
      vertex 5 383 57
    endloop
  endfacet
  facet normal -1 0 0
    outer loop
      vertex 40.6667 505 57
      vertex 40.6667 506.6 58.5
      vertex 40.6667 506.522 58.0056
    endloop
  endfacet
  facet normal -1 0 0
    outer loop
      vertex 40.6667 505 57
      vertex 40.6667 506.522 58.0056
      vertex 40.6667 506.294 57.5595
    endloop
  endfacet
  facet normal -1 0 0
    outer loop
      vertex 40.6667 505 60
      vertex 40.6667 506.6 58.5
      vertex 40.6667 505 57
    endloop
  endfacet
  facet normal -1 0 0
    outer loop
      vertex 40.6667 505 57
      vertex 40.6667 506.294 57.5595
      vertex 40.6667 505.94 57.2056
    endloop
  endfacet
  facet normal -1 0 0
    outer loop
      vertex 40.6667 506.6 58.5
      vertex 40.6667 505 60
      vertex 40.6667 506.522 58.9944
    endloop
  endfacet
  facet normal -1 0 0
    outer loop
      vertex 40.6667 505 57
      vertex 40.6667 505.94 57.2056
      vertex 40.6667 505.537 57
    endloop
  endfacet
  facet normal -1 0 0
    outer loop
      vertex 40.6667 506.522 58.9944
      vertex 40.6667 505 60
      vertex 40.6667 506.294 59.4405
    endloop
  endfacet
  facet normal -1 0 0
    outer loop
      vertex 40.6667 506.294 59.4405
      vertex 40.6667 505 60
      vertex 40.6667 505.94 59.7944
    endloop
  endfacet
  facet normal -1 0 0
    outer loop
      vertex 40.6667 505.94 59.7944
      vertex 40.6667 505 60
      vertex 40.6667 505.537 60
    endloop
  endfacet
  facet normal 0 -0.987782 0.155839
    outer loop
      vertex 32.6667 506.522 58.0056
      vertex 40.6667 506.6 58.5
      vertex 32.6667 506.6 58.5
    endloop
  endfacet
  facet normal 0 -0.987782 0.155839
    outer loop
      vertex 40.6667 506.6 58.5
      vertex 32.6667 506.522 58.0056
      vertex 40.6667 506.522 58.0056
    endloop
  endfacet
  facet normal 1 0 0
    outer loop
      vertex 32.6667 505 60
      vertex 32.6667 506.6 58.5
      vertex 32.6667 506.522 58.9944
    endloop
  endfacet
  facet normal 1 0 0
    outer loop
      vertex 32.6667 505 60
      vertex 32.6667 506.522 58.9944
      vertex 32.6667 506.294 59.4405
    endloop
  endfacet
  facet normal 1 0 0
    outer loop
      vertex 32.6667 505 57
      vertex 32.6667 506.6 58.5
      vertex 32.6667 505 60
    endloop
  endfacet
  facet normal 1 0 0
    outer loop
      vertex 32.6667 505 60
      vertex 32.6667 506.294 59.4405
      vertex 32.6667 505.94 59.7944
    endloop
  endfacet
  facet normal 1 0 0
    outer loop
      vertex 32.6667 506.6 58.5
      vertex 32.6667 505 57
      vertex 32.6667 506.522 58.0056
    endloop
  endfacet
  facet normal 1 -0 0
    outer loop
      vertex 32.6667 505 60
      vertex 32.6667 505.94 59.7944
      vertex 32.6667 505.537 60
    endloop
  endfacet
  facet normal 1 0 0
    outer loop
      vertex 32.6667 506.522 58.0056
      vertex 32.6667 505 57
      vertex 32.6667 506.294 57.5595
    endloop
  endfacet
  facet normal 1 0 0
    outer loop
      vertex 32.6667 506.294 57.5595
      vertex 32.6667 505 57
      vertex 32.6667 505.94 57.2056
    endloop
  endfacet
  facet normal 1 0 0
    outer loop
      vertex 32.6667 505.94 57.2056
      vertex 32.6667 505 57
      vertex 32.6667 505.537 57
    endloop
  endfacet
  facet normal 0 -0.454449 -0.890773
    outer loop
      vertex 32.6667 505.537 60
      vertex 40.6667 505.94 59.7944
      vertex 40.6667 505.537 60
    endloop
  endfacet
  facet normal -0 -0.454449 -0.890773
    outer loop
      vertex 40.6667 505.94 59.7944
      vertex 32.6667 505.537 60
      vertex 32.6667 505.94 59.7944
    endloop
  endfacet
  facet normal 0 -0.707007 0.707207
    outer loop
      vertex 32.6667 506.294 57.5595
      vertex 40.6667 505.94 57.2056
      vertex 40.6667 506.294 57.5595
    endloop
  endfacet
  facet normal 0 -0.707007 0.707207
    outer loop
      vertex 40.6667 505.94 57.2056
      vertex 32.6667 506.294 57.5595
      vertex 32.6667 505.94 57.2056
    endloop
  endfacet
  facet normal 0 -0.454449 0.890773
    outer loop
      vertex 32.6667 505.94 57.2056
      vertex 40.6667 505.537 57
      vertex 40.6667 505.94 57.2056
    endloop
  endfacet
  facet normal 0 -0.454449 0.890773
    outer loop
      vertex 40.6667 505.537 57
      vertex 32.6667 505.94 57.2056
      vertex 32.6667 505.537 57
    endloop
  endfacet
  facet normal 0 -0.89044 0.455101
    outer loop
      vertex 32.6667 506.294 57.5595
      vertex 40.6667 506.522 58.0056
      vertex 32.6667 506.522 58.0056
    endloop
  endfacet
  facet normal 0 -0.89044 0.455101
    outer loop
      vertex 40.6667 506.522 58.0056
      vertex 32.6667 506.294 57.5595
      vertex 40.6667 506.294 57.5595
    endloop
  endfacet
  facet normal 0 -0.707007 -0.707207
    outer loop
      vertex 32.6667 505.94 59.7944
      vertex 40.6667 506.294 59.4405
      vertex 40.6667 505.94 59.7944
    endloop
  endfacet
  facet normal -0 -0.707007 -0.707207
    outer loop
      vertex 40.6667 506.294 59.4405
      vertex 32.6667 505.94 59.7944
      vertex 32.6667 506.294 59.4405
    endloop
  endfacet
  facet normal 0 -0.89044 -0.455101
    outer loop
      vertex 32.6667 506.522 58.9944
      vertex 40.6667 506.294 59.4405
      vertex 32.6667 506.294 59.4405
    endloop
  endfacet
  facet normal 0 -0.89044 -0.455101
    outer loop
      vertex 40.6667 506.294 59.4405
      vertex 32.6667 506.522 58.9944
      vertex 40.6667 506.522 58.9944
    endloop
  endfacet
  facet normal 0 -0.987782 -0.155839
    outer loop
      vertex 32.6667 506.6 58.5
      vertex 40.6667 506.522 58.9944
      vertex 32.6667 506.522 58.9944
    endloop
  endfacet
  facet normal 0 -0.987782 -0.155839
    outer loop
      vertex 40.6667 506.522 58.9944
      vertex 32.6667 506.6 58.5
      vertex 40.6667 506.6 58.5
    endloop
  endfacet
  facet normal -1 0 0
    outer loop
      vertex 135.667 383 57
      vertex 135.667 505 60
      vertex 135.667 505 57
    endloop
  endfacet
  facet normal -1 -0 0
    outer loop
      vertex 135.667 505 60
      vertex 135.667 383 57
      vertex 135.667 383 60
    endloop
  endfacet
  facet normal 0 -1 0
    outer loop
      vertex 72.3333 505 57
      vertex 100 505 60
      vertex 72.3333 505 60
    endloop
  endfacet
  facet normal 0 -1 -0
    outer loop
      vertex 100 505 60
      vertex 72.3333 505 57
      vertex 100 505 57
    endloop
  endfacet
  facet normal 0 -1 0
    outer loop
      vertex 108 505 57
      vertex 135.667 505 60
      vertex 108 505 60
    endloop
  endfacet
  facet normal 0 -1 -0
    outer loop
      vertex 135.667 505 60
      vertex 108 505 57
      vertex 135.667 505 57
    endloop
  endfacet
  facet normal 0 1 -0
    outer loop
      vertex 135.667 383 57
      vertex 72.3333 383 60
      vertex 135.667 383 60
    endloop
  endfacet
  facet normal 0 1 0
    outer loop
      vertex 72.3333 383 60
      vertex 135.667 383 57
      vertex 72.3333 383 57
    endloop
  endfacet
  facet normal 1 -0 0
    outer loop
      vertex 72.3333 383 60
      vertex 72.3333 505 57
      vertex 72.3333 505 60
    endloop
  endfacet
  facet normal 1 0 0
    outer loop
      vertex 72.3333 505 57
      vertex 72.3333 383 60
      vertex 72.3333 383 57
    endloop
  endfacet
  facet normal -1 0 0
    outer loop
      vertex 108 505 57
      vertex 108 506.6 58.5
      vertex 108 506.522 58.0056
    endloop
  endfacet
  facet normal -1 0 0
    outer loop
      vertex 108 505 57
      vertex 108 506.522 58.0056
      vertex 108 506.294 57.5595
    endloop
  endfacet
  facet normal -1 0 0
    outer loop
      vertex 108 505 60
      vertex 108 506.6 58.5
      vertex 108 505 57
    endloop
  endfacet
  facet normal -1 0 0
    outer loop
      vertex 108 505 57
      vertex 108 506.294 57.5595
      vertex 108 505.94 57.2056
    endloop
  endfacet
  facet normal -1 0 0
    outer loop
      vertex 108 506.6 58.5
      vertex 108 505 60
      vertex 108 506.522 58.9944
    endloop
  endfacet
  facet normal -1 0 0
    outer loop
      vertex 108 505 57
      vertex 108 505.94 57.2056
      vertex 108 505.537 57
    endloop
  endfacet
  facet normal -1 0 0
    outer loop
      vertex 108 506.522 58.9944
      vertex 108 505 60
      vertex 108 506.294 59.4405
    endloop
  endfacet
  facet normal -1 0 0
    outer loop
      vertex 108 506.294 59.4405
      vertex 108 505 60
      vertex 108 505.94 59.7944
    endloop
  endfacet
  facet normal -1 0 0
    outer loop
      vertex 108 505.94 59.7944
      vertex 108 505 60
      vertex 108 505.537 60
    endloop
  endfacet
  facet normal 0 -0.987782 0.155839
    outer loop
      vertex 100 506.522 58.0056
      vertex 108 506.6 58.5
      vertex 100 506.6 58.5
    endloop
  endfacet
  facet normal 0 -0.987782 0.155839
    outer loop
      vertex 108 506.6 58.5
      vertex 100 506.522 58.0056
      vertex 108 506.522 58.0056
    endloop
  endfacet
  facet normal 1 0 0
    outer loop
      vertex 100 505 60
      vertex 100 506.6 58.5
      vertex 100 506.522 58.9944
    endloop
  endfacet
  facet normal 1 0 0
    outer loop
      vertex 100 505 60
      vertex 100 506.522 58.9944
      vertex 100 506.294 59.4405
    endloop
  endfacet
  facet normal 1 0 0
    outer loop
      vertex 100 505 57
      vertex 100 506.6 58.5
      vertex 100 505 60
    endloop
  endfacet
  facet normal 1 0 0
    outer loop
      vertex 100 505 60
      vertex 100 506.294 59.4405
      vertex 100 505.94 59.7944
    endloop
  endfacet
  facet normal 1 0 0
    outer loop
      vertex 100 506.6 58.5
      vertex 100 505 57
      vertex 100 506.522 58.0056
    endloop
  endfacet
  facet normal 1 -0 0
    outer loop
      vertex 100 505 60
      vertex 100 505.94 59.7944
      vertex 100 505.537 60
    endloop
  endfacet
  facet normal 1 0 0
    outer loop
      vertex 100 506.522 58.0056
      vertex 100 505 57
      vertex 100 506.294 57.5595
    endloop
  endfacet
  facet normal 1 0 0
    outer loop
      vertex 100 506.294 57.5595
      vertex 100 505 57
      vertex 100 505.94 57.2056
    endloop
  endfacet
  facet normal 1 0 0
    outer loop
      vertex 100 505.94 57.2056
      vertex 100 505 57
      vertex 100 505.537 57
    endloop
  endfacet
  facet normal 0 -0.454449 -0.890773
    outer loop
      vertex 100 505.537 60
      vertex 108 505.94 59.7944
      vertex 108 505.537 60
    endloop
  endfacet
  facet normal -0 -0.454449 -0.890773
    outer loop
      vertex 108 505.94 59.7944
      vertex 100 505.537 60
      vertex 100 505.94 59.7944
    endloop
  endfacet
  facet normal 0 -0.707007 0.707207
    outer loop
      vertex 100 506.294 57.5595
      vertex 108 505.94 57.2056
      vertex 108 506.294 57.5595
    endloop
  endfacet
  facet normal 0 -0.707007 0.707207
    outer loop
      vertex 108 505.94 57.2056
      vertex 100 506.294 57.5595
      vertex 100 505.94 57.2056
    endloop
  endfacet
  facet normal 0 -0.454449 0.890773
    outer loop
      vertex 100 505.94 57.2056
      vertex 108 505.537 57
      vertex 108 505.94 57.2056
    endloop
  endfacet
  facet normal 0 -0.454449 0.890773
    outer loop
      vertex 108 505.537 57
      vertex 100 505.94 57.2056
      vertex 100 505.537 57
    endloop
  endfacet
  facet normal 0 -0.89044 0.455101
    outer loop
      vertex 100 506.294 57.5595
      vertex 108 506.522 58.0056
      vertex 100 506.522 58.0056
    endloop
  endfacet
  facet normal 0 -0.89044 0.455101
    outer loop
      vertex 108 506.522 58.0056
      vertex 100 506.294 57.5595
      vertex 108 506.294 57.5595
    endloop
  endfacet
  facet normal 0 -0.707007 -0.707207
    outer loop
      vertex 100 505.94 59.7944
      vertex 108 506.294 59.4405
      vertex 108 505.94 59.7944
    endloop
  endfacet
  facet normal -0 -0.707007 -0.707207
    outer loop
      vertex 108 506.294 59.4405
      vertex 100 505.94 59.7944
      vertex 100 506.294 59.4405
    endloop
  endfacet
  facet normal 0 -0.89044 -0.455101
    outer loop
      vertex 100 506.522 58.9944
      vertex 108 506.294 59.4405
      vertex 100 506.294 59.4405
    endloop
  endfacet
  facet normal 0 -0.89044 -0.455101
    outer loop
      vertex 108 506.294 59.4405
      vertex 100 506.522 58.9944
      vertex 108 506.522 58.9944
    endloop
  endfacet
  facet normal 0 -0.987782 -0.155839
    outer loop
      vertex 100 506.6 58.5
      vertex 108 506.522 58.9944
      vertex 100 506.522 58.9944
    endloop
  endfacet
  facet normal 0 -0.987782 -0.155839
    outer loop
      vertex 108 506.522 58.9944
      vertex 100 506.6 58.5
      vertex 108 506.6 58.5
    endloop
  endfacet
  facet normal -1 0 0
    outer loop
      vertex 203 383 57
      vertex 203 505 60
      vertex 203 505 57
    endloop
  endfacet
  facet normal -1 -0 0
    outer loop
      vertex 203 505 60
      vertex 203 383 57
      vertex 203 383 60
    endloop
  endfacet
  facet normal 0 -1 0
    outer loop
      vertex 139.667 505 57
      vertex 167.333 505 60
      vertex 139.667 505 60
    endloop
  endfacet
  facet normal 0 -1 -0
    outer loop
      vertex 167.333 505 60
      vertex 139.667 505 57
      vertex 167.333 505 57
    endloop
  endfacet
  facet normal 0 -1 0
    outer loop
      vertex 175.333 505 57
      vertex 203 505 60
      vertex 175.333 505 60
    endloop
  endfacet
  facet normal 0 -1 -0
    outer loop
      vertex 203 505 60
      vertex 175.333 505 57
      vertex 203 505 57
    endloop
  endfacet
  facet normal 0 1 -0
    outer loop
      vertex 203 383 57
      vertex 139.667 383 60
      vertex 203 383 60
    endloop
  endfacet
  facet normal 0 1 0
    outer loop
      vertex 139.667 383 60
      vertex 203 383 57
      vertex 139.667 383 57
    endloop
  endfacet
  facet normal 1 -0 0
    outer loop
      vertex 139.667 383 60
      vertex 139.667 505 57
      vertex 139.667 505 60
    endloop
  endfacet
  facet normal 1 0 0
    outer loop
      vertex 139.667 505 57
      vertex 139.667 383 60
      vertex 139.667 383 57
    endloop
  endfacet
  facet normal 0 -0.987782 0.155839
    outer loop
      vertex 167.333 506.522 58.0056
      vertex 175.333 506.6 58.5
      vertex 167.333 506.6 58.5
    endloop
  endfacet
  facet normal 0 -0.987782 0.155839
    outer loop
      vertex 175.333 506.6 58.5
      vertex 167.333 506.522 58.0056
      vertex 175.333 506.522 58.0056
    endloop
  endfacet
  facet normal 1 0 0
    outer loop
      vertex 167.333 505 60
      vertex 167.333 506.6 58.5
      vertex 167.333 506.522 58.9944
    endloop
  endfacet
  facet normal 1 0 0
    outer loop
      vertex 167.333 505 60
      vertex 167.333 506.522 58.9944
      vertex 167.333 506.294 59.4405
    endloop
  endfacet
  facet normal 1 0 0
    outer loop
      vertex 167.333 505 57
      vertex 167.333 506.6 58.5
      vertex 167.333 505 60
    endloop
  endfacet
  facet normal 1 0 0
    outer loop
      vertex 167.333 505 60
      vertex 167.333 506.294 59.4405
      vertex 167.333 505.94 59.7944
    endloop
  endfacet
  facet normal 1 0 0
    outer loop
      vertex 167.333 506.6 58.5
      vertex 167.333 505 57
      vertex 167.333 506.522 58.0056
    endloop
  endfacet
  facet normal 1 -0 0
    outer loop
      vertex 167.333 505 60
      vertex 167.333 505.94 59.7944
      vertex 167.333 505.537 60
    endloop
  endfacet
  facet normal 1 0 0
    outer loop
      vertex 167.333 506.522 58.0056
      vertex 167.333 505 57
      vertex 167.333 506.294 57.5595
    endloop
  endfacet
  facet normal 1 0 0
    outer loop
      vertex 167.333 506.294 57.5595
      vertex 167.333 505 57
      vertex 167.333 505.94 57.2056
    endloop
  endfacet
  facet normal 1 0 0
    outer loop
      vertex 167.333 505.94 57.2056
      vertex 167.333 505 57
      vertex 167.333 505.537 57
    endloop
  endfacet
  facet normal 0 -0.454449 -0.890773
    outer loop
      vertex 167.333 505.537 60
      vertex 175.333 505.94 59.7944
      vertex 175.333 505.537 60
    endloop
  endfacet
  facet normal -0 -0.454449 -0.890773
    outer loop
      vertex 175.333 505.94 59.7944
      vertex 167.333 505.537 60
      vertex 167.333 505.94 59.7944
    endloop
  endfacet
  facet normal 0 -0.707007 0.707207
    outer loop
      vertex 167.333 506.294 57.5595
      vertex 175.333 505.94 57.2056
      vertex 175.333 506.294 57.5595
    endloop
  endfacet
  facet normal 0 -0.707007 0.707207
    outer loop
      vertex 175.333 505.94 57.2056
      vertex 167.333 506.294 57.5595
      vertex 167.333 505.94 57.2056
    endloop
  endfacet
  facet normal 0 -0.454449 0.890773
    outer loop
      vertex 167.333 505.94 57.2056
      vertex 175.333 505.537 57
      vertex 175.333 505.94 57.2056
    endloop
  endfacet
  facet normal 0 -0.454449 0.890773
    outer loop
      vertex 175.333 505.537 57
      vertex 167.333 505.94 57.2056
      vertex 167.333 505.537 57
    endloop
  endfacet
  facet normal 0 -0.89044 0.455101
    outer loop
      vertex 167.333 506.294 57.5595
      vertex 175.333 506.522 58.0056
      vertex 167.333 506.522 58.0056
    endloop
  endfacet
  facet normal 0 -0.89044 0.455101
    outer loop
      vertex 175.333 506.522 58.0056
      vertex 167.333 506.294 57.5595
      vertex 175.333 506.294 57.5595
    endloop
  endfacet
  facet normal 0 -0.707007 -0.707207
    outer loop
      vertex 167.333 505.94 59.7944
      vertex 175.333 506.294 59.4405
      vertex 175.333 505.94 59.7944
    endloop
  endfacet
  facet normal -0 -0.707007 -0.707207
    outer loop
      vertex 175.333 506.294 59.4405
      vertex 167.333 505.94 59.7944
      vertex 167.333 506.294 59.4405
    endloop
  endfacet
  facet normal 0 -0.89044 -0.455101
    outer loop
      vertex 167.333 506.522 58.9944
      vertex 175.333 506.294 59.4405
      vertex 167.333 506.294 59.4405
    endloop
  endfacet
  facet normal 0 -0.89044 -0.455101
    outer loop
      vertex 175.333 506.294 59.4405
      vertex 167.333 506.522 58.9944
      vertex 175.333 506.522 58.9944
    endloop
  endfacet
  facet normal 0 -0.987782 -0.155839
    outer loop
      vertex 167.333 506.6 58.5
      vertex 175.333 506.522 58.9944
      vertex 167.333 506.522 58.9944
    endloop
  endfacet
  facet normal 0 -0.987782 -0.155839
    outer loop
      vertex 175.333 506.522 58.9944
      vertex 167.333 506.6 58.5
      vertex 175.333 506.6 58.5
    endloop
  endfacet
  facet normal -1 0 0
    outer loop
      vertex 175.333 505 57
      vertex 175.333 506.6 58.5
      vertex 175.333 506.522 58.0056
    endloop
  endfacet
  facet normal -1 0 0
    outer loop
      vertex 175.333 505 57
      vertex 175.333 506.522 58.0056
      vertex 175.333 506.294 57.5595
    endloop
  endfacet
  facet normal -1 0 0
    outer loop
      vertex 175.333 505 60
      vertex 175.333 506.6 58.5
      vertex 175.333 505 57
    endloop
  endfacet
  facet normal -1 0 0
    outer loop
      vertex 175.333 505 57
      vertex 175.333 506.294 57.5595
      vertex 175.333 505.94 57.2056
    endloop
  endfacet
  facet normal -1 0 0
    outer loop
      vertex 175.333 506.6 58.5
      vertex 175.333 505 60
      vertex 175.333 506.522 58.9944
    endloop
  endfacet
  facet normal -1 0 0
    outer loop
      vertex 175.333 505 57
      vertex 175.333 505.94 57.2056
      vertex 175.333 505.537 57
    endloop
  endfacet
  facet normal -1 0 0
    outer loop
      vertex 175.333 506.522 58.9944
      vertex 175.333 505 60
      vertex 175.333 506.294 59.4405
    endloop
  endfacet
  facet normal -1 0 0
    outer loop
      vertex 175.333 506.294 59.4405
      vertex 175.333 505 60
      vertex 175.333 505.94 59.7944
    endloop
  endfacet
  facet normal -1 0 0
    outer loop
      vertex 175.333 505.94 59.7944
      vertex 175.333 505 60
      vertex 175.333 505.537 60
    endloop
  endfacet
  facet normal -1 0 0
    outer loop
      vertex 270.333 383 57
      vertex 270.333 505 60
      vertex 270.333 505 57
    endloop
  endfacet
  facet normal -1 -0 0
    outer loop
      vertex 270.333 505 60
      vertex 270.333 383 57
      vertex 270.333 383 60
    endloop
  endfacet
  facet normal 0 -1 0
    outer loop
      vertex 207 505 57
      vertex 234.667 505 60
      vertex 207 505 60
    endloop
  endfacet
  facet normal 0 -1 -0
    outer loop
      vertex 234.667 505 60
      vertex 207 505 57
      vertex 234.667 505 57
    endloop
  endfacet
  facet normal 0 -1 0
    outer loop
      vertex 242.667 505 57
      vertex 270.333 505 60
      vertex 242.667 505 60
    endloop
  endfacet
  facet normal 0 -1 -0
    outer loop
      vertex 270.333 505 60
      vertex 242.667 505 57
      vertex 270.333 505 57
    endloop
  endfacet
  facet normal 0 1 -0
    outer loop
      vertex 270.333 383 57
      vertex 207 383 60
      vertex 270.333 383 60
    endloop
  endfacet
  facet normal 0 1 0
    outer loop
      vertex 207 383 60
      vertex 270.333 383 57
      vertex 207 383 57
    endloop
  endfacet
  facet normal 1 -0 0
    outer loop
      vertex 207 383 60
      vertex 207 505 57
      vertex 207 505 60
    endloop
  endfacet
  facet normal 1 0 0
    outer loop
      vertex 207 505 57
      vertex 207 383 60
      vertex 207 383 57
    endloop
  endfacet
  facet normal -1 0 0
    outer loop
      vertex 242.667 505 57
      vertex 242.667 506.6 58.5
      vertex 242.667 506.522 58.0056
    endloop
  endfacet
  facet normal -1 0 0
    outer loop
      vertex 242.667 505 57
      vertex 242.667 506.522 58.0056
      vertex 242.667 506.294 57.5595
    endloop
  endfacet
  facet normal -1 0 0
    outer loop
      vertex 242.667 505 60
      vertex 242.667 506.6 58.5
      vertex 242.667 505 57
    endloop
  endfacet
  facet normal -1 0 0
    outer loop
      vertex 242.667 505 57
      vertex 242.667 506.294 57.5595
      vertex 242.667 505.94 57.2056
    endloop
  endfacet
  facet normal -1 0 0
    outer loop
      vertex 242.667 506.6 58.5
      vertex 242.667 505 60
      vertex 242.667 506.522 58.9944
    endloop
  endfacet
  facet normal -1 0 0
    outer loop
      vertex 242.667 505 57
      vertex 242.667 505.94 57.2056
      vertex 242.667 505.537 57
    endloop
  endfacet
  facet normal -1 0 0
    outer loop
      vertex 242.667 506.522 58.9944
      vertex 242.667 505 60
      vertex 242.667 506.294 59.4405
    endloop
  endfacet
  facet normal -1 0 0
    outer loop
      vertex 242.667 506.294 59.4405
      vertex 242.667 505 60
      vertex 242.667 505.94 59.7944
    endloop
  endfacet
  facet normal -1 0 0
    outer loop
      vertex 242.667 505.94 59.7944
      vertex 242.667 505 60
      vertex 242.667 505.537 60
    endloop
  endfacet
  facet normal 0 -0.987782 0.155839
    outer loop
      vertex 234.667 506.522 58.0056
      vertex 242.667 506.6 58.5
      vertex 234.667 506.6 58.5
    endloop
  endfacet
  facet normal 0 -0.987782 0.155839
    outer loop
      vertex 242.667 506.6 58.5
      vertex 234.667 506.522 58.0056
      vertex 242.667 506.522 58.0056
    endloop
  endfacet
  facet normal 1 0 0
    outer loop
      vertex 234.667 505 60
      vertex 234.667 506.6 58.5
      vertex 234.667 506.522 58.9944
    endloop
  endfacet
  facet normal 1 0 0
    outer loop
      vertex 234.667 505 60
      vertex 234.667 506.522 58.9944
      vertex 234.667 506.294 59.4405
    endloop
  endfacet
  facet normal 1 0 0
    outer loop
      vertex 234.667 505 57
      vertex 234.667 506.6 58.5
      vertex 234.667 505 60
    endloop
  endfacet
  facet normal 1 0 0
    outer loop
      vertex 234.667 505 60
      vertex 234.667 506.294 59.4405
      vertex 234.667 505.94 59.7944
    endloop
  endfacet
  facet normal 1 0 0
    outer loop
      vertex 234.667 506.6 58.5
      vertex 234.667 505 57
      vertex 234.667 506.522 58.0056
    endloop
  endfacet
  facet normal 1 -0 0
    outer loop
      vertex 234.667 505 60
      vertex 234.667 505.94 59.7944
      vertex 234.667 505.537 60
    endloop
  endfacet
  facet normal 1 0 0
    outer loop
      vertex 234.667 506.522 58.0056
      vertex 234.667 505 57
      vertex 234.667 506.294 57.5595
    endloop
  endfacet
  facet normal 1 0 0
    outer loop
      vertex 234.667 506.294 57.5595
      vertex 234.667 505 57
      vertex 234.667 505.94 57.2056
    endloop
  endfacet
  facet normal 1 0 0
    outer loop
      vertex 234.667 505.94 57.2056
      vertex 234.667 505 57
      vertex 234.667 505.537 57
    endloop
  endfacet
  facet normal 0 -0.454449 -0.890773
    outer loop
      vertex 234.667 505.537 60
      vertex 242.667 505.94 59.7944
      vertex 242.667 505.537 60
    endloop
  endfacet
  facet normal -0 -0.454449 -0.890773
    outer loop
      vertex 242.667 505.94 59.7944
      vertex 234.667 505.537 60
      vertex 234.667 505.94 59.7944
    endloop
  endfacet
  facet normal 0 -0.707007 0.707207
    outer loop
      vertex 234.667 506.294 57.5595
      vertex 242.667 505.94 57.2056
      vertex 242.667 506.294 57.5595
    endloop
  endfacet
  facet normal 0 -0.707007 0.707207
    outer loop
      vertex 242.667 505.94 57.2056
      vertex 234.667 506.294 57.5595
      vertex 234.667 505.94 57.2056
    endloop
  endfacet
  facet normal 0 -0.454449 0.890773
    outer loop
      vertex 234.667 505.94 57.2056
      vertex 242.667 505.537 57
      vertex 242.667 505.94 57.2056
    endloop
  endfacet
  facet normal 0 -0.454449 0.890773
    outer loop
      vertex 242.667 505.537 57
      vertex 234.667 505.94 57.2056
      vertex 234.667 505.537 57
    endloop
  endfacet
  facet normal 0 -0.89044 0.455101
    outer loop
      vertex 234.667 506.294 57.5595
      vertex 242.667 506.522 58.0056
      vertex 234.667 506.522 58.0056
    endloop
  endfacet
  facet normal 0 -0.89044 0.455101
    outer loop
      vertex 242.667 506.522 58.0056
      vertex 234.667 506.294 57.5595
      vertex 242.667 506.294 57.5595
    endloop
  endfacet
  facet normal 0 -0.707007 -0.707207
    outer loop
      vertex 234.667 505.94 59.7944
      vertex 242.667 506.294 59.4405
      vertex 242.667 505.94 59.7944
    endloop
  endfacet
  facet normal -0 -0.707007 -0.707207
    outer loop
      vertex 242.667 506.294 59.4405
      vertex 234.667 505.94 59.7944
      vertex 234.667 506.294 59.4405
    endloop
  endfacet
  facet normal 0 -0.89044 -0.455101
    outer loop
      vertex 234.667 506.522 58.9944
      vertex 242.667 506.294 59.4405
      vertex 234.667 506.294 59.4405
    endloop
  endfacet
  facet normal 0 -0.89044 -0.455101
    outer loop
      vertex 242.667 506.294 59.4405
      vertex 234.667 506.522 58.9944
      vertex 242.667 506.522 58.9944
    endloop
  endfacet
  facet normal 0 -0.987782 -0.155839
    outer loop
      vertex 234.667 506.6 58.5
      vertex 242.667 506.522 58.9944
      vertex 234.667 506.522 58.9944
    endloop
  endfacet
  facet normal 0 -0.987782 -0.155839
    outer loop
      vertex 242.667 506.522 58.9944
      vertex 234.667 506.6 58.5
      vertex 242.667 506.6 58.5
    endloop
  endfacet
  facet normal -1 0 0
    outer loop
      vertex 337.667 383 57
      vertex 337.667 505 60
      vertex 337.667 505 57
    endloop
  endfacet
  facet normal -1 -0 0
    outer loop
      vertex 337.667 505 60
      vertex 337.667 383 57
      vertex 337.667 383 60
    endloop
  endfacet
  facet normal 0 -1 0
    outer loop
      vertex 274.333 505 57
      vertex 302 505 60
      vertex 274.333 505 60
    endloop
  endfacet
  facet normal 0 -1 -0
    outer loop
      vertex 302 505 60
      vertex 274.333 505 57
      vertex 302 505 57
    endloop
  endfacet
  facet normal 0 -1 0
    outer loop
      vertex 310 505 57
      vertex 337.667 505 60
      vertex 310 505 60
    endloop
  endfacet
  facet normal 0 -1 -0
    outer loop
      vertex 337.667 505 60
      vertex 310 505 57
      vertex 337.667 505 57
    endloop
  endfacet
  facet normal 0 1 -0
    outer loop
      vertex 337.667 383 57
      vertex 274.333 383 60
      vertex 337.667 383 60
    endloop
  endfacet
  facet normal 0 1 0
    outer loop
      vertex 274.333 383 60
      vertex 337.667 383 57
      vertex 274.333 383 57
    endloop
  endfacet
  facet normal 1 -0 0
    outer loop
      vertex 274.333 383 60
      vertex 274.333 505 57
      vertex 274.333 505 60
    endloop
  endfacet
  facet normal 1 0 0
    outer loop
      vertex 274.333 505 57
      vertex 274.333 383 60
      vertex 274.333 383 57
    endloop
  endfacet
  facet normal -1 0 0
    outer loop
      vertex 310 505 57
      vertex 310 506.6 58.5
      vertex 310 506.522 58.0056
    endloop
  endfacet
  facet normal -1 0 0
    outer loop
      vertex 310 505 57
      vertex 310 506.522 58.0056
      vertex 310 506.294 57.5595
    endloop
  endfacet
  facet normal -1 0 0
    outer loop
      vertex 310 505 60
      vertex 310 506.6 58.5
      vertex 310 505 57
    endloop
  endfacet
  facet normal -1 0 0
    outer loop
      vertex 310 505 57
      vertex 310 506.294 57.5595
      vertex 310 505.94 57.2056
    endloop
  endfacet
  facet normal -1 0 0
    outer loop
      vertex 310 506.6 58.5
      vertex 310 505 60
      vertex 310 506.522 58.9944
    endloop
  endfacet
  facet normal -1 0 0
    outer loop
      vertex 310 505 57
      vertex 310 505.94 57.2056
      vertex 310 505.537 57
    endloop
  endfacet
  facet normal -1 0 0
    outer loop
      vertex 310 506.522 58.9944
      vertex 310 505 60
      vertex 310 506.294 59.4405
    endloop
  endfacet
  facet normal -1 0 0
    outer loop
      vertex 310 506.294 59.4405
      vertex 310 505 60
      vertex 310 505.94 59.7944
    endloop
  endfacet
  facet normal -1 0 0
    outer loop
      vertex 310 505.94 59.7944
      vertex 310 505 60
      vertex 310 505.537 60
    endloop
  endfacet
  facet normal 0 -0.987782 0.155839
    outer loop
      vertex 302 506.522 58.0056
      vertex 310 506.6 58.5
      vertex 302 506.6 58.5
    endloop
  endfacet
  facet normal 0 -0.987782 0.155839
    outer loop
      vertex 310 506.6 58.5
      vertex 302 506.522 58.0056
      vertex 310 506.522 58.0056
    endloop
  endfacet
  facet normal 1 0 0
    outer loop
      vertex 302 505 60
      vertex 302 506.6 58.5
      vertex 302 506.522 58.9944
    endloop
  endfacet
  facet normal 1 0 0
    outer loop
      vertex 302 505 60
      vertex 302 506.522 58.9944
      vertex 302 506.294 59.4405
    endloop
  endfacet
  facet normal 1 0 0
    outer loop
      vertex 302 505 57
      vertex 302 506.6 58.5
      vertex 302 505 60
    endloop
  endfacet
  facet normal 1 0 0
    outer loop
      vertex 302 505 60
      vertex 302 506.294 59.4405
      vertex 302 505.94 59.7944
    endloop
  endfacet
  facet normal 1 0 0
    outer loop
      vertex 302 506.6 58.5
      vertex 302 505 57
      vertex 302 506.522 58.0056
    endloop
  endfacet
  facet normal 1 -0 0
    outer loop
      vertex 302 505 60
      vertex 302 505.94 59.7944
      vertex 302 505.537 60
    endloop
  endfacet
  facet normal 1 0 0
    outer loop
      vertex 302 506.522 58.0056
      vertex 302 505 57
      vertex 302 506.294 57.5595
    endloop
  endfacet
  facet normal 1 0 0
    outer loop
      vertex 302 506.294 57.5595
      vertex 302 505 57
      vertex 302 505.94 57.2056
    endloop
  endfacet
  facet normal 1 0 0
    outer loop
      vertex 302 505.94 57.2056
      vertex 302 505 57
      vertex 302 505.537 57
    endloop
  endfacet
  facet normal 0 -0.454449 -0.890773
    outer loop
      vertex 302 505.537 60
      vertex 310 505.94 59.7944
      vertex 310 505.537 60
    endloop
  endfacet
  facet normal -0 -0.454449 -0.890773
    outer loop
      vertex 310 505.94 59.7944
      vertex 302 505.537 60
      vertex 302 505.94 59.7944
    endloop
  endfacet
  facet normal 0 -0.707007 0.707207
    outer loop
      vertex 302 506.294 57.5595
      vertex 310 505.94 57.2056
      vertex 310 506.294 57.5595
    endloop
  endfacet
  facet normal 0 -0.707007 0.707207
    outer loop
      vertex 310 505.94 57.2056
      vertex 302 506.294 57.5595
      vertex 302 505.94 57.2056
    endloop
  endfacet
  facet normal 0 -0.454449 0.890773
    outer loop
      vertex 302 505.94 57.2056
      vertex 310 505.537 57
      vertex 310 505.94 57.2056
    endloop
  endfacet
  facet normal 0 -0.454449 0.890773
    outer loop
      vertex 310 505.537 57
      vertex 302 505.94 57.2056
      vertex 302 505.537 57
    endloop
  endfacet
  facet normal 0 -0.89044 0.455101
    outer loop
      vertex 302 506.294 57.5595
      vertex 310 506.522 58.0056
      vertex 302 506.522 58.0056
    endloop
  endfacet
  facet normal 0 -0.89044 0.455101
    outer loop
      vertex 310 506.522 58.0056
      vertex 302 506.294 57.5595
      vertex 310 506.294 57.5595
    endloop
  endfacet
  facet normal 0 -0.707007 -0.707207
    outer loop
      vertex 302 505.94 59.7944
      vertex 310 506.294 59.4405
      vertex 310 505.94 59.7944
    endloop
  endfacet
  facet normal -0 -0.707007 -0.707207
    outer loop
      vertex 310 506.294 59.4405
      vertex 302 505.94 59.7944
      vertex 302 506.294 59.4405
    endloop
  endfacet
  facet normal 0 -0.89044 -0.455101
    outer loop
      vertex 302 506.522 58.9944
      vertex 310 506.294 59.4405
      vertex 302 506.294 59.4405
    endloop
  endfacet
  facet normal 0 -0.89044 -0.455101
    outer loop
      vertex 310 506.294 59.4405
      vertex 302 506.522 58.9944
      vertex 310 506.522 58.9944
    endloop
  endfacet
  facet normal 0 -0.987782 -0.155839
    outer loop
      vertex 302 506.6 58.5
      vertex 310 506.522 58.9944
      vertex 302 506.522 58.9944
    endloop
  endfacet
  facet normal 0 -0.987782 -0.155839
    outer loop
      vertex 310 506.522 58.9944
      vertex 302 506.6 58.5
      vertex 310 506.6 58.5
    endloop
  endfacet
  facet normal -1 0 0
    outer loop
      vertex 405 383 57
      vertex 405 505 60
      vertex 405 505 57
    endloop
  endfacet
  facet normal -1 -0 0
    outer loop
      vertex 405 505 60
      vertex 405 383 57
      vertex 405 383 60
    endloop
  endfacet
  facet normal 0 -1 0
    outer loop
      vertex 341.667 505 57
      vertex 369.333 505 60
      vertex 341.667 505 60
    endloop
  endfacet
  facet normal 0 -1 -0
    outer loop
      vertex 369.333 505 60
      vertex 341.667 505 57
      vertex 369.333 505 57
    endloop
  endfacet
  facet normal 0 -1 0
    outer loop
      vertex 377.333 505 57
      vertex 405 505 60
      vertex 377.333 505 60
    endloop
  endfacet
  facet normal 0 -1 -0
    outer loop
      vertex 405 505 60
      vertex 377.333 505 57
      vertex 405 505 57
    endloop
  endfacet
  facet normal 0 1 -0
    outer loop
      vertex 405 383 57
      vertex 341.667 383 60
      vertex 405 383 60
    endloop
  endfacet
  facet normal 0 1 0
    outer loop
      vertex 341.667 383 60
      vertex 405 383 57
      vertex 341.667 383 57
    endloop
  endfacet
  facet normal 1 -0 0
    outer loop
      vertex 341.667 383 60
      vertex 341.667 505 57
      vertex 341.667 505 60
    endloop
  endfacet
  facet normal 1 0 0
    outer loop
      vertex 341.667 505 57
      vertex 341.667 383 60
      vertex 341.667 383 57
    endloop
  endfacet
  facet normal -1 0 0
    outer loop
      vertex 377.333 505 57
      vertex 377.333 506.6 58.5
      vertex 377.333 506.522 58.0056
    endloop
  endfacet
  facet normal -1 0 0
    outer loop
      vertex 377.333 505 57
      vertex 377.333 506.522 58.0056
      vertex 377.333 506.294 57.5595
    endloop
  endfacet
  facet normal -1 0 0
    outer loop
      vertex 377.333 505 60
      vertex 377.333 506.6 58.5
      vertex 377.333 505 57
    endloop
  endfacet
  facet normal -1 0 0
    outer loop
      vertex 377.333 505 57
      vertex 377.333 506.294 57.5595
      vertex 377.333 505.94 57.2056
    endloop
  endfacet
  facet normal -1 0 0
    outer loop
      vertex 377.333 506.6 58.5
      vertex 377.333 505 60
      vertex 377.333 506.522 58.9944
    endloop
  endfacet
  facet normal -1 0 0
    outer loop
      vertex 377.333 505 57
      vertex 377.333 505.94 57.2056
      vertex 377.333 505.537 57
    endloop
  endfacet
  facet normal -1 0 0
    outer loop
      vertex 377.333 506.522 58.9944
      vertex 377.333 505 60
      vertex 377.333 506.294 59.4405
    endloop
  endfacet
  facet normal -1 0 0
    outer loop
      vertex 377.333 506.294 59.4405
      vertex 377.333 505 60
      vertex 377.333 505.94 59.7944
    endloop
  endfacet
  facet normal -1 0 0
    outer loop
      vertex 377.333 505.94 59.7944
      vertex 377.333 505 60
      vertex 377.333 505.537 60
    endloop
  endfacet
  facet normal 0 -0.987782 0.155839
    outer loop
      vertex 369.333 506.522 58.0056
      vertex 377.333 506.6 58.5
      vertex 369.333 506.6 58.5
    endloop
  endfacet
  facet normal 0 -0.987782 0.155839
    outer loop
      vertex 377.333 506.6 58.5
      vertex 369.333 506.522 58.0056
      vertex 377.333 506.522 58.0056
    endloop
  endfacet
  facet normal 0 -0.454449 -0.890773
    outer loop
      vertex 369.333 505.537 60
      vertex 377.333 505.94 59.7944
      vertex 377.333 505.537 60
    endloop
  endfacet
  facet normal -0 -0.454449 -0.890773
    outer loop
      vertex 377.333 505.94 59.7944
      vertex 369.333 505.537 60
      vertex 369.333 505.94 59.7944
    endloop
  endfacet
  facet normal 0 -0.707007 0.707207
    outer loop
      vertex 369.333 506.294 57.5595
      vertex 377.333 505.94 57.2056
      vertex 377.333 506.294 57.5595
    endloop
  endfacet
  facet normal 0 -0.707007 0.707207
    outer loop
      vertex 377.333 505.94 57.2056
      vertex 369.333 506.294 57.5595
      vertex 369.333 505.94 57.2056
    endloop
  endfacet
  facet normal 0 -0.454449 0.890773
    outer loop
      vertex 369.333 505.94 57.2056
      vertex 377.333 505.537 57
      vertex 377.333 505.94 57.2056
    endloop
  endfacet
  facet normal 0 -0.454449 0.890773
    outer loop
      vertex 377.333 505.537 57
      vertex 369.333 505.94 57.2056
      vertex 369.333 505.537 57
    endloop
  endfacet
  facet normal 0 -0.89044 0.455101
    outer loop
      vertex 369.333 506.294 57.5595
      vertex 377.333 506.522 58.0056
      vertex 369.333 506.522 58.0056
    endloop
  endfacet
  facet normal 0 -0.89044 0.455101
    outer loop
      vertex 377.333 506.522 58.0056
      vertex 369.333 506.294 57.5595
      vertex 377.333 506.294 57.5595
    endloop
  endfacet
  facet normal 0 -0.707007 -0.707207
    outer loop
      vertex 369.333 505.94 59.7944
      vertex 377.333 506.294 59.4405
      vertex 377.333 505.94 59.7944
    endloop
  endfacet
  facet normal -0 -0.707007 -0.707207
    outer loop
      vertex 377.333 506.294 59.4405
      vertex 369.333 505.94 59.7944
      vertex 369.333 506.294 59.4405
    endloop
  endfacet
  facet normal 1 0 0
    outer loop
      vertex 369.333 505 60
      vertex 369.333 506.6 58.5
      vertex 369.333 506.522 58.9944
    endloop
  endfacet
  facet normal 1 0 0
    outer loop
      vertex 369.333 505 60
      vertex 369.333 506.522 58.9944
      vertex 369.333 506.294 59.4405
    endloop
  endfacet
  facet normal 1 0 0
    outer loop
      vertex 369.333 505 57
      vertex 369.333 506.6 58.5
      vertex 369.333 505 60
    endloop
  endfacet
  facet normal 1 0 0
    outer loop
      vertex 369.333 505 60
      vertex 369.333 506.294 59.4405
      vertex 369.333 505.94 59.7944
    endloop
  endfacet
  facet normal 1 0 0
    outer loop
      vertex 369.333 506.6 58.5
      vertex 369.333 505 57
      vertex 369.333 506.522 58.0056
    endloop
  endfacet
  facet normal 1 -0 0
    outer loop
      vertex 369.333 505 60
      vertex 369.333 505.94 59.7944
      vertex 369.333 505.537 60
    endloop
  endfacet
  facet normal 1 0 0
    outer loop
      vertex 369.333 506.522 58.0056
      vertex 369.333 505 57
      vertex 369.333 506.294 57.5595
    endloop
  endfacet
  facet normal 1 0 0
    outer loop
      vertex 369.333 506.294 57.5595
      vertex 369.333 505 57
      vertex 369.333 505.94 57.2056
    endloop
  endfacet
  facet normal 1 0 0
    outer loop
      vertex 369.333 505.94 57.2056
      vertex 369.333 505 57
      vertex 369.333 505.537 57
    endloop
  endfacet
  facet normal 0 -0.89044 -0.455101
    outer loop
      vertex 369.333 506.522 58.9944
      vertex 377.333 506.294 59.4405
      vertex 369.333 506.294 59.4405
    endloop
  endfacet
  facet normal 0 -0.89044 -0.455101
    outer loop
      vertex 377.333 506.294 59.4405
      vertex 369.333 506.522 58.9944
      vertex 377.333 506.522 58.9944
    endloop
  endfacet
  facet normal 0 -0.987782 -0.155839
    outer loop
      vertex 369.333 506.6 58.5
      vertex 377.333 506.522 58.9944
      vertex 369.333 506.522 58.9944
    endloop
  endfacet
  facet normal 0 -0.987782 -0.155839
    outer loop
      vertex 377.333 506.522 58.9944
      vertex 369.333 506.6 58.5
      vertex 377.333 506.6 58.5
    endloop
  endfacet
  facet normal 1 -0 0
    outer loop
      vertex 410 0 60
      vertex 410 510 0
      vertex 410 510 60
    endloop
  endfacet
  facet normal 1 0 0
    outer loop
      vertex 410 510 0
      vertex 410 0 60
      vertex 410 0 0
    endloop
  endfacet
  facet normal 0 1 -0
    outer loop
      vertex 410 510 0
      vertex 0 510 60
      vertex 410 510 60
    endloop
  endfacet
  facet normal 0 1 0
    outer loop
      vertex 0 510 60
      vertex 410 510 0
      vertex 0 510 0
    endloop
  endfacet
  facet normal 0 -1 0
    outer loop
      vertex 0 0 0
      vertex 410 0 60
      vertex 0 0 60
    endloop
  endfacet
  facet normal 0 -1 -0
    outer loop
      vertex 410 0 60
      vertex 0 0 0
      vertex 410 0 0
    endloop
  endfacet
  facet normal -1 0 0
    outer loop
      vertex 0 0 0
      vertex 0 510 60
      vertex 0 510 0
    endloop
  endfacet
  facet normal -1 -0 0
    outer loop
      vertex 0 510 60
      vertex 0 0 0
      vertex 0 0 60
    endloop
  endfacet
  facet normal 0 0 -1
    outer loop
      vertex 410 0 0
      vertex 407 3 0
      vertex 410 510 0
    endloop
  endfacet
  facet normal 0 0 -1
    outer loop
      vertex 410 0 0
      vertex 3 3 0
      vertex 407 3 0
    endloop
  endfacet
  facet normal -0 0 -1
    outer loop
      vertex 3 3 0
      vertex 0 0 0
      vertex 3 507 0
    endloop
  endfacet
  facet normal 0 0 -1
    outer loop
      vertex 0 0 0
      vertex 3 3 0
      vertex 410 0 0
    endloop
  endfacet
  facet normal 0 0 -1
    outer loop
      vertex 407 507 0
      vertex 410 510 0
      vertex 407 3 0
    endloop
  endfacet
  facet normal 0 0 -1
    outer loop
      vertex 3 507 0
      vertex 410 510 0
      vertex 407 507 0
    endloop
  endfacet
  facet normal 0 0 -1
    outer loop
      vertex 3 507 0
      vertex 0 510 0
      vertex 410 510 0
    endloop
  endfacet
  facet normal 0 0 -1
    outer loop
      vertex 0 510 0
      vertex 3 507 0
      vertex 0 0 0
    endloop
  endfacet
  facet normal 0 0 1
    outer loop
      vertex 68.3333 131 60
      vertex 40.6667 127.537 60
      vertex 68.3333 127 60
    endloop
  endfacet
  facet normal 0 0 1
    outer loop
      vertex 68.3333 131 60
      vertex 32.6667 127.537 60
      vertex 40.6667 127.537 60
    endloop
  endfacet
  facet normal -0 0 1
    outer loop
      vertex 5 131 60
      vertex 32.6667 127.537 60
      vertex 68.3333 131 60
    endloop
  endfacet
  facet normal 0 0 1
    outer loop
      vertex 5 127 60
      vertex 32.6667 127.537 60
      vertex 5 131 60
    endloop
  endfacet
  facet normal 0 0 1
    outer loop
      vertex 32.6667 127.537 60
      vertex 5 127 60
      vertex 32.6667 127 60
    endloop
  endfacet
  facet normal 0 0 1
    outer loop
      vertex 68.3333 257 60
      vertex 40.6667 253.537 60
      vertex 68.3333 253 60
    endloop
  endfacet
  facet normal 0 0 1
    outer loop
      vertex 68.3333 257 60
      vertex 32.6667 253.537 60
      vertex 40.6667 253.537 60
    endloop
  endfacet
  facet normal -0 0 1
    outer loop
      vertex 5 257 60
      vertex 32.6667 253.537 60
      vertex 68.3333 257 60
    endloop
  endfacet
  facet normal 0 0 1
    outer loop
      vertex 5 253 60
      vertex 32.6667 253.537 60
      vertex 5 257 60
    endloop
  endfacet
  facet normal 0 0 1
    outer loop
      vertex 32.6667 253.537 60
      vertex 5 253 60
      vertex 32.6667 253 60
    endloop
  endfacet
  facet normal 0 0 1
    outer loop
      vertex 68.3333 383 60
      vertex 40.6667 379.537 60
      vertex 68.3333 379 60
    endloop
  endfacet
  facet normal 0 0 1
    outer loop
      vertex 68.3333 383 60
      vertex 32.6667 379.537 60
      vertex 40.6667 379.537 60
    endloop
  endfacet
  facet normal -0 0 1
    outer loop
      vertex 5 383 60
      vertex 32.6667 379.537 60
      vertex 68.3333 383 60
    endloop
  endfacet
  facet normal 0 0 1
    outer loop
      vertex 5 379 60
      vertex 32.6667 379.537 60
      vertex 5 383 60
    endloop
  endfacet
  facet normal 0 0 1
    outer loop
      vertex 32.6667 379.537 60
      vertex 5 379 60
      vertex 32.6667 379 60
    endloop
  endfacet
  facet normal 0 0 1
    outer loop
      vertex 135.667 131 60
      vertex 108 127.537 60
      vertex 135.667 127 60
    endloop
  endfacet
  facet normal 0 0 1
    outer loop
      vertex 135.667 131 60
      vertex 100 127.537 60
      vertex 108 127.537 60
    endloop
  endfacet
  facet normal -0 0 1
    outer loop
      vertex 72.3333 131 60
      vertex 100 127.537 60
      vertex 135.667 131 60
    endloop
  endfacet
  facet normal 0 0 1
    outer loop
      vertex 72.3333 127 60
      vertex 100 127.537 60
      vertex 72.3333 131 60
    endloop
  endfacet
  facet normal 0 0 1
    outer loop
      vertex 100 127.537 60
      vertex 72.3333 127 60
      vertex 100 127 60
    endloop
  endfacet
  facet normal 0 0 1
    outer loop
      vertex 135.667 257 60
      vertex 108 253.537 60
      vertex 135.667 253 60
    endloop
  endfacet
  facet normal 0 0 1
    outer loop
      vertex 135.667 257 60
      vertex 100 253.537 60
      vertex 108 253.537 60
    endloop
  endfacet
  facet normal -0 0 1
    outer loop
      vertex 72.3333 257 60
      vertex 100 253.537 60
      vertex 135.667 257 60
    endloop
  endfacet
  facet normal 0 0 1
    outer loop
      vertex 72.3333 253 60
      vertex 100 253.537 60
      vertex 72.3333 257 60
    endloop
  endfacet
  facet normal 0 0 1
    outer loop
      vertex 100 253.537 60
      vertex 72.3333 253 60
      vertex 100 253 60
    endloop
  endfacet
  facet normal 0 0 1
    outer loop
      vertex 135.667 383 60
      vertex 108 379.537 60
      vertex 135.667 379 60
    endloop
  endfacet
  facet normal 0 0 1
    outer loop
      vertex 135.667 383 60
      vertex 100 379.537 60
      vertex 108 379.537 60
    endloop
  endfacet
  facet normal -0 0 1
    outer loop
      vertex 72.3333 383 60
      vertex 100 379.537 60
      vertex 135.667 383 60
    endloop
  endfacet
  facet normal 0 0 1
    outer loop
      vertex 72.3333 379 60
      vertex 100 379.537 60
      vertex 72.3333 383 60
    endloop
  endfacet
  facet normal 0 0 1
    outer loop
      vertex 100 379.537 60
      vertex 72.3333 379 60
      vertex 100 379 60
    endloop
  endfacet
  facet normal 0 0 1
    outer loop
      vertex 203 131 60
      vertex 175.333 127.537 60
      vertex 203 127 60
    endloop
  endfacet
  facet normal 0 0 1
    outer loop
      vertex 203 131 60
      vertex 167.333 127.537 60
      vertex 175.333 127.537 60
    endloop
  endfacet
  facet normal -0 0 1
    outer loop
      vertex 139.667 131 60
      vertex 167.333 127.537 60
      vertex 203 131 60
    endloop
  endfacet
  facet normal 0 0 1
    outer loop
      vertex 139.667 127 60
      vertex 167.333 127.537 60
      vertex 139.667 131 60
    endloop
  endfacet
  facet normal 0 0 1
    outer loop
      vertex 167.333 127.537 60
      vertex 139.667 127 60
      vertex 167.333 127 60
    endloop
  endfacet
  facet normal 0 0 1
    outer loop
      vertex 203 257 60
      vertex 175.333 253.537 60
      vertex 203 253 60
    endloop
  endfacet
  facet normal 0 0 1
    outer loop
      vertex 203 257 60
      vertex 167.333 253.537 60
      vertex 175.333 253.537 60
    endloop
  endfacet
  facet normal -0 0 1
    outer loop
      vertex 139.667 257 60
      vertex 167.333 253.537 60
      vertex 203 257 60
    endloop
  endfacet
  facet normal 0 0 1
    outer loop
      vertex 139.667 253 60
      vertex 167.333 253.537 60
      vertex 139.667 257 60
    endloop
  endfacet
  facet normal 0 0 1
    outer loop
      vertex 167.333 253.537 60
      vertex 139.667 253 60
      vertex 167.333 253 60
    endloop
  endfacet
  facet normal 0 0 1
    outer loop
      vertex 203 383 60
      vertex 175.333 379.537 60
      vertex 203 379 60
    endloop
  endfacet
  facet normal 0 0 1
    outer loop
      vertex 203 383 60
      vertex 167.333 379.537 60
      vertex 175.333 379.537 60
    endloop
  endfacet
  facet normal -0 0 1
    outer loop
      vertex 139.667 383 60
      vertex 167.333 379.537 60
      vertex 203 383 60
    endloop
  endfacet
  facet normal 0 0 1
    outer loop
      vertex 139.667 379 60
      vertex 167.333 379.537 60
      vertex 139.667 383 60
    endloop
  endfacet
  facet normal 0 0 1
    outer loop
      vertex 167.333 379.537 60
      vertex 139.667 379 60
      vertex 167.333 379 60
    endloop
  endfacet
  facet normal 0 0 1
    outer loop
      vertex 270.333 131 60
      vertex 242.667 127.537 60
      vertex 270.333 127 60
    endloop
  endfacet
  facet normal 0 0 1
    outer loop
      vertex 270.333 131 60
      vertex 234.667 127.537 60
      vertex 242.667 127.537 60
    endloop
  endfacet
  facet normal -0 0 1
    outer loop
      vertex 207 131 60
      vertex 234.667 127.537 60
      vertex 270.333 131 60
    endloop
  endfacet
  facet normal 0 0 1
    outer loop
      vertex 207 127 60
      vertex 234.667 127.537 60
      vertex 207 131 60
    endloop
  endfacet
  facet normal 0 0 1
    outer loop
      vertex 234.667 127.537 60
      vertex 207 127 60
      vertex 234.667 127 60
    endloop
  endfacet
  facet normal 0 0 1
    outer loop
      vertex 270.333 257 60
      vertex 242.667 253.537 60
      vertex 270.333 253 60
    endloop
  endfacet
  facet normal 0 0 1
    outer loop
      vertex 270.333 257 60
      vertex 234.667 253.537 60
      vertex 242.667 253.537 60
    endloop
  endfacet
  facet normal -0 0 1
    outer loop
      vertex 207 257 60
      vertex 234.667 253.537 60
      vertex 270.333 257 60
    endloop
  endfacet
  facet normal 0 0 1
    outer loop
      vertex 207 253 60
      vertex 234.667 253.537 60
      vertex 207 257 60
    endloop
  endfacet
  facet normal 0 0 1
    outer loop
      vertex 234.667 253.537 60
      vertex 207 253 60
      vertex 234.667 253 60
    endloop
  endfacet
  facet normal 0 0 1
    outer loop
      vertex 270.333 383 60
      vertex 242.667 379.537 60
      vertex 270.333 379 60
    endloop
  endfacet
  facet normal 0 0 1
    outer loop
      vertex 270.333 383 60
      vertex 234.667 379.537 60
      vertex 242.667 379.537 60
    endloop
  endfacet
  facet normal -0 0 1
    outer loop
      vertex 207 383 60
      vertex 234.667 379.537 60
      vertex 270.333 383 60
    endloop
  endfacet
  facet normal 0 0 1
    outer loop
      vertex 207 379 60
      vertex 234.667 379.537 60
      vertex 207 383 60
    endloop
  endfacet
  facet normal 0 0 1
    outer loop
      vertex 234.667 379.537 60
      vertex 207 379 60
      vertex 234.667 379 60
    endloop
  endfacet
  facet normal 0 0 1
    outer loop
      vertex 337.667 131 60
      vertex 310 127.537 60
      vertex 337.667 127 60
    endloop
  endfacet
  facet normal 0 0 1
    outer loop
      vertex 337.667 131 60
      vertex 302 127.537 60
      vertex 310 127.537 60
    endloop
  endfacet
  facet normal -0 0 1
    outer loop
      vertex 274.333 131 60
      vertex 302 127.537 60
      vertex 337.667 131 60
    endloop
  endfacet
  facet normal 0 0 1
    outer loop
      vertex 274.333 127 60
      vertex 302 127.537 60
      vertex 274.333 131 60
    endloop
  endfacet
  facet normal 0 0 1
    outer loop
      vertex 302 127.537 60
      vertex 274.333 127 60
      vertex 302 127 60
    endloop
  endfacet
  facet normal 0 0 1
    outer loop
      vertex 337.667 257 60
      vertex 310 253.537 60
      vertex 337.667 253 60
    endloop
  endfacet
  facet normal 0 0 1
    outer loop
      vertex 337.667 257 60
      vertex 302 253.537 60
      vertex 310 253.537 60
    endloop
  endfacet
  facet normal -0 0 1
    outer loop
      vertex 274.333 257 60
      vertex 302 253.537 60
      vertex 337.667 257 60
    endloop
  endfacet
  facet normal 0 0 1
    outer loop
      vertex 274.333 253 60
      vertex 302 253.537 60
      vertex 274.333 257 60
    endloop
  endfacet
  facet normal 0 0 1
    outer loop
      vertex 302 253.537 60
      vertex 274.333 253 60
      vertex 302 253 60
    endloop
  endfacet
  facet normal 0 0 1
    outer loop
      vertex 337.667 383 60
      vertex 310 379.537 60
      vertex 337.667 379 60
    endloop
  endfacet
  facet normal 0 0 1
    outer loop
      vertex 337.667 383 60
      vertex 302 379.537 60
      vertex 310 379.537 60
    endloop
  endfacet
  facet normal -0 0 1
    outer loop
      vertex 274.333 383 60
      vertex 302 379.537 60
      vertex 337.667 383 60
    endloop
  endfacet
  facet normal 0 0 1
    outer loop
      vertex 274.333 379 60
      vertex 302 379.537 60
      vertex 274.333 383 60
    endloop
  endfacet
  facet normal 0 0 1
    outer loop
      vertex 302 379.537 60
      vertex 274.333 379 60
      vertex 302 379 60
    endloop
  endfacet
  facet normal 0 0 1
    outer loop
      vertex 405 131 60
      vertex 377.333 127.537 60
      vertex 405 127 60
    endloop
  endfacet
  facet normal 0 0 1
    outer loop
      vertex 405 131 60
      vertex 369.333 127.537 60
      vertex 377.333 127.537 60
    endloop
  endfacet
  facet normal -0 0 1
    outer loop
      vertex 341.667 131 60
      vertex 369.333 127.537 60
      vertex 405 131 60
    endloop
  endfacet
  facet normal 0 0 1
    outer loop
      vertex 341.667 127 60
      vertex 369.333 127.537 60
      vertex 341.667 131 60
    endloop
  endfacet
  facet normal 0 0 1
    outer loop
      vertex 369.333 127.537 60
      vertex 341.667 127 60
      vertex 369.333 127 60
    endloop
  endfacet
  facet normal 0 0 1
    outer loop
      vertex 405 257 60
      vertex 377.333 253.537 60
      vertex 405 253 60
    endloop
  endfacet
  facet normal 0 0 1
    outer loop
      vertex 405 257 60
      vertex 369.333 253.537 60
      vertex 377.333 253.537 60
    endloop
  endfacet
  facet normal -0 0 1
    outer loop
      vertex 341.667 257 60
      vertex 369.333 253.537 60
      vertex 405 257 60
    endloop
  endfacet
  facet normal 0 0 1
    outer loop
      vertex 341.667 253 60
      vertex 369.333 253.537 60
      vertex 341.667 257 60
    endloop
  endfacet
  facet normal 0 0 1
    outer loop
      vertex 369.333 253.537 60
      vertex 341.667 253 60
      vertex 369.333 253 60
    endloop
  endfacet
  facet normal 0 0 1
    outer loop
      vertex 405 383 60
      vertex 377.333 379.537 60
      vertex 405 379 60
    endloop
  endfacet
  facet normal 0 0 1
    outer loop
      vertex 405 383 60
      vertex 369.333 379.537 60
      vertex 377.333 379.537 60
    endloop
  endfacet
  facet normal -0 0 1
    outer loop
      vertex 341.667 383 60
      vertex 369.333 379.537 60
      vertex 405 383 60
    endloop
  endfacet
  facet normal 0 0 1
    outer loop
      vertex 341.667 379 60
      vertex 369.333 379.537 60
      vertex 341.667 383 60
    endloop
  endfacet
  facet normal 0 0 1
    outer loop
      vertex 369.333 379.537 60
      vertex 341.667 379 60
      vertex 369.333 379 60
    endloop
  endfacet
  facet normal 0 0 1
    outer loop
      vertex 405 383 60
      vertex 410 510 60
      vertex 405 505 60
    endloop
  endfacet
  facet normal 0 0 1
    outer loop
      vertex 410 510 60
      vertex 377.333 505.537 60
      vertex 405 505 60
    endloop
  endfacet
  facet normal 0 0 1
    outer loop
      vertex 410 510 60
      vertex 369.333 505.537 60
      vertex 377.333 505.537 60
    endloop
  endfacet
  facet normal 0 0 1
    outer loop
      vertex 369.333 505.537 60
      vertex 341.667 505 60
      vertex 369.333 505 60
    endloop
  endfacet
  facet normal 0 0 1
    outer loop
      vertex 410 510 60
      vertex 341.667 505 60
      vertex 369.333 505.537 60
    endloop
  endfacet
  facet normal 0 0 1
    outer loop
      vertex 337.667 383 60
      vertex 341.667 383 60
      vertex 341.667 505 60
    endloop
  endfacet
  facet normal 0 0 1
    outer loop
      vertex 341.667 383 60
      vertex 337.667 383 60
      vertex 341.667 379 60
    endloop
  endfacet
  facet normal 0 0 1
    outer loop
      vertex 341.667 379 60
      vertex 337.667 379 60
      vertex 341.667 257 60
    endloop
  endfacet
  facet normal 0 0 1
    outer loop
      vertex 337.667 257 60
      vertex 341.667 257 60
      vertex 337.667 379 60
    endloop
  endfacet
  facet normal 0 0 1
    outer loop
      vertex 337.667 253 60
      vertex 341.667 253 60
      vertex 337.667 257 60
    endloop
  endfacet
  facet normal 0 0 1
    outer loop
      vertex 341.667 253 60
      vertex 337.667 253 60
      vertex 341.667 131 60
    endloop
  endfacet
  facet normal 0 0 1
    outer loop
      vertex 337.667 383 60
      vertex 341.667 505 60
      vertex 337.667 505 60
    endloop
  endfacet
  facet normal 0 0 1
    outer loop
      vertex 410 510 60
      vertex 337.667 505 60
      vertex 341.667 505 60
    endloop
  endfacet
  facet normal 0 0 1
    outer loop
      vertex 410 510 60
      vertex 310 505.537 60
      vertex 337.667 505 60
    endloop
  endfacet
  facet normal 0 0 1
    outer loop
      vertex 410 510 60
      vertex 302 505.537 60
      vertex 310 505.537 60
    endloop
  endfacet
  facet normal 0 0 1
    outer loop
      vertex 302 505.537 60
      vertex 274.333 505 60
      vertex 302 505 60
    endloop
  endfacet
  facet normal 0 0 1
    outer loop
      vertex 242.667 505.537 60
      vertex 302 505.537 60
      vertex 410 510 60
    endloop
  endfacet
  facet normal 0 0 1
    outer loop
      vertex 270.333 383 60
      vertex 274.333 383 60
      vertex 274.333 505 60
    endloop
  endfacet
  facet normal 0 0 1
    outer loop
      vertex 274.333 383 60
      vertex 270.333 383 60
      vertex 274.333 379 60
    endloop
  endfacet
  facet normal 0 0 1
    outer loop
      vertex 274.333 379 60
      vertex 270.333 379 60
      vertex 274.333 257 60
    endloop
  endfacet
  facet normal 0 0 1
    outer loop
      vertex 270.333 257 60
      vertex 274.333 257 60
      vertex 270.333 379 60
    endloop
  endfacet
  facet normal 0 0 1
    outer loop
      vertex 270.333 253 60
      vertex 274.333 253 60
      vertex 270.333 257 60
    endloop
  endfacet
  facet normal 0 0 1
    outer loop
      vertex 274.333 253 60
      vertex 270.333 253 60
      vertex 274.333 131 60
    endloop
  endfacet
  facet normal 0 0 1
    outer loop
      vertex 270.333 383 60
      vertex 274.333 505 60
      vertex 270.333 505 60
    endloop
  endfacet
  facet normal 0 0 1
    outer loop
      vertex 302 505.537 60
      vertex 270.333 505 60
      vertex 274.333 505 60
    endloop
  endfacet
  facet normal 0 0 1
    outer loop
      vertex 302 505.537 60
      vertex 242.667 505.537 60
      vertex 270.333 505 60
    endloop
  endfacet
  facet normal 0 0 1
    outer loop
      vertex 410 510 60
      vertex 234.667 505.537 60
      vertex 242.667 505.537 60
    endloop
  endfacet
  facet normal 0 0 1
    outer loop
      vertex 234.667 505.537 60
      vertex 207 505 60
      vertex 234.667 505 60
    endloop
  endfacet
  facet normal 0 0 1
    outer loop
      vertex 175.333 505.537 60
      vertex 234.667 505.537 60
      vertex 410 510 60
    endloop
  endfacet
  facet normal 0 0 1
    outer loop
      vertex 203 383 60
      vertex 207 383 60
      vertex 207 505 60
    endloop
  endfacet
  facet normal 0 0 1
    outer loop
      vertex 207 383 60
      vertex 203 383 60
      vertex 207 379 60
    endloop
  endfacet
  facet normal 0 0 1
    outer loop
      vertex 207 379 60
      vertex 203 379 60
      vertex 207 257 60
    endloop
  endfacet
  facet normal 0 0 1
    outer loop
      vertex 203 257 60
      vertex 207 257 60
      vertex 203 379 60
    endloop
  endfacet
  facet normal 0 0 1
    outer loop
      vertex 203 253 60
      vertex 207 253 60
      vertex 203 257 60
    endloop
  endfacet
  facet normal 0 0 1
    outer loop
      vertex 207 253 60
      vertex 203 253 60
      vertex 207 131 60
    endloop
  endfacet
  facet normal 0 0 1
    outer loop
      vertex 203 383 60
      vertex 207 505 60
      vertex 203 505 60
    endloop
  endfacet
  facet normal 0 0 1
    outer loop
      vertex 234.667 505.537 60
      vertex 175.333 505.537 60
      vertex 207 505 60
    endloop
  endfacet
  facet normal 0 0 1
    outer loop
      vertex 207 505 60
      vertex 175.333 505.537 60
      vertex 203 505 60
    endloop
  endfacet
  facet normal 0 0 1
    outer loop
      vertex 410 510 60
      vertex 167.333 505.537 60
      vertex 175.333 505.537 60
    endloop
  endfacet
  facet normal 0 0 1
    outer loop
      vertex 167.333 505.537 60
      vertex 139.667 505 60
      vertex 167.333 505 60
    endloop
  endfacet
  facet normal 0 0 1
    outer loop
      vertex 135.667 383 60
      vertex 139.667 383 60
      vertex 139.667 505 60
    endloop
  endfacet
  facet normal 0 0 1
    outer loop
      vertex 139.667 383 60
      vertex 135.667 383 60
      vertex 139.667 379 60
    endloop
  endfacet
  facet normal 0 0 1
    outer loop
      vertex 139.667 379 60
      vertex 135.667 379 60
      vertex 139.667 257 60
    endloop
  endfacet
  facet normal 0 0 1
    outer loop
      vertex 135.667 257 60
      vertex 139.667 257 60
      vertex 135.667 379 60
    endloop
  endfacet
  facet normal 0 0 1
    outer loop
      vertex 135.667 253 60
      vertex 139.667 253 60
      vertex 135.667 257 60
    endloop
  endfacet
  facet normal 0 0 1
    outer loop
      vertex 139.667 253 60
      vertex 135.667 253 60
      vertex 139.667 131 60
    endloop
  endfacet
  facet normal 0 0 1
    outer loop
      vertex 135.667 383 60
      vertex 139.667 505 60
      vertex 135.667 505 60
    endloop
  endfacet
  facet normal 0 0 1
    outer loop
      vertex 167.333 505.537 60
      vertex 135.667 505 60
      vertex 139.667 505 60
    endloop
  endfacet
  facet normal -0 0 1
    outer loop
      vertex 0 510 60
      vertex 167.333 505.537 60
      vertex 410 510 60
    endloop
  endfacet
  facet normal 0 0 1
    outer loop
      vertex 167.333 505.537 60
      vertex 108 505.537 60
      vertex 135.667 505 60
    endloop
  endfacet
  facet normal 0 0 1
    outer loop
      vertex 167.333 505.537 60
      vertex 0 510 60
      vertex 108 505.537 60
    endloop
  endfacet
  facet normal 0 0 1
    outer loop
      vertex 100 505.537 60
      vertex 72.3333 505 60
      vertex 100 505 60
    endloop
  endfacet
  facet normal 0 0 1
    outer loop
      vertex 68.3333 383 60
      vertex 72.3333 383 60
      vertex 72.3333 505 60
    endloop
  endfacet
  facet normal 0 0 1
    outer loop
      vertex 72.3333 383 60
      vertex 68.3333 383 60
      vertex 72.3333 379 60
    endloop
  endfacet
  facet normal 0 0 1
    outer loop
      vertex 72.3333 379 60
      vertex 68.3333 379 60
      vertex 72.3333 257 60
    endloop
  endfacet
  facet normal 0 0 1
    outer loop
      vertex 68.3333 257 60
      vertex 72.3333 257 60
      vertex 68.3333 379 60
    endloop
  endfacet
  facet normal 0 0 1
    outer loop
      vertex 68.3333 253 60
      vertex 72.3333 253 60
      vertex 68.3333 257 60
    endloop
  endfacet
  facet normal 0 0 1
    outer loop
      vertex 72.3333 253 60
      vertex 68.3333 253 60
      vertex 72.3333 131 60
    endloop
  endfacet
  facet normal 0 0 1
    outer loop
      vertex 68.3333 383 60
      vertex 72.3333 505 60
      vertex 68.3333 505 60
    endloop
  endfacet
  facet normal 0 0 1
    outer loop
      vertex 100 505.537 60
      vertex 68.3333 505 60
      vertex 72.3333 505 60
    endloop
  endfacet
  facet normal 0 0 1
    outer loop
      vertex 0 510 60
      vertex 68.3333 505 60
      vertex 100 505.537 60
    endloop
  endfacet
  facet normal 0 0 1
    outer loop
      vertex 108 505.537 60
      vertex 0 510 60
      vertex 100 505.537 60
    endloop
  endfacet
  facet normal 0 0 1
    outer loop
      vertex 68.3333 505 60
      vertex 0 510 60
      vertex 40.6667 505.537 60
    endloop
  endfacet
  facet normal 0 0 1
    outer loop
      vertex 32.6667 505.537 60
      vertex 5 505 60
      vertex 32.6667 505 60
    endloop
  endfacet
  facet normal 0 0 1
    outer loop
      vertex 0 510 60
      vertex 5 383 60
      vertex 5 505 60
    endloop
  endfacet
  facet normal 0 0 1
    outer loop
      vertex 5 383 60
      vertex 0 510 60
      vertex 5 379 60
    endloop
  endfacet
  facet normal 0 0 1
    outer loop
      vertex 5 379 60
      vertex 0 510 60
      vertex 5 257 60
    endloop
  endfacet
  facet normal 0 0 1
    outer loop
      vertex 5 257 60
      vertex 0 510 60
      vertex 5 253 60
    endloop
  endfacet
  facet normal 0 0 1
    outer loop
      vertex 0 0 60
      vertex 5 253 60
      vertex 0 510 60
    endloop
  endfacet
  facet normal 0 0 1
    outer loop
      vertex 5 253 60
      vertex 0 0 60
      vertex 5 131 60
    endloop
  endfacet
  facet normal 0 0 1
    outer loop
      vertex 5 131 60
      vertex 0 0 60
      vertex 5 127 60
    endloop
  endfacet
  facet normal 0 0 1
    outer loop
      vertex 32.6667 505.537 60
      vertex 0 510 60
      vertex 5 505 60
    endloop
  endfacet
  facet normal 0 0 1
    outer loop
      vertex 40.6667 505.537 60
      vertex 0 510 60
      vertex 32.6667 505.537 60
    endloop
  endfacet
  facet normal 0 0 1
    outer loop
      vertex 405 379 60
      vertex 410 510 60
      vertex 405 383 60
    endloop
  endfacet
  facet normal 0 0 1
    outer loop
      vertex 405 257 60
      vertex 410 510 60
      vertex 405 379 60
    endloop
  endfacet
  facet normal 0 0 1
    outer loop
      vertex 410 510 60
      vertex 405 257 60
      vertex 410 0 60
    endloop
  endfacet
  facet normal -0 0 1
    outer loop
      vertex 405 253 60
      vertex 410 0 60
      vertex 405 257 60
    endloop
  endfacet
  facet normal -0 0 1
    outer loop
      vertex 405 131 60
      vertex 410 0 60
      vertex 405 253 60
    endloop
  endfacet
  facet normal -0 0 1
    outer loop
      vertex 405 127 60
      vertex 410 0 60
      vertex 405 131 60
    endloop
  endfacet
  facet normal -0 0 1
    outer loop
      vertex 405 5 60
      vertex 410 0 60
      vertex 405 127 60
    endloop
  endfacet
  facet normal -0 0 1
    outer loop
      vertex 341.667 5 60
      vertex 410 0 60
      vertex 405 5 60
    endloop
  endfacet
  facet normal 0 0 1
    outer loop
      vertex 341.667 379 60
      vertex 337.667 383 60
      vertex 337.667 379 60
    endloop
  endfacet
  facet normal 0 0 1
    outer loop
      vertex 341.667 257 60
      vertex 337.667 257 60
      vertex 341.667 253 60
    endloop
  endfacet
  facet normal 0 0 1
    outer loop
      vertex 337.667 131 60
      vertex 341.667 131 60
      vertex 337.667 253 60
    endloop
  endfacet
  facet normal 0 0 1
    outer loop
      vertex 341.667 131 60
      vertex 337.667 131 60
      vertex 341.667 127 60
    endloop
  endfacet
  facet normal 0 0 1
    outer loop
      vertex 337.667 127 60
      vertex 341.667 127 60
      vertex 337.667 131 60
    endloop
  endfacet
  facet normal 0 0 1
    outer loop
      vertex 341.667 127 60
      vertex 337.667 127 60
      vertex 341.667 5 60
    endloop
  endfacet
  facet normal 0 0 1
    outer loop
      vertex 337.667 5 60
      vertex 341.667 5 60
      vertex 337.667 127 60
    endloop
  endfacet
  facet normal -0 0 1
    outer loop
      vertex 337.667 5 60
      vertex 410 0 60
      vertex 341.667 5 60
    endloop
  endfacet
  facet normal -0 0 1
    outer loop
      vertex 274.333 5 60
      vertex 410 0 60
      vertex 337.667 5 60
    endloop
  endfacet
  facet normal 0 0 1
    outer loop
      vertex 274.333 379 60
      vertex 270.333 383 60
      vertex 270.333 379 60
    endloop
  endfacet
  facet normal 0 0 1
    outer loop
      vertex 274.333 257 60
      vertex 270.333 257 60
      vertex 274.333 253 60
    endloop
  endfacet
  facet normal 0 0 1
    outer loop
      vertex 270.333 131 60
      vertex 274.333 131 60
      vertex 270.333 253 60
    endloop
  endfacet
  facet normal 0 0 1
    outer loop
      vertex 274.333 131 60
      vertex 270.333 131 60
      vertex 274.333 127 60
    endloop
  endfacet
  facet normal 0 0 1
    outer loop
      vertex 270.333 127 60
      vertex 274.333 127 60
      vertex 270.333 131 60
    endloop
  endfacet
  facet normal 0 0 1
    outer loop
      vertex 274.333 127 60
      vertex 270.333 127 60
      vertex 274.333 5 60
    endloop
  endfacet
  facet normal 0 0 1
    outer loop
      vertex 270.333 5 60
      vertex 274.333 5 60
      vertex 270.333 127 60
    endloop
  endfacet
  facet normal -0 0 1
    outer loop
      vertex 270.333 5 60
      vertex 410 0 60
      vertex 274.333 5 60
    endloop
  endfacet
  facet normal -0 0 1
    outer loop
      vertex 207 5 60
      vertex 410 0 60
      vertex 270.333 5 60
    endloop
  endfacet
  facet normal 0 0 1
    outer loop
      vertex 207 379 60
      vertex 203 383 60
      vertex 203 379 60
    endloop
  endfacet
  facet normal 0 0 1
    outer loop
      vertex 207 257 60
      vertex 203 257 60
      vertex 207 253 60
    endloop
  endfacet
  facet normal 0 0 1
    outer loop
      vertex 203 131 60
      vertex 207 131 60
      vertex 203 253 60
    endloop
  endfacet
  facet normal 0 0 1
    outer loop
      vertex 207 131 60
      vertex 203 131 60
      vertex 207 127 60
    endloop
  endfacet
  facet normal 0 0 1
    outer loop
      vertex 203 127 60
      vertex 207 127 60
      vertex 203 131 60
    endloop
  endfacet
  facet normal 0 0 1
    outer loop
      vertex 207 127 60
      vertex 203 127 60
      vertex 207 5 60
    endloop
  endfacet
  facet normal 0 0 1
    outer loop
      vertex 203 5 60
      vertex 207 5 60
      vertex 203 127 60
    endloop
  endfacet
  facet normal -0 0 1
    outer loop
      vertex 203 5 60
      vertex 410 0 60
      vertex 207 5 60
    endloop
  endfacet
  facet normal 0 0 1
    outer loop
      vertex 0 0 60
      vertex 203 5 60
      vertex 139.667 5 60
    endloop
  endfacet
  facet normal 0 0 1
    outer loop
      vertex 139.667 379 60
      vertex 135.667 383 60
      vertex 135.667 379 60
    endloop
  endfacet
  facet normal 0 0 1
    outer loop
      vertex 139.667 257 60
      vertex 135.667 257 60
      vertex 139.667 253 60
    endloop
  endfacet
  facet normal 0 0 1
    outer loop
      vertex 135.667 131 60
      vertex 139.667 131 60
      vertex 135.667 253 60
    endloop
  endfacet
  facet normal 0 0 1
    outer loop
      vertex 139.667 131 60
      vertex 135.667 131 60
      vertex 139.667 127 60
    endloop
  endfacet
  facet normal 0 0 1
    outer loop
      vertex 135.667 127 60
      vertex 139.667 127 60
      vertex 135.667 131 60
    endloop
  endfacet
  facet normal 0 0 1
    outer loop
      vertex 139.667 127 60
      vertex 135.667 127 60
      vertex 139.667 5 60
    endloop
  endfacet
  facet normal 0 0 1
    outer loop
      vertex 135.667 5 60
      vertex 139.667 5 60
      vertex 135.667 127 60
    endloop
  endfacet
  facet normal 0 0 1
    outer loop
      vertex 0 0 60
      vertex 139.667 5 60
      vertex 135.667 5 60
    endloop
  endfacet
  facet normal 0 0 1
    outer loop
      vertex 0 0 60
      vertex 135.667 5 60
      vertex 72.3333 5 60
    endloop
  endfacet
  facet normal 0 0 1
    outer loop
      vertex 72.3333 379 60
      vertex 68.3333 383 60
      vertex 68.3333 379 60
    endloop
  endfacet
  facet normal 0 0 1
    outer loop
      vertex 72.3333 257 60
      vertex 68.3333 257 60
      vertex 72.3333 253 60
    endloop
  endfacet
  facet normal 0 0 1
    outer loop
      vertex 68.3333 131 60
      vertex 72.3333 131 60
      vertex 68.3333 253 60
    endloop
  endfacet
  facet normal 0 0 1
    outer loop
      vertex 72.3333 131 60
      vertex 68.3333 131 60
      vertex 72.3333 127 60
    endloop
  endfacet
  facet normal 0 0 1
    outer loop
      vertex 68.3333 127 60
      vertex 72.3333 127 60
      vertex 68.3333 131 60
    endloop
  endfacet
  facet normal 0 0 1
    outer loop
      vertex 72.3333 127 60
      vertex 68.3333 127 60
      vertex 72.3333 5 60
    endloop
  endfacet
  facet normal 0 0 1
    outer loop
      vertex 68.3333 5 60
      vertex 72.3333 5 60
      vertex 68.3333 127 60
    endloop
  endfacet
  facet normal 0 0 1
    outer loop
      vertex 0 0 60
      vertex 72.3333 5 60
      vertex 68.3333 5 60
    endloop
  endfacet
  facet normal 0 0 1
    outer loop
      vertex 0 0 60
      vertex 68.3333 5 60
      vertex 5 5 60
    endloop
  endfacet
  facet normal 0 0 1
    outer loop
      vertex 203 5 60
      vertex 0 0 60
      vertex 410 0 60
    endloop
  endfacet
  facet normal 0 0 1
    outer loop
      vertex 5 127 60
      vertex 0 0 60
      vertex 5 5 60
    endloop
  endfacet
  facet normal 0 0 1
    outer loop
      vertex 405 505 60
      vertex 377.333 505.537 60
      vertex 377.333 505 60
    endloop
  endfacet
  facet normal 0 0 1
    outer loop
      vertex 405 379 60
      vertex 377.333 379.537 60
      vertex 377.333 379 60
    endloop
  endfacet
  facet normal 0 0 1
    outer loop
      vertex 405 253 60
      vertex 377.333 253.537 60
      vertex 377.333 253 60
    endloop
  endfacet
  facet normal 0 0 1
    outer loop
      vertex 405 127 60
      vertex 377.333 127.537 60
      vertex 377.333 127 60
    endloop
  endfacet
  facet normal 0 0 1
    outer loop
      vertex 337.667 505 60
      vertex 310 505.537 60
      vertex 310 505 60
    endloop
  endfacet
  facet normal 0 0 1
    outer loop
      vertex 337.667 379 60
      vertex 310 379.537 60
      vertex 310 379 60
    endloop
  endfacet
  facet normal 0 0 1
    outer loop
      vertex 337.667 253 60
      vertex 310 253.537 60
      vertex 310 253 60
    endloop
  endfacet
  facet normal 0 0 1
    outer loop
      vertex 337.667 127 60
      vertex 310 127.537 60
      vertex 310 127 60
    endloop
  endfacet
  facet normal 0 0 1
    outer loop
      vertex 270.333 505 60
      vertex 242.667 505.537 60
      vertex 242.667 505 60
    endloop
  endfacet
  facet normal 0 0 1
    outer loop
      vertex 270.333 379 60
      vertex 242.667 379.537 60
      vertex 242.667 379 60
    endloop
  endfacet
  facet normal 0 0 1
    outer loop
      vertex 270.333 253 60
      vertex 242.667 253.537 60
      vertex 242.667 253 60
    endloop
  endfacet
  facet normal 0 0 1
    outer loop
      vertex 270.333 127 60
      vertex 242.667 127.537 60
      vertex 242.667 127 60
    endloop
  endfacet
  facet normal 0 0 1
    outer loop
      vertex 203 505 60
      vertex 175.333 505.537 60
      vertex 175.333 505 60
    endloop
  endfacet
  facet normal 0 0 1
    outer loop
      vertex 203 379 60
      vertex 175.333 379.537 60
      vertex 175.333 379 60
    endloop
  endfacet
  facet normal 0 0 1
    outer loop
      vertex 203 253 60
      vertex 175.333 253.537 60
      vertex 175.333 253 60
    endloop
  endfacet
  facet normal 0 0 1
    outer loop
      vertex 203 127 60
      vertex 175.333 127.537 60
      vertex 175.333 127 60
    endloop
  endfacet
  facet normal 0 0 1
    outer loop
      vertex 135.667 505 60
      vertex 108 505.537 60
      vertex 108 505 60
    endloop
  endfacet
  facet normal 0 0 1
    outer loop
      vertex 135.667 379 60
      vertex 108 379.537 60
      vertex 108 379 60
    endloop
  endfacet
  facet normal 0 0 1
    outer loop
      vertex 135.667 253 60
      vertex 108 253.537 60
      vertex 108 253 60
    endloop
  endfacet
  facet normal 0 0 1
    outer loop
      vertex 135.667 127 60
      vertex 108 127.537 60
      vertex 108 127 60
    endloop
  endfacet
  facet normal 0 0 1
    outer loop
      vertex 68.3333 505 60
      vertex 40.6667 505.537 60
      vertex 40.6667 505 60
    endloop
  endfacet
  facet normal 0 0 1
    outer loop
      vertex 68.3333 379 60
      vertex 40.6667 379.537 60
      vertex 40.6667 379 60
    endloop
  endfacet
  facet normal 0 0 1
    outer loop
      vertex 68.3333 253 60
      vertex 40.6667 253.537 60
      vertex 40.6667 253 60
    endloop
  endfacet
  facet normal 0 0 1
    outer loop
      vertex 68.3333 127 60
      vertex 40.6667 127.537 60
      vertex 40.6667 127 60
    endloop
  endfacet
  facet normal -1 0 0
    outer loop
      vertex 407 3 0
      vertex 407 507 57
      vertex 407 507 0
    endloop
  endfacet
  facet normal -1 -0 0
    outer loop
      vertex 407 507 57
      vertex 407 3 0
      vertex 407 3 57
    endloop
  endfacet
  facet normal 0 -1 0
    outer loop
      vertex 3 507 0
      vertex 407 507 57
      vertex 3 507 57
    endloop
  endfacet
  facet normal 0 -1 -0
    outer loop
      vertex 407 507 57
      vertex 3 507 0
      vertex 407 507 0
    endloop
  endfacet
  facet normal 0 1 -0
    outer loop
      vertex 407 3 0
      vertex 3 3 57
      vertex 407 3 57
    endloop
  endfacet
  facet normal 0 1 0
    outer loop
      vertex 3 3 57
      vertex 407 3 0
      vertex 3 3 0
    endloop
  endfacet
  facet normal 1 -0 0
    outer loop
      vertex 3 3 57
      vertex 3 507 0
      vertex 3 507 57
    endloop
  endfacet
  facet normal 1 0 0
    outer loop
      vertex 3 507 0
      vertex 3 3 57
      vertex 3 3 0
    endloop
  endfacet
  facet normal 0 0 -1
    outer loop
      vertex 32.6667 127 57
      vertex 5 127 57
      vertex 32.6667 127.537 57
    endloop
  endfacet
  facet normal 0 0 -1
    outer loop
      vertex 40.6667 379.537 57
      vertex 68.3333 379 57
      vertex 40.6667 379 57
    endloop
  endfacet
  facet normal 0 0 -1
    outer loop
      vertex 68.3333 379 57
      vertex 40.6667 379.537 57
      vertex 68.3333 383 57
    endloop
  endfacet
  facet normal 0 0 -1
    outer loop
      vertex 32.6667 379.537 57
      vertex 68.3333 383 57
      vertex 40.6667 379.537 57
    endloop
  endfacet
  facet normal 0 0 -1
    outer loop
      vertex 5 383 57
      vertex 32.6667 379.537 57
      vertex 5 379 57
    endloop
  endfacet
  facet normal 0 0 -1
    outer loop
      vertex 32.6667 379.537 57
      vertex 5 383 57
      vertex 68.3333 383 57
    endloop
  endfacet
  facet normal 0 0 -1
    outer loop
      vertex 40.6667 253.537 57
      vertex 68.3333 253 57
      vertex 40.6667 253 57
    endloop
  endfacet
  facet normal 0 0 -1
    outer loop
      vertex 68.3333 253 57
      vertex 40.6667 253.537 57
      vertex 68.3333 257 57
    endloop
  endfacet
  facet normal 0 0 -1
    outer loop
      vertex 32.6667 253.537 57
      vertex 68.3333 257 57
      vertex 40.6667 253.537 57
    endloop
  endfacet
  facet normal 0 0 -1
    outer loop
      vertex 5 257 57
      vertex 32.6667 253.537 57
      vertex 5 253 57
    endloop
  endfacet
  facet normal 0 0 -1
    outer loop
      vertex 32.6667 253.537 57
      vertex 5 257 57
      vertex 68.3333 257 57
    endloop
  endfacet
  facet normal 0 0 -1
    outer loop
      vertex 40.6667 127.537 57
      vertex 68.3333 127 57
      vertex 40.6667 127 57
    endloop
  endfacet
  facet normal 0 0 -1
    outer loop
      vertex 68.3333 127 57
      vertex 40.6667 127.537 57
      vertex 68.3333 131 57
    endloop
  endfacet
  facet normal 0 0 -1
    outer loop
      vertex 32.6667 127.537 57
      vertex 68.3333 131 57
      vertex 40.6667 127.537 57
    endloop
  endfacet
  facet normal 0 0 -1
    outer loop
      vertex 5 131 57
      vertex 32.6667 127.537 57
      vertex 5 127 57
    endloop
  endfacet
  facet normal 0 0 -1
    outer loop
      vertex 32.6667 127.537 57
      vertex 5 131 57
      vertex 68.3333 131 57
    endloop
  endfacet
  facet normal 0 0 -1
    outer loop
      vertex 100 505 57
      vertex 72.3333 505 57
      vertex 100 505.537 57
    endloop
  endfacet
  facet normal 0 0 -1
    outer loop
      vertex 32.6667 253 57
      vertex 5 253 57
      vertex 32.6667 253.537 57
    endloop
  endfacet
  facet normal 0 0 -1
    outer loop
      vertex 32.6667 379 57
      vertex 5 379 57
      vertex 32.6667 379.537 57
    endloop
  endfacet
  facet normal 0 0 -1
    outer loop
      vertex 32.6667 505 57
      vertex 5 505 57
      vertex 32.6667 505.537 57
    endloop
  endfacet
  facet normal 0 0 -1
    outer loop
      vertex 100 127 57
      vertex 72.3333 127 57
      vertex 100 127.537 57
    endloop
  endfacet
  facet normal 0 0 -1
    outer loop
      vertex 108 379.537 57
      vertex 135.667 379 57
      vertex 108 379 57
    endloop
  endfacet
  facet normal 0 0 -1
    outer loop
      vertex 135.667 379 57
      vertex 108 379.537 57
      vertex 135.667 383 57
    endloop
  endfacet
  facet normal 0 0 -1
    outer loop
      vertex 100 379.537 57
      vertex 135.667 383 57
      vertex 108 379.537 57
    endloop
  endfacet
  facet normal 0 0 -1
    outer loop
      vertex 72.3333 383 57
      vertex 100 379.537 57
      vertex 72.3333 379 57
    endloop
  endfacet
  facet normal 0 0 -1
    outer loop
      vertex 100 379.537 57
      vertex 72.3333 383 57
      vertex 135.667 383 57
    endloop
  endfacet
  facet normal 0 0 -1
    outer loop
      vertex 108 253.537 57
      vertex 135.667 253 57
      vertex 108 253 57
    endloop
  endfacet
  facet normal 0 0 -1
    outer loop
      vertex 135.667 253 57
      vertex 108 253.537 57
      vertex 135.667 257 57
    endloop
  endfacet
  facet normal 0 0 -1
    outer loop
      vertex 100 253.537 57
      vertex 135.667 257 57
      vertex 108 253.537 57
    endloop
  endfacet
  facet normal 0 0 -1
    outer loop
      vertex 72.3333 257 57
      vertex 100 253.537 57
      vertex 72.3333 253 57
    endloop
  endfacet
  facet normal 0 0 -1
    outer loop
      vertex 100 253.537 57
      vertex 72.3333 257 57
      vertex 135.667 257 57
    endloop
  endfacet
  facet normal 0 0 -1
    outer loop
      vertex 108 127.537 57
      vertex 135.667 127 57
      vertex 108 127 57
    endloop
  endfacet
  facet normal 0 0 -1
    outer loop
      vertex 135.667 127 57
      vertex 108 127.537 57
      vertex 135.667 131 57
    endloop
  endfacet
  facet normal 0 0 -1
    outer loop
      vertex 100 127.537 57
      vertex 135.667 131 57
      vertex 108 127.537 57
    endloop
  endfacet
  facet normal 0 0 -1
    outer loop
      vertex 72.3333 131 57
      vertex 100 127.537 57
      vertex 72.3333 127 57
    endloop
  endfacet
  facet normal 0 0 -1
    outer loop
      vertex 100 127.537 57
      vertex 72.3333 131 57
      vertex 135.667 131 57
    endloop
  endfacet
  facet normal 0 0 -1
    outer loop
      vertex 167.333 505 57
      vertex 139.667 505 57
      vertex 167.333 505.537 57
    endloop
  endfacet
  facet normal 0 0 -1
    outer loop
      vertex 100 253 57
      vertex 72.3333 253 57
      vertex 100 253.537 57
    endloop
  endfacet
  facet normal 0 0 -1
    outer loop
      vertex 100 379 57
      vertex 72.3333 379 57
      vertex 100 379.537 57
    endloop
  endfacet
  facet normal 0 0 -1
    outer loop
      vertex 167.333 127 57
      vertex 139.667 127 57
      vertex 167.333 127.537 57
    endloop
  endfacet
  facet normal 0 0 -1
    outer loop
      vertex 175.333 379.537 57
      vertex 203 379 57
      vertex 175.333 379 57
    endloop
  endfacet
  facet normal 0 0 -1
    outer loop
      vertex 203 379 57
      vertex 175.333 379.537 57
      vertex 203 383 57
    endloop
  endfacet
  facet normal 0 0 -1
    outer loop
      vertex 167.333 379.537 57
      vertex 203 383 57
      vertex 175.333 379.537 57
    endloop
  endfacet
  facet normal 0 0 -1
    outer loop
      vertex 139.667 383 57
      vertex 167.333 379.537 57
      vertex 139.667 379 57
    endloop
  endfacet
  facet normal 0 0 -1
    outer loop
      vertex 167.333 379.537 57
      vertex 139.667 383 57
      vertex 203 383 57
    endloop
  endfacet
  facet normal 0 0 -1
    outer loop
      vertex 175.333 253.537 57
      vertex 203 253 57
      vertex 175.333 253 57
    endloop
  endfacet
  facet normal 0 0 -1
    outer loop
      vertex 203 253 57
      vertex 175.333 253.537 57
      vertex 203 257 57
    endloop
  endfacet
  facet normal 0 0 -1
    outer loop
      vertex 167.333 253.537 57
      vertex 203 257 57
      vertex 175.333 253.537 57
    endloop
  endfacet
  facet normal 0 0 -1
    outer loop
      vertex 139.667 257 57
      vertex 167.333 253.537 57
      vertex 139.667 253 57
    endloop
  endfacet
  facet normal 0 0 -1
    outer loop
      vertex 167.333 253.537 57
      vertex 139.667 257 57
      vertex 203 257 57
    endloop
  endfacet
  facet normal 0 0 -1
    outer loop
      vertex 175.333 127.537 57
      vertex 203 127 57
      vertex 175.333 127 57
    endloop
  endfacet
  facet normal 0 0 -1
    outer loop
      vertex 203 127 57
      vertex 175.333 127.537 57
      vertex 203 131 57
    endloop
  endfacet
  facet normal 0 0 -1
    outer loop
      vertex 167.333 127.537 57
      vertex 203 131 57
      vertex 175.333 127.537 57
    endloop
  endfacet
  facet normal 0 0 -1
    outer loop
      vertex 139.667 131 57
      vertex 167.333 127.537 57
      vertex 139.667 127 57
    endloop
  endfacet
  facet normal 0 0 -1
    outer loop
      vertex 167.333 127.537 57
      vertex 139.667 131 57
      vertex 203 131 57
    endloop
  endfacet
  facet normal 0 0 -1
    outer loop
      vertex 234.667 505 57
      vertex 207 505 57
      vertex 234.667 505.537 57
    endloop
  endfacet
  facet normal 0 0 -1
    outer loop
      vertex 167.333 253 57
      vertex 139.667 253 57
      vertex 167.333 253.537 57
    endloop
  endfacet
  facet normal 0 0 -1
    outer loop
      vertex 167.333 379 57
      vertex 139.667 379 57
      vertex 167.333 379.537 57
    endloop
  endfacet
  facet normal 0 0 -1
    outer loop
      vertex 234.667 127 57
      vertex 207 127 57
      vertex 234.667 127.537 57
    endloop
  endfacet
  facet normal 0 0 -1
    outer loop
      vertex 242.667 379.537 57
      vertex 270.333 379 57
      vertex 242.667 379 57
    endloop
  endfacet
  facet normal 0 0 -1
    outer loop
      vertex 270.333 379 57
      vertex 242.667 379.537 57
      vertex 270.333 383 57
    endloop
  endfacet
  facet normal 0 0 -1
    outer loop
      vertex 234.667 379.537 57
      vertex 270.333 383 57
      vertex 242.667 379.537 57
    endloop
  endfacet
  facet normal 0 0 -1
    outer loop
      vertex 207 383 57
      vertex 234.667 379.537 57
      vertex 207 379 57
    endloop
  endfacet
  facet normal 0 0 -1
    outer loop
      vertex 234.667 379.537 57
      vertex 207 383 57
      vertex 270.333 383 57
    endloop
  endfacet
  facet normal 0 0 -1
    outer loop
      vertex 242.667 253.537 57
      vertex 270.333 253 57
      vertex 242.667 253 57
    endloop
  endfacet
  facet normal 0 0 -1
    outer loop
      vertex 270.333 253 57
      vertex 242.667 253.537 57
      vertex 270.333 257 57
    endloop
  endfacet
  facet normal 0 0 -1
    outer loop
      vertex 234.667 253.537 57
      vertex 270.333 257 57
      vertex 242.667 253.537 57
    endloop
  endfacet
  facet normal 0 0 -1
    outer loop
      vertex 207 257 57
      vertex 234.667 253.537 57
      vertex 207 253 57
    endloop
  endfacet
  facet normal 0 0 -1
    outer loop
      vertex 234.667 253.537 57
      vertex 207 257 57
      vertex 270.333 257 57
    endloop
  endfacet
  facet normal 0 0 -1
    outer loop
      vertex 242.667 127.537 57
      vertex 270.333 127 57
      vertex 242.667 127 57
    endloop
  endfacet
  facet normal 0 0 -1
    outer loop
      vertex 270.333 127 57
      vertex 242.667 127.537 57
      vertex 270.333 131 57
    endloop
  endfacet
  facet normal 0 0 -1
    outer loop
      vertex 234.667 127.537 57
      vertex 270.333 131 57
      vertex 242.667 127.537 57
    endloop
  endfacet
  facet normal 0 0 -1
    outer loop
      vertex 207 131 57
      vertex 234.667 127.537 57
      vertex 207 127 57
    endloop
  endfacet
  facet normal 0 0 -1
    outer loop
      vertex 234.667 127.537 57
      vertex 207 131 57
      vertex 270.333 131 57
    endloop
  endfacet
  facet normal 0 0 -1
    outer loop
      vertex 302 505 57
      vertex 274.333 505 57
      vertex 302 505.537 57
    endloop
  endfacet
  facet normal 0 0 -1
    outer loop
      vertex 234.667 253 57
      vertex 207 253 57
      vertex 234.667 253.537 57
    endloop
  endfacet
  facet normal 0 0 -1
    outer loop
      vertex 234.667 379 57
      vertex 207 379 57
      vertex 234.667 379.537 57
    endloop
  endfacet
  facet normal 0 0 -1
    outer loop
      vertex 302 127 57
      vertex 274.333 127 57
      vertex 302 127.537 57
    endloop
  endfacet
  facet normal 0 0 -1
    outer loop
      vertex 310 379.537 57
      vertex 337.667 379 57
      vertex 310 379 57
    endloop
  endfacet
  facet normal 0 0 -1
    outer loop
      vertex 337.667 379 57
      vertex 310 379.537 57
      vertex 337.667 383 57
    endloop
  endfacet
  facet normal 0 0 -1
    outer loop
      vertex 302 379.537 57
      vertex 337.667 383 57
      vertex 310 379.537 57
    endloop
  endfacet
  facet normal 0 0 -1
    outer loop
      vertex 274.333 383 57
      vertex 302 379.537 57
      vertex 274.333 379 57
    endloop
  endfacet
  facet normal 0 0 -1
    outer loop
      vertex 302 379.537 57
      vertex 274.333 383 57
      vertex 337.667 383 57
    endloop
  endfacet
  facet normal 0 0 -1
    outer loop
      vertex 310 253.537 57
      vertex 337.667 253 57
      vertex 310 253 57
    endloop
  endfacet
  facet normal 0 0 -1
    outer loop
      vertex 337.667 253 57
      vertex 310 253.537 57
      vertex 337.667 257 57
    endloop
  endfacet
  facet normal 0 0 -1
    outer loop
      vertex 302 253.537 57
      vertex 337.667 257 57
      vertex 310 253.537 57
    endloop
  endfacet
  facet normal 0 0 -1
    outer loop
      vertex 274.333 257 57
      vertex 302 253.537 57
      vertex 274.333 253 57
    endloop
  endfacet
  facet normal 0 0 -1
    outer loop
      vertex 302 253.537 57
      vertex 274.333 257 57
      vertex 337.667 257 57
    endloop
  endfacet
  facet normal 0 0 -1
    outer loop
      vertex 310 127.537 57
      vertex 337.667 127 57
      vertex 310 127 57
    endloop
  endfacet
  facet normal 0 0 -1
    outer loop
      vertex 337.667 127 57
      vertex 310 127.537 57
      vertex 337.667 131 57
    endloop
  endfacet
  facet normal 0 0 -1
    outer loop
      vertex 302 127.537 57
      vertex 337.667 131 57
      vertex 310 127.537 57
    endloop
  endfacet
  facet normal 0 0 -1
    outer loop
      vertex 274.333 131 57
      vertex 302 127.537 57
      vertex 274.333 127 57
    endloop
  endfacet
  facet normal 0 0 -1
    outer loop
      vertex 302 127.537 57
      vertex 274.333 131 57
      vertex 337.667 131 57
    endloop
  endfacet
  facet normal 0 0 -1
    outer loop
      vertex 369.333 505 57
      vertex 341.667 505 57
      vertex 369.333 505.537 57
    endloop
  endfacet
  facet normal 0 0 -1
    outer loop
      vertex 302 253 57
      vertex 274.333 253 57
      vertex 302 253.537 57
    endloop
  endfacet
  facet normal 0 0 -1
    outer loop
      vertex 302 379 57
      vertex 274.333 379 57
      vertex 302 379.537 57
    endloop
  endfacet
  facet normal 0 0 -1
    outer loop
      vertex 369.333 127 57
      vertex 341.667 127 57
      vertex 369.333 127.537 57
    endloop
  endfacet
  facet normal 0 0 -1
    outer loop
      vertex 377.333 379.537 57
      vertex 405 379 57
      vertex 377.333 379 57
    endloop
  endfacet
  facet normal 0 0 -1
    outer loop
      vertex 405 379 57
      vertex 377.333 379.537 57
      vertex 405 383 57
    endloop
  endfacet
  facet normal 0 0 -1
    outer loop
      vertex 369.333 379.537 57
      vertex 405 383 57
      vertex 377.333 379.537 57
    endloop
  endfacet
  facet normal 0 0 -1
    outer loop
      vertex 341.667 383 57
      vertex 369.333 379.537 57
      vertex 341.667 379 57
    endloop
  endfacet
  facet normal 0 0 -1
    outer loop
      vertex 369.333 379.537 57
      vertex 341.667 383 57
      vertex 405 383 57
    endloop
  endfacet
  facet normal 0 0 -1
    outer loop
      vertex 377.333 253.537 57
      vertex 405 253 57
      vertex 377.333 253 57
    endloop
  endfacet
  facet normal 0 0 -1
    outer loop
      vertex 405 253 57
      vertex 377.333 253.537 57
      vertex 405 257 57
    endloop
  endfacet
  facet normal 0 0 -1
    outer loop
      vertex 369.333 253.537 57
      vertex 405 257 57
      vertex 377.333 253.537 57
    endloop
  endfacet
  facet normal 0 0 -1
    outer loop
      vertex 341.667 257 57
      vertex 369.333 253.537 57
      vertex 341.667 253 57
    endloop
  endfacet
  facet normal 0 0 -1
    outer loop
      vertex 369.333 253.537 57
      vertex 341.667 257 57
      vertex 405 257 57
    endloop
  endfacet
  facet normal 0 0 -1
    outer loop
      vertex 377.333 127.537 57
      vertex 405 127 57
      vertex 377.333 127 57
    endloop
  endfacet
  facet normal 0 0 -1
    outer loop
      vertex 405 127 57
      vertex 377.333 127.537 57
      vertex 405 131 57
    endloop
  endfacet
  facet normal 0 0 -1
    outer loop
      vertex 369.333 127.537 57
      vertex 405 131 57
      vertex 377.333 127.537 57
    endloop
  endfacet
  facet normal 0 0 -1
    outer loop
      vertex 341.667 131 57
      vertex 369.333 127.537 57
      vertex 341.667 127 57
    endloop
  endfacet
  facet normal 0 0 -1
    outer loop
      vertex 369.333 127.537 57
      vertex 341.667 131 57
      vertex 405 131 57
    endloop
  endfacet
  facet normal 0 0 -1
    outer loop
      vertex 405 127 57
      vertex 407 3 57
      vertex 405 5 57
    endloop
  endfacet
  facet normal 0 0 -1
    outer loop
      vertex 407 3 57
      vertex 341.667 5 57
      vertex 405 5 57
    endloop
  endfacet
  facet normal 0 0 -1
    outer loop
      vertex 337.667 127 57
      vertex 341.667 127 57
      vertex 341.667 5 57
    endloop
  endfacet
  facet normal 0 0 -1
    outer loop
      vertex 341.667 127 57
      vertex 337.667 127 57
      vertex 341.667 131 57
    endloop
  endfacet
  facet normal 0 0 -1
    outer loop
      vertex 341.667 131 57
      vertex 337.667 131 57
      vertex 341.667 253 57
    endloop
  endfacet
  facet normal 0 0 -1
    outer loop
      vertex 337.667 253 57
      vertex 341.667 253 57
      vertex 337.667 131 57
    endloop
  endfacet
  facet normal 0 0 -1
    outer loop
      vertex 337.667 257 57
      vertex 341.667 257 57
      vertex 337.667 253 57
    endloop
  endfacet
  facet normal 0 0 -1
    outer loop
      vertex 341.667 257 57
      vertex 337.667 257 57
      vertex 341.667 379 57
    endloop
  endfacet
  facet normal 0 0 -1
    outer loop
      vertex 337.667 127 57
      vertex 341.667 5 57
      vertex 337.667 5 57
    endloop
  endfacet
  facet normal 0 0 -1
    outer loop
      vertex 407 3 57
      vertex 337.667 5 57
      vertex 341.667 5 57
    endloop
  endfacet
  facet normal 0 0 -1
    outer loop
      vertex 407 3 57
      vertex 274.333 5 57
      vertex 337.667 5 57
    endloop
  endfacet
  facet normal 0 0 -1
    outer loop
      vertex 270.333 127 57
      vertex 274.333 127 57
      vertex 274.333 5 57
    endloop
  endfacet
  facet normal 0 0 -1
    outer loop
      vertex 274.333 127 57
      vertex 270.333 127 57
      vertex 274.333 131 57
    endloop
  endfacet
  facet normal 0 0 -1
    outer loop
      vertex 274.333 131 57
      vertex 270.333 131 57
      vertex 274.333 253 57
    endloop
  endfacet
  facet normal 0 0 -1
    outer loop
      vertex 270.333 253 57
      vertex 274.333 253 57
      vertex 270.333 131 57
    endloop
  endfacet
  facet normal 0 0 -1
    outer loop
      vertex 270.333 257 57
      vertex 274.333 257 57
      vertex 270.333 253 57
    endloop
  endfacet
  facet normal 0 0 -1
    outer loop
      vertex 274.333 257 57
      vertex 270.333 257 57
      vertex 274.333 379 57
    endloop
  endfacet
  facet normal 0 0 -1
    outer loop
      vertex 270.333 127 57
      vertex 274.333 5 57
      vertex 270.333 5 57
    endloop
  endfacet
  facet normal 0 0 -1
    outer loop
      vertex 407 3 57
      vertex 270.333 5 57
      vertex 274.333 5 57
    endloop
  endfacet
  facet normal 0 0 -1
    outer loop
      vertex 407 3 57
      vertex 207 5 57
      vertex 270.333 5 57
    endloop
  endfacet
  facet normal 0 0 -1
    outer loop
      vertex 203 127 57
      vertex 207 127 57
      vertex 207 5 57
    endloop
  endfacet
  facet normal 0 0 -1
    outer loop
      vertex 207 127 57
      vertex 203 127 57
      vertex 207 131 57
    endloop
  endfacet
  facet normal 0 0 -1
    outer loop
      vertex 207 131 57
      vertex 203 131 57
      vertex 207 253 57
    endloop
  endfacet
  facet normal 0 0 -1
    outer loop
      vertex 203 253 57
      vertex 207 253 57
      vertex 203 131 57
    endloop
  endfacet
  facet normal 0 0 -1
    outer loop
      vertex 203 257 57
      vertex 207 257 57
      vertex 203 253 57
    endloop
  endfacet
  facet normal 0 0 -1
    outer loop
      vertex 207 257 57
      vertex 203 257 57
      vertex 207 379 57
    endloop
  endfacet
  facet normal 0 0 -1
    outer loop
      vertex 203 127 57
      vertex 207 5 57
      vertex 203 5 57
    endloop
  endfacet
  facet normal 0 0 -1
    outer loop
      vertex 407 3 57
      vertex 203 5 57
      vertex 207 5 57
    endloop
  endfacet
  facet normal 0 0 -1
    outer loop
      vertex 407 3 57
      vertex 139.667 5 57
      vertex 203 5 57
    endloop
  endfacet
  facet normal 0 0 -1
    outer loop
      vertex 135.667 127 57
      vertex 139.667 127 57
      vertex 139.667 5 57
    endloop
  endfacet
  facet normal 0 0 -1
    outer loop
      vertex 139.667 127 57
      vertex 135.667 127 57
      vertex 139.667 131 57
    endloop
  endfacet
  facet normal 0 0 -1
    outer loop
      vertex 139.667 131 57
      vertex 135.667 131 57
      vertex 139.667 253 57
    endloop
  endfacet
  facet normal 0 0 -1
    outer loop
      vertex 135.667 253 57
      vertex 139.667 253 57
      vertex 135.667 131 57
    endloop
  endfacet
  facet normal 0 0 -1
    outer loop
      vertex 135.667 257 57
      vertex 139.667 257 57
      vertex 135.667 253 57
    endloop
  endfacet
  facet normal 0 0 -1
    outer loop
      vertex 139.667 257 57
      vertex 135.667 257 57
      vertex 139.667 379 57
    endloop
  endfacet
  facet normal 0 0 -1
    outer loop
      vertex 135.667 127 57
      vertex 139.667 5 57
      vertex 135.667 5 57
    endloop
  endfacet
  facet normal 0 0 -1
    outer loop
      vertex 407 3 57
      vertex 135.667 5 57
      vertex 139.667 5 57
    endloop
  endfacet
  facet normal 0 0 -1
    outer loop
      vertex 3 3 57
      vertex 135.667 5 57
      vertex 407 3 57
    endloop
  endfacet
  facet normal 0 0 -1
    outer loop
      vertex 68.3333 127 57
      vertex 72.3333 127 57
      vertex 72.3333 5 57
    endloop
  endfacet
  facet normal 0 0 -1
    outer loop
      vertex 72.3333 127 57
      vertex 68.3333 127 57
      vertex 72.3333 131 57
    endloop
  endfacet
  facet normal 0 0 -1
    outer loop
      vertex 72.3333 131 57
      vertex 68.3333 131 57
      vertex 72.3333 253 57
    endloop
  endfacet
  facet normal 0 0 -1
    outer loop
      vertex 68.3333 253 57
      vertex 72.3333 253 57
      vertex 68.3333 131 57
    endloop
  endfacet
  facet normal 0 0 -1
    outer loop
      vertex 68.3333 257 57
      vertex 72.3333 257 57
      vertex 68.3333 253 57
    endloop
  endfacet
  facet normal 0 0 -1
    outer loop
      vertex 72.3333 257 57
      vertex 68.3333 257 57
      vertex 72.3333 379 57
    endloop
  endfacet
  facet normal 0 0 -1
    outer loop
      vertex 68.3333 127 57
      vertex 72.3333 5 57
      vertex 68.3333 5 57
    endloop
  endfacet
  facet normal -0 0 -1
    outer loop
      vertex 135.667 5 57
      vertex 3 3 57
      vertex 72.3333 5 57
    endloop
  endfacet
  facet normal -0 0 -1
    outer loop
      vertex 72.3333 5 57
      vertex 3 3 57
      vertex 68.3333 5 57
    endloop
  endfacet
  facet normal 0 0 -1
    outer loop
      vertex 3 3 57
      vertex 5 127 57
      vertex 5 5 57
    endloop
  endfacet
  facet normal -0 0 -1
    outer loop
      vertex 5 127 57
      vertex 3 3 57
      vertex 5 131 57
    endloop
  endfacet
  facet normal -0 0 -1
    outer loop
      vertex 5 131 57
      vertex 3 3 57
      vertex 5 253 57
    endloop
  endfacet
  facet normal -0 0 -1
    outer loop
      vertex 5 253 57
      vertex 3 3 57
      vertex 5 257 57
    endloop
  endfacet
  facet normal -0 0 -1
    outer loop
      vertex 5 257 57
      vertex 3 3 57
      vertex 5 379 57
    endloop
  endfacet
  facet normal 0 0 -1
    outer loop
      vertex 3 507 57
      vertex 5 379 57
      vertex 3 3 57
    endloop
  endfacet
  facet normal 0 0 -1
    outer loop
      vertex 5 379 57
      vertex 3 507 57
      vertex 5 383 57
    endloop
  endfacet
  facet normal -0 0 -1
    outer loop
      vertex 68.3333 5 57
      vertex 3 3 57
      vertex 5 5 57
    endloop
  endfacet
  facet normal 0 0 -1
    outer loop
      vertex 405 131 57
      vertex 407 3 57
      vertex 405 127 57
    endloop
  endfacet
  facet normal 0 0 -1
    outer loop
      vertex 407 3 57
      vertex 405 131 57
      vertex 407 507 57
    endloop
  endfacet
  facet normal 0 0 -1
    outer loop
      vertex 405 253 57
      vertex 407 507 57
      vertex 405 131 57
    endloop
  endfacet
  facet normal 0 0 -1
    outer loop
      vertex 405 257 57
      vertex 407 507 57
      vertex 405 253 57
    endloop
  endfacet
  facet normal 0 0 -1
    outer loop
      vertex 405 379 57
      vertex 407 507 57
      vertex 405 257 57
    endloop
  endfacet
  facet normal 0 0 -1
    outer loop
      vertex 405 383 57
      vertex 407 507 57
      vertex 405 379 57
    endloop
  endfacet
  facet normal 0 0 -1
    outer loop
      vertex 405 505 57
      vertex 407 507 57
      vertex 405 383 57
    endloop
  endfacet
  facet normal 0 0 -1
    outer loop
      vertex 377.333 505.537 57
      vertex 405 505 57
      vertex 377.333 505 57
    endloop
  endfacet
  facet normal 0 0 -1
    outer loop
      vertex 405 505 57
      vertex 377.333 505.537 57
      vertex 407 507 57
    endloop
  endfacet
  facet normal 0 0 -1
    outer loop
      vertex 369.333 505.537 57
      vertex 407 507 57
      vertex 377.333 505.537 57
    endloop
  endfacet
  facet normal 0 0 -1
    outer loop
      vertex 341.667 505 57
      vertex 407 507 57
      vertex 369.333 505.537 57
    endloop
  endfacet
  facet normal -0 0 -1
    outer loop
      vertex 341.667 131 57
      vertex 337.667 127 57
      vertex 337.667 131 57
    endloop
  endfacet
  facet normal 0 0 -1
    outer loop
      vertex 341.667 253 57
      vertex 337.667 253 57
      vertex 341.667 257 57
    endloop
  endfacet
  facet normal 0 0 -1
    outer loop
      vertex 337.667 379 57
      vertex 341.667 379 57
      vertex 337.667 257 57
    endloop
  endfacet
  facet normal 0 0 -1
    outer loop
      vertex 341.667 379 57
      vertex 337.667 379 57
      vertex 341.667 383 57
    endloop
  endfacet
  facet normal 0 0 -1
    outer loop
      vertex 337.667 383 57
      vertex 341.667 383 57
      vertex 337.667 379 57
    endloop
  endfacet
  facet normal 0 0 -1
    outer loop
      vertex 341.667 383 57
      vertex 337.667 383 57
      vertex 341.667 505 57
    endloop
  endfacet
  facet normal 0 0 -1
    outer loop
      vertex 337.667 505 57
      vertex 341.667 505 57
      vertex 337.667 383 57
    endloop
  endfacet
  facet normal 0 0 -1
    outer loop
      vertex 337.667 505 57
      vertex 407 507 57
      vertex 341.667 505 57
    endloop
  endfacet
  facet normal 0 0 -1
    outer loop
      vertex 310 505.537 57
      vertex 337.667 505 57
      vertex 310 505 57
    endloop
  endfacet
  facet normal 0 0 -1
    outer loop
      vertex 337.667 505 57
      vertex 310 505.537 57
      vertex 407 507 57
    endloop
  endfacet
  facet normal 0 0 -1
    outer loop
      vertex 302 505.537 57
      vertex 407 507 57
      vertex 310 505.537 57
    endloop
  endfacet
  facet normal -0 0 -1
    outer loop
      vertex 274.333 131 57
      vertex 270.333 127 57
      vertex 270.333 131 57
    endloop
  endfacet
  facet normal 0 0 -1
    outer loop
      vertex 274.333 253 57
      vertex 270.333 253 57
      vertex 274.333 257 57
    endloop
  endfacet
  facet normal 0 0 -1
    outer loop
      vertex 270.333 379 57
      vertex 274.333 379 57
      vertex 270.333 257 57
    endloop
  endfacet
  facet normal 0 0 -1
    outer loop
      vertex 274.333 379 57
      vertex 270.333 379 57
      vertex 274.333 383 57
    endloop
  endfacet
  facet normal 0 0 -1
    outer loop
      vertex 270.333 383 57
      vertex 274.333 383 57
      vertex 270.333 379 57
    endloop
  endfacet
  facet normal 0 0 -1
    outer loop
      vertex 274.333 383 57
      vertex 270.333 383 57
      vertex 274.333 505 57
    endloop
  endfacet
  facet normal 0 0 -1
    outer loop
      vertex 270.333 505 57
      vertex 274.333 505 57
      vertex 270.333 383 57
    endloop
  endfacet
  facet normal 0 0 -1
    outer loop
      vertex 270.333 505 57
      vertex 302 505.537 57
      vertex 274.333 505 57
    endloop
  endfacet
  facet normal 0 0 -1
    outer loop
      vertex 242.667 505.537 57
      vertex 270.333 505 57
      vertex 242.667 505 57
    endloop
  endfacet
  facet normal 0 0 -1
    outer loop
      vertex 270.333 505 57
      vertex 242.667 505.537 57
      vertex 302 505.537 57
    endloop
  endfacet
  facet normal 0 0 -1
    outer loop
      vertex 302 505.537 57
      vertex 242.667 505.537 57
      vertex 407 507 57
    endloop
  endfacet
  facet normal 0 0 -1
    outer loop
      vertex 234.667 505.537 57
      vertex 407 507 57
      vertex 242.667 505.537 57
    endloop
  endfacet
  facet normal -0 0 -1
    outer loop
      vertex 207 131 57
      vertex 203 127 57
      vertex 203 131 57
    endloop
  endfacet
  facet normal 0 0 -1
    outer loop
      vertex 207 253 57
      vertex 203 253 57
      vertex 207 257 57
    endloop
  endfacet
  facet normal 0 0 -1
    outer loop
      vertex 203 379 57
      vertex 207 379 57
      vertex 203 257 57
    endloop
  endfacet
  facet normal 0 0 -1
    outer loop
      vertex 207 379 57
      vertex 203 379 57
      vertex 207 383 57
    endloop
  endfacet
  facet normal 0 0 -1
    outer loop
      vertex 203 383 57
      vertex 207 383 57
      vertex 203 379 57
    endloop
  endfacet
  facet normal 0 0 -1
    outer loop
      vertex 207 383 57
      vertex 203 383 57
      vertex 207 505 57
    endloop
  endfacet
  facet normal 0 0 -1
    outer loop
      vertex 203 505 57
      vertex 207 505 57
      vertex 203 383 57
    endloop
  endfacet
  facet normal 0 0 -1
    outer loop
      vertex 203 505 57
      vertex 234.667 505.537 57
      vertex 207 505 57
    endloop
  endfacet
  facet normal 0 0 -1
    outer loop
      vertex 175.333 505.537 57
      vertex 203 505 57
      vertex 175.333 505 57
    endloop
  endfacet
  facet normal 0 0 -1
    outer loop
      vertex 203 505 57
      vertex 175.333 505.537 57
      vertex 234.667 505.537 57
    endloop
  endfacet
  facet normal 0 0 -1
    outer loop
      vertex 175.333 505.537 57
      vertex 407 507 57
      vertex 234.667 505.537 57
    endloop
  endfacet
  facet normal 0 0 -1
    outer loop
      vertex 167.333 505.537 57
      vertex 407 507 57
      vertex 175.333 505.537 57
    endloop
  endfacet
  facet normal -0 0 -1
    outer loop
      vertex 139.667 131 57
      vertex 135.667 127 57
      vertex 135.667 131 57
    endloop
  endfacet
  facet normal 0 0 -1
    outer loop
      vertex 139.667 253 57
      vertex 135.667 253 57
      vertex 139.667 257 57
    endloop
  endfacet
  facet normal 0 0 -1
    outer loop
      vertex 135.667 379 57
      vertex 139.667 379 57
      vertex 135.667 257 57
    endloop
  endfacet
  facet normal 0 0 -1
    outer loop
      vertex 139.667 379 57
      vertex 135.667 379 57
      vertex 139.667 383 57
    endloop
  endfacet
  facet normal 0 0 -1
    outer loop
      vertex 135.667 383 57
      vertex 139.667 383 57
      vertex 135.667 379 57
    endloop
  endfacet
  facet normal 0 0 -1
    outer loop
      vertex 139.667 383 57
      vertex 135.667 383 57
      vertex 139.667 505 57
    endloop
  endfacet
  facet normal 0 0 -1
    outer loop
      vertex 135.667 505 57
      vertex 139.667 505 57
      vertex 135.667 383 57
    endloop
  endfacet
  facet normal 0 0 -1
    outer loop
      vertex 135.667 505 57
      vertex 167.333 505.537 57
      vertex 139.667 505 57
    endloop
  endfacet
  facet normal 0 0 -1
    outer loop
      vertex 108 505.537 57
      vertex 135.667 505 57
      vertex 108 505 57
    endloop
  endfacet
  facet normal 0 0 -1
    outer loop
      vertex 135.667 505 57
      vertex 108 505.537 57
      vertex 167.333 505.537 57
    endloop
  endfacet
  facet normal 0 0 -1
    outer loop
      vertex 108 505.537 57
      vertex 407 507 57
      vertex 167.333 505.537 57
    endloop
  endfacet
  facet normal 0 0 -1
    outer loop
      vertex 3 507 57
      vertex 108 505.537 57
      vertex 100 505.537 57
    endloop
  endfacet
  facet normal -0 0 -1
    outer loop
      vertex 72.3333 131 57
      vertex 68.3333 127 57
      vertex 68.3333 131 57
    endloop
  endfacet
  facet normal 0 0 -1
    outer loop
      vertex 72.3333 253 57
      vertex 68.3333 253 57
      vertex 72.3333 257 57
    endloop
  endfacet
  facet normal 0 0 -1
    outer loop
      vertex 68.3333 379 57
      vertex 72.3333 379 57
      vertex 68.3333 257 57
    endloop
  endfacet
  facet normal 0 0 -1
    outer loop
      vertex 72.3333 379 57
      vertex 68.3333 379 57
      vertex 72.3333 383 57
    endloop
  endfacet
  facet normal 0 0 -1
    outer loop
      vertex 68.3333 383 57
      vertex 72.3333 383 57
      vertex 68.3333 379 57
    endloop
  endfacet
  facet normal 0 0 -1
    outer loop
      vertex 72.3333 383 57
      vertex 68.3333 383 57
      vertex 72.3333 505 57
    endloop
  endfacet
  facet normal 0 0 -1
    outer loop
      vertex 68.3333 505 57
      vertex 72.3333 505 57
      vertex 68.3333 383 57
    endloop
  endfacet
  facet normal 0 0 -1
    outer loop
      vertex 68.3333 505 57
      vertex 100 505.537 57
      vertex 72.3333 505 57
    endloop
  endfacet
  facet normal 0 0 -1
    outer loop
      vertex 40.6667 505.537 57
      vertex 68.3333 505 57
      vertex 40.6667 505 57
    endloop
  endfacet
  facet normal 0 0 -1
    outer loop
      vertex 68.3333 505 57
      vertex 40.6667 505.537 57
      vertex 100 505.537 57
    endloop
  endfacet
  facet normal 0 0 -1
    outer loop
      vertex 3 507 57
      vertex 100 505.537 57
      vertex 40.6667 505.537 57
    endloop
  endfacet
  facet normal 0 0 -1
    outer loop
      vertex 3 507 57
      vertex 40.6667 505.537 57
      vertex 32.6667 505.537 57
    endloop
  endfacet
  facet normal 0 0 -1
    outer loop
      vertex 108 505.537 57
      vertex 3 507 57
      vertex 407 507 57
    endloop
  endfacet
  facet normal 0 0 -1
    outer loop
      vertex 5 505 57
      vertex 3 507 57
      vertex 32.6667 505.537 57
    endloop
  endfacet
  facet normal 0 0 -1
    outer loop
      vertex 5 383 57
      vertex 3 507 57
      vertex 5 505 57
    endloop
  endfacet
  facet normal 0 0 -1
    outer loop
      vertex 369.333 253 57
      vertex 341.667 253 57
      vertex 369.333 253.537 57
    endloop
  endfacet
  facet normal 0 0 -1
    outer loop
      vertex 369.333 379 57
      vertex 341.667 379 57
      vertex 369.333 379.537 57
    endloop
  endfacet
  facet normal 0 -0.454326 -0.890835
    outer loop
      vertex 34.6667 126.177 57.3674
      vertex 38.6667 126.567 57.1685
      vertex 38.6667 126.177 57.3674
    endloop
  endfacet
  facet normal -0 -0.454326 -0.890835
    outer loop
      vertex 38.6667 126.567 57.1685
      vertex 34.6667 126.177 57.3674
      vertex 34.6667 126.567 57.1685
    endloop
  endfacet
  facet normal 0 0.706764 -0.707449
    outer loop
      vertex 34.6667 127.823 57.3674
      vertex 38.6667 128.133 57.6771
      vertex 38.6667 127.823 57.3674
    endloop
  endfacet
  facet normal 0 0.706764 -0.707449
    outer loop
      vertex 38.6667 128.133 57.6771
      vertex 34.6667 127.823 57.3674
      vertex 34.6667 128.133 57.6771
    endloop
  endfacet
  facet normal 0 -0.891807 -0.452416
    outer loop
      vertex 34.6667 125.867 57.6771
      vertex 38.6667 125.669 58.0674
      vertex 34.6667 125.669 58.0674
    endloop
  endfacet
  facet normal 0 -0.891807 -0.452416
    outer loop
      vertex 38.6667 125.669 58.0674
      vertex 34.6667 125.867 57.6771
      vertex 38.6667 125.867 57.6771
    endloop
  endfacet
  facet normal 0 -0.156255 0.987717
    outer loop
      vertex 34.6667 127 59.9
      vertex 38.6667 126.567 59.8315
      vertex 38.6667 127 59.9
    endloop
  endfacet
  facet normal 0 -0.156255 0.987717
    outer loop
      vertex 38.6667 126.567 59.8315
      vertex 34.6667 127 59.9
      vertex 34.6667 126.567 59.8315
    endloop
  endfacet
  facet normal 0 -0.706764 0.707449
    outer loop
      vertex 34.6667 125.867 59.3229
      vertex 38.6667 126.177 59.6326
      vertex 34.6667 126.177 59.6326
    endloop
  endfacet
  facet normal 0 -0.706764 0.707449
    outer loop
      vertex 38.6667 126.177 59.6326
      vertex 34.6667 125.867 59.3229
      vertex 38.6667 125.867 59.3229
    endloop
  endfacet
  facet normal 0 -0.987517 0.15751
    outer loop
      vertex 34.6667 125.6 58.5
      vertex 38.6667 125.669 58.9326
      vertex 34.6667 125.669 58.9326
    endloop
  endfacet
  facet normal 0 -0.987517 0.15751
    outer loop
      vertex 38.6667 125.669 58.9326
      vertex 34.6667 125.6 58.5
      vertex 38.6667 125.6 58.5
    endloop
  endfacet
  facet normal 0 0.987517 0.15751
    outer loop
      vertex 38.6667 128.4 58.5
      vertex 34.6667 128.331 58.9326
      vertex 38.6667 128.331 58.9326
    endloop
  endfacet
  facet normal 0 0.987517 0.15751
    outer loop
      vertex 34.6667 128.331 58.9326
      vertex 38.6667 128.4 58.5
      vertex 34.6667 128.4 58.5
    endloop
  endfacet
  facet normal 0 -0.156255 -0.987717
    outer loop
      vertex 34.6667 126.567 57.1685
      vertex 38.6667 127 57.1
      vertex 38.6667 126.567 57.1685
    endloop
  endfacet
  facet normal -0 -0.156255 -0.987717
    outer loop
      vertex 38.6667 127 57.1
      vertex 34.6667 126.567 57.1685
      vertex 34.6667 127 57.1
    endloop
  endfacet
  facet normal 0 -0.706764 -0.707449
    outer loop
      vertex 34.6667 126.177 57.3674
      vertex 38.6667 125.867 57.6771
      vertex 34.6667 125.867 57.6771
    endloop
  endfacet
  facet normal 0 -0.706764 -0.707449
    outer loop
      vertex 38.6667 125.867 57.6771
      vertex 34.6667 126.177 57.3674
      vertex 38.6667 126.177 57.3674
    endloop
  endfacet
  facet normal -0 0.706764 0.707449
    outer loop
      vertex 34.6667 128.133 59.3229
      vertex 38.6667 127.823 59.6326
      vertex 38.6667 128.133 59.3229
    endloop
  endfacet
  facet normal 0 0.706764 0.707449
    outer loop
      vertex 38.6667 127.823 59.6326
      vertex 34.6667 128.133 59.3229
      vertex 34.6667 127.823 59.6326
    endloop
  endfacet
  facet normal 0 -0.454326 0.890835
    outer loop
      vertex 34.6667 126.567 59.8315
      vertex 38.6667 126.177 59.6326
      vertex 38.6667 126.567 59.8315
    endloop
  endfacet
  facet normal 0 -0.454326 0.890835
    outer loop
      vertex 38.6667 126.177 59.6326
      vertex 34.6667 126.567 59.8315
      vertex 34.6667 126.177 59.6326
    endloop
  endfacet
  facet normal 0 0.891807 0.452416
    outer loop
      vertex 38.6667 128.331 58.9326
      vertex 34.6667 128.133 59.3229
      vertex 38.6667 128.133 59.3229
    endloop
  endfacet
  facet normal 0 0.891807 0.452416
    outer loop
      vertex 34.6667 128.133 59.3229
      vertex 38.6667 128.331 58.9326
      vertex 34.6667 128.331 58.9326
    endloop
  endfacet
  facet normal 0 0.891807 -0.452416
    outer loop
      vertex 38.6667 128.133 57.6771
      vertex 34.6667 128.331 58.0674
      vertex 38.6667 128.331 58.0674
    endloop
  endfacet
  facet normal 0 0.891807 -0.452416
    outer loop
      vertex 34.6667 128.331 58.0674
      vertex 38.6667 128.133 57.6771
      vertex 34.6667 128.133 57.6771
    endloop
  endfacet
  facet normal -0 0.156255 0.987717
    outer loop
      vertex 34.6667 127.433 59.8315
      vertex 38.6667 127 59.9
      vertex 38.6667 127.433 59.8315
    endloop
  endfacet
  facet normal 0 0.156255 0.987717
    outer loop
      vertex 38.6667 127 59.9
      vertex 34.6667 127.433 59.8315
      vertex 34.6667 127 59.9
    endloop
  endfacet
  facet normal 0 -0.987517 -0.15751
    outer loop
      vertex 34.6667 125.669 58.0674
      vertex 38.6667 125.6 58.5
      vertex 34.6667 125.6 58.5
    endloop
  endfacet
  facet normal 0 -0.987517 -0.15751
    outer loop
      vertex 38.6667 125.6 58.5
      vertex 34.6667 125.669 58.0674
      vertex 38.6667 125.669 58.0674
    endloop
  endfacet
  facet normal 0 0.987517 -0.15751
    outer loop
      vertex 38.6667 128.331 58.0674
      vertex 34.6667 128.4 58.5
      vertex 38.6667 128.4 58.5
    endloop
  endfacet
  facet normal 0 0.987517 -0.15751
    outer loop
      vertex 34.6667 128.4 58.5
      vertex 38.6667 128.331 58.0674
      vertex 34.6667 128.331 58.0674
    endloop
  endfacet
  facet normal 0 -0.891807 0.452416
    outer loop
      vertex 34.6667 125.669 58.9326
      vertex 38.6667 125.867 59.3229
      vertex 34.6667 125.867 59.3229
    endloop
  endfacet
  facet normal 0 -0.891807 0.452416
    outer loop
      vertex 38.6667 125.867 59.3229
      vertex 34.6667 125.669 58.9326
      vertex 38.6667 125.669 58.9326
    endloop
  endfacet
  facet normal -0 0.454326 0.890835
    outer loop
      vertex 34.6667 127.823 59.6326
      vertex 38.6667 127.433 59.8315
      vertex 38.6667 127.823 59.6326
    endloop
  endfacet
  facet normal 0 0.454326 0.890835
    outer loop
      vertex 38.6667 127.433 59.8315
      vertex 34.6667 127.823 59.6326
      vertex 34.6667 127.433 59.8315
    endloop
  endfacet
  facet normal 0 0.454326 -0.890835
    outer loop
      vertex 34.6667 127.433 57.1685
      vertex 38.6667 127.823 57.3674
      vertex 38.6667 127.433 57.1685
    endloop
  endfacet
  facet normal 0 0.454326 -0.890835
    outer loop
      vertex 38.6667 127.823 57.3674
      vertex 34.6667 127.433 57.1685
      vertex 34.6667 127.823 57.3674
    endloop
  endfacet
  facet normal -1 0 0
    outer loop
      vertex 34.6667 128.331 58.0674
      vertex 34.6667 128.331 58.9326
      vertex 34.6667 128.4 58.5
    endloop
  endfacet
  facet normal -1 0 0
    outer loop
      vertex 34.6667 128.133 57.6771
      vertex 34.6667 128.331 58.9326
      vertex 34.6667 128.331 58.0674
    endloop
  endfacet
  facet normal -1 0 0
    outer loop
      vertex 34.6667 128.133 57.6771
      vertex 34.6667 128.133 59.3229
      vertex 34.6667 128.331 58.9326
    endloop
  endfacet
  facet normal -1 0 0
    outer loop
      vertex 34.6667 127.823 57.3674
      vertex 34.6667 128.133 59.3229
      vertex 34.6667 128.133 57.6771
    endloop
  endfacet
  facet normal -1 0 0
    outer loop
      vertex 34.6667 127.823 57.3674
      vertex 34.6667 127.823 59.6326
      vertex 34.6667 128.133 59.3229
    endloop
  endfacet
  facet normal -1 0 0
    outer loop
      vertex 34.6667 127.433 57.1685
      vertex 34.6667 127.823 59.6326
      vertex 34.6667 127.823 57.3674
    endloop
  endfacet
  facet normal -1 0 0
    outer loop
      vertex 34.6667 127.433 57.1685
      vertex 34.6667 127.433 59.8315
      vertex 34.6667 127.823 59.6326
    endloop
  endfacet
  facet normal -1 0 0
    outer loop
      vertex 34.6667 127 57.1
      vertex 34.6667 127.433 59.8315
      vertex 34.6667 127.433 57.1685
    endloop
  endfacet
  facet normal -1 0 0
    outer loop
      vertex 34.6667 127 57.1
      vertex 34.6667 127 59.9
      vertex 34.6667 127.433 59.8315
    endloop
  endfacet
  facet normal -1 0 0
    outer loop
      vertex 34.6667 126.567 57.1685
      vertex 34.6667 127 59.9
      vertex 34.6667 127 57.1
    endloop
  endfacet
  facet normal -1 0 0
    outer loop
      vertex 34.6667 126.567 57.1685
      vertex 34.6667 126.567 59.8315
      vertex 34.6667 127 59.9
    endloop
  endfacet
  facet normal -1 0 0
    outer loop
      vertex 34.6667 126.177 57.3674
      vertex 34.6667 126.567 59.8315
      vertex 34.6667 126.567 57.1685
    endloop
  endfacet
  facet normal -1 0 0
    outer loop
      vertex 34.6667 126.177 57.3674
      vertex 34.6667 126.177 59.6326
      vertex 34.6667 126.567 59.8315
    endloop
  endfacet
  facet normal -1 0 0
    outer loop
      vertex 34.6667 125.867 57.6771
      vertex 34.6667 126.177 59.6326
      vertex 34.6667 126.177 57.3674
    endloop
  endfacet
  facet normal -1 0 0
    outer loop
      vertex 34.6667 125.867 57.6771
      vertex 34.6667 125.867 59.3229
      vertex 34.6667 126.177 59.6326
    endloop
  endfacet
  facet normal -1 0 0
    outer loop
      vertex 34.6667 125.669 58.0674
      vertex 34.6667 125.867 59.3229
      vertex 34.6667 125.867 57.6771
    endloop
  endfacet
  facet normal -1 0 0
    outer loop
      vertex 34.6667 125.669 58.0674
      vertex 34.6667 125.669 58.9326
      vertex 34.6667 125.867 59.3229
    endloop
  endfacet
  facet normal -1 0 -0
    outer loop
      vertex 34.6667 125.669 58.9326
      vertex 34.6667 125.669 58.0674
      vertex 34.6667 125.6 58.5
    endloop
  endfacet
  facet normal 0 0.156255 -0.987717
    outer loop
      vertex 34.6667 127 57.1
      vertex 38.6667 127.433 57.1685
      vertex 38.6667 127 57.1
    endloop
  endfacet
  facet normal 0 0.156255 -0.987717
    outer loop
      vertex 38.6667 127.433 57.1685
      vertex 34.6667 127 57.1
      vertex 34.6667 127.433 57.1685
    endloop
  endfacet
  facet normal 1 0 0
    outer loop
      vertex 38.6667 128.331 58.9326
      vertex 38.6667 128.331 58.0674
      vertex 38.6667 128.4 58.5
    endloop
  endfacet
  facet normal 1 0 0
    outer loop
      vertex 38.6667 128.133 59.3229
      vertex 38.6667 128.331 58.0674
      vertex 38.6667 128.331 58.9326
    endloop
  endfacet
  facet normal 1 0 0
    outer loop
      vertex 38.6667 128.133 59.3229
      vertex 38.6667 128.133 57.6771
      vertex 38.6667 128.331 58.0674
    endloop
  endfacet
  facet normal 1 0 0
    outer loop
      vertex 38.6667 127.823 59.6326
      vertex 38.6667 128.133 57.6771
      vertex 38.6667 128.133 59.3229
    endloop
  endfacet
  facet normal 1 0 0
    outer loop
      vertex 38.6667 127.823 59.6326
      vertex 38.6667 127.823 57.3674
      vertex 38.6667 128.133 57.6771
    endloop
  endfacet
  facet normal 1 0 0
    outer loop
      vertex 38.6667 127.433 59.8315
      vertex 38.6667 127.823 57.3674
      vertex 38.6667 127.823 59.6326
    endloop
  endfacet
  facet normal 1 0 0
    outer loop
      vertex 38.6667 127.433 59.8315
      vertex 38.6667 127.433 57.1685
      vertex 38.6667 127.823 57.3674
    endloop
  endfacet
  facet normal 1 0 0
    outer loop
      vertex 38.6667 127 59.9
      vertex 38.6667 127.433 57.1685
      vertex 38.6667 127.433 59.8315
    endloop
  endfacet
  facet normal 1 0 0
    outer loop
      vertex 38.6667 127 59.9
      vertex 38.6667 127 57.1
      vertex 38.6667 127.433 57.1685
    endloop
  endfacet
  facet normal 1 -0 0
    outer loop
      vertex 38.6667 126.567 59.8315
      vertex 38.6667 127 57.1
      vertex 38.6667 127 59.9
    endloop
  endfacet
  facet normal 1 0 0
    outer loop
      vertex 38.6667 126.567 59.8315
      vertex 38.6667 126.567 57.1685
      vertex 38.6667 127 57.1
    endloop
  endfacet
  facet normal 1 -0 0
    outer loop
      vertex 38.6667 126.177 59.6326
      vertex 38.6667 126.567 57.1685
      vertex 38.6667 126.567 59.8315
    endloop
  endfacet
  facet normal 1 0 0
    outer loop
      vertex 38.6667 126.177 59.6326
      vertex 38.6667 126.177 57.3674
      vertex 38.6667 126.567 57.1685
    endloop
  endfacet
  facet normal 1 -0 0
    outer loop
      vertex 38.6667 125.867 59.3229
      vertex 38.6667 126.177 57.3674
      vertex 38.6667 126.177 59.6326
    endloop
  endfacet
  facet normal 1 0 0
    outer loop
      vertex 38.6667 125.867 59.3229
      vertex 38.6667 125.867 57.6771
      vertex 38.6667 126.177 57.3674
    endloop
  endfacet
  facet normal 1 -0 0
    outer loop
      vertex 38.6667 125.669 58.9326
      vertex 38.6667 125.867 57.6771
      vertex 38.6667 125.867 59.3229
    endloop
  endfacet
  facet normal 1 0 0
    outer loop
      vertex 38.6667 125.669 58.9326
      vertex 38.6667 125.669 58.0674
      vertex 38.6667 125.867 57.6771
    endloop
  endfacet
  facet normal 1 0 -0
    outer loop
      vertex 38.6667 125.669 58.0674
      vertex 38.6667 125.669 58.9326
      vertex 38.6667 125.6 58.5
    endloop
  endfacet
  facet normal 0 -0.454326 -0.890835
    outer loop
      vertex 102 126.177 57.3674
      vertex 106 126.567 57.1685
      vertex 106 126.177 57.3674
    endloop
  endfacet
  facet normal -0 -0.454326 -0.890835
    outer loop
      vertex 106 126.567 57.1685
      vertex 102 126.177 57.3674
      vertex 102 126.567 57.1685
    endloop
  endfacet
  facet normal -1 0 0
    outer loop
      vertex 102 128.331 58.0674
      vertex 102 128.331 58.9326
      vertex 102 128.4 58.5
    endloop
  endfacet
  facet normal -1 0 0
    outer loop
      vertex 102 128.133 57.6771
      vertex 102 128.331 58.9326
      vertex 102 128.331 58.0674
    endloop
  endfacet
  facet normal -1 0 0
    outer loop
      vertex 102 128.133 57.6771
      vertex 102 128.133 59.3229
      vertex 102 128.331 58.9326
    endloop
  endfacet
  facet normal -1 0 0
    outer loop
      vertex 102 127.823 57.3674
      vertex 102 128.133 59.3229
      vertex 102 128.133 57.6771
    endloop
  endfacet
  facet normal -1 0 0
    outer loop
      vertex 102 127.823 57.3674
      vertex 102 127.823 59.6326
      vertex 102 128.133 59.3229
    endloop
  endfacet
  facet normal -1 0 0
    outer loop
      vertex 102 127.433 57.1685
      vertex 102 127.823 59.6326
      vertex 102 127.823 57.3674
    endloop
  endfacet
  facet normal -1 0 0
    outer loop
      vertex 102 127.433 57.1685
      vertex 102 127.433 59.8315
      vertex 102 127.823 59.6326
    endloop
  endfacet
  facet normal -1 0 0
    outer loop
      vertex 102 127 57.1
      vertex 102 127.433 59.8315
      vertex 102 127.433 57.1685
    endloop
  endfacet
  facet normal -1 0 0
    outer loop
      vertex 102 127 57.1
      vertex 102 127 59.9
      vertex 102 127.433 59.8315
    endloop
  endfacet
  facet normal -1 0 0
    outer loop
      vertex 102 126.567 57.1685
      vertex 102 127 59.9
      vertex 102 127 57.1
    endloop
  endfacet
  facet normal -1 0 0
    outer loop
      vertex 102 126.567 57.1685
      vertex 102 126.567 59.8315
      vertex 102 127 59.9
    endloop
  endfacet
  facet normal -1 0 0
    outer loop
      vertex 102 126.177 57.3674
      vertex 102 126.567 59.8315
      vertex 102 126.567 57.1685
    endloop
  endfacet
  facet normal -1 0 0
    outer loop
      vertex 102 126.177 57.3674
      vertex 102 126.177 59.6326
      vertex 102 126.567 59.8315
    endloop
  endfacet
  facet normal -1 0 0
    outer loop
      vertex 102 125.867 57.6771
      vertex 102 126.177 59.6326
      vertex 102 126.177 57.3674
    endloop
  endfacet
  facet normal -1 0 0
    outer loop
      vertex 102 125.867 57.6771
      vertex 102 125.867 59.3229
      vertex 102 126.177 59.6326
    endloop
  endfacet
  facet normal -1 0 0
    outer loop
      vertex 102 125.669 58.0674
      vertex 102 125.867 59.3229
      vertex 102 125.867 57.6771
    endloop
  endfacet
  facet normal -1 0 0
    outer loop
      vertex 102 125.669 58.0674
      vertex 102 125.669 58.9326
      vertex 102 125.867 59.3229
    endloop
  endfacet
  facet normal -1 0 -0
    outer loop
      vertex 102 125.669 58.9326
      vertex 102 125.669 58.0674
      vertex 102 125.6 58.5
    endloop
  endfacet
  facet normal 0 0.706764 -0.707449
    outer loop
      vertex 102 127.823 57.3674
      vertex 106 128.133 57.6771
      vertex 106 127.823 57.3674
    endloop
  endfacet
  facet normal 0 0.706764 -0.707449
    outer loop
      vertex 106 128.133 57.6771
      vertex 102 127.823 57.3674
      vertex 102 128.133 57.6771
    endloop
  endfacet
  facet normal 0 -0.891807 -0.452416
    outer loop
      vertex 102 125.867 57.6771
      vertex 106 125.669 58.0674
      vertex 102 125.669 58.0674
    endloop
  endfacet
  facet normal 0 -0.891807 -0.452416
    outer loop
      vertex 106 125.669 58.0674
      vertex 102 125.867 57.6771
      vertex 106 125.867 57.6771
    endloop
  endfacet
  facet normal 0 -0.156255 0.987717
    outer loop
      vertex 102 127 59.9
      vertex 106 126.567 59.8315
      vertex 106 127 59.9
    endloop
  endfacet
  facet normal 0 -0.156255 0.987717
    outer loop
      vertex 106 126.567 59.8315
      vertex 102 127 59.9
      vertex 102 126.567 59.8315
    endloop
  endfacet
  facet normal 0 -0.706764 0.707449
    outer loop
      vertex 102 125.867 59.3229
      vertex 106 126.177 59.6326
      vertex 102 126.177 59.6326
    endloop
  endfacet
  facet normal 0 -0.706764 0.707449
    outer loop
      vertex 106 126.177 59.6326
      vertex 102 125.867 59.3229
      vertex 106 125.867 59.3229
    endloop
  endfacet
  facet normal 0 -0.987517 0.15751
    outer loop
      vertex 102 125.6 58.5
      vertex 106 125.669 58.9326
      vertex 102 125.669 58.9326
    endloop
  endfacet
  facet normal 0 -0.987517 0.15751
    outer loop
      vertex 106 125.669 58.9326
      vertex 102 125.6 58.5
      vertex 106 125.6 58.5
    endloop
  endfacet
  facet normal 0 0.987517 0.15751
    outer loop
      vertex 106 128.4 58.5
      vertex 102 128.331 58.9326
      vertex 106 128.331 58.9326
    endloop
  endfacet
  facet normal 0 0.987517 0.15751
    outer loop
      vertex 102 128.331 58.9326
      vertex 106 128.4 58.5
      vertex 102 128.4 58.5
    endloop
  endfacet
  facet normal 0 -0.156255 -0.987717
    outer loop
      vertex 102 126.567 57.1685
      vertex 106 127 57.1
      vertex 106 126.567 57.1685
    endloop
  endfacet
  facet normal -0 -0.156255 -0.987717
    outer loop
      vertex 106 127 57.1
      vertex 102 126.567 57.1685
      vertex 102 127 57.1
    endloop
  endfacet
  facet normal 0 -0.706764 -0.707449
    outer loop
      vertex 102 126.177 57.3674
      vertex 106 125.867 57.6771
      vertex 102 125.867 57.6771
    endloop
  endfacet
  facet normal 0 -0.706764 -0.707449
    outer loop
      vertex 106 125.867 57.6771
      vertex 102 126.177 57.3674
      vertex 106 126.177 57.3674
    endloop
  endfacet
  facet normal -0 0.706764 0.707449
    outer loop
      vertex 102 128.133 59.3229
      vertex 106 127.823 59.6326
      vertex 106 128.133 59.3229
    endloop
  endfacet
  facet normal 0 0.706764 0.707449
    outer loop
      vertex 106 127.823 59.6326
      vertex 102 128.133 59.3229
      vertex 102 127.823 59.6326
    endloop
  endfacet
  facet normal 0 -0.454326 0.890835
    outer loop
      vertex 102 126.567 59.8315
      vertex 106 126.177 59.6326
      vertex 106 126.567 59.8315
    endloop
  endfacet
  facet normal 0 -0.454326 0.890835
    outer loop
      vertex 106 126.177 59.6326
      vertex 102 126.567 59.8315
      vertex 102 126.177 59.6326
    endloop
  endfacet
  facet normal 0 0.891807 0.452416
    outer loop
      vertex 106 128.331 58.9326
      vertex 102 128.133 59.3229
      vertex 106 128.133 59.3229
    endloop
  endfacet
  facet normal 0 0.891807 0.452416
    outer loop
      vertex 102 128.133 59.3229
      vertex 106 128.331 58.9326
      vertex 102 128.331 58.9326
    endloop
  endfacet
  facet normal 0 0.891807 -0.452416
    outer loop
      vertex 106 128.133 57.6771
      vertex 102 128.331 58.0674
      vertex 106 128.331 58.0674
    endloop
  endfacet
  facet normal 0 0.891807 -0.452416
    outer loop
      vertex 102 128.331 58.0674
      vertex 106 128.133 57.6771
      vertex 102 128.133 57.6771
    endloop
  endfacet
  facet normal -0 0.156255 0.987717
    outer loop
      vertex 102 127.433 59.8315
      vertex 106 127 59.9
      vertex 106 127.433 59.8315
    endloop
  endfacet
  facet normal 0 0.156255 0.987717
    outer loop
      vertex 106 127 59.9
      vertex 102 127.433 59.8315
      vertex 102 127 59.9
    endloop
  endfacet
  facet normal 0 -0.987517 -0.15751
    outer loop
      vertex 102 125.669 58.0674
      vertex 106 125.6 58.5
      vertex 102 125.6 58.5
    endloop
  endfacet
  facet normal 0 -0.987517 -0.15751
    outer loop
      vertex 106 125.6 58.5
      vertex 102 125.669 58.0674
      vertex 106 125.669 58.0674
    endloop
  endfacet
  facet normal 0 0.987517 -0.15751
    outer loop
      vertex 106 128.331 58.0674
      vertex 102 128.4 58.5
      vertex 106 128.4 58.5
    endloop
  endfacet
  facet normal 0 0.987517 -0.15751
    outer loop
      vertex 102 128.4 58.5
      vertex 106 128.331 58.0674
      vertex 102 128.331 58.0674
    endloop
  endfacet
  facet normal 0 -0.891807 0.452416
    outer loop
      vertex 102 125.669 58.9326
      vertex 106 125.867 59.3229
      vertex 102 125.867 59.3229
    endloop
  endfacet
  facet normal 0 -0.891807 0.452416
    outer loop
      vertex 106 125.867 59.3229
      vertex 102 125.669 58.9326
      vertex 106 125.669 58.9326
    endloop
  endfacet
  facet normal -0 0.454326 0.890835
    outer loop
      vertex 102 127.823 59.6326
      vertex 106 127.433 59.8315
      vertex 106 127.823 59.6326
    endloop
  endfacet
  facet normal 0 0.454326 0.890835
    outer loop
      vertex 106 127.433 59.8315
      vertex 102 127.823 59.6326
      vertex 102 127.433 59.8315
    endloop
  endfacet
  facet normal 0 0.454326 -0.890835
    outer loop
      vertex 102 127.433 57.1685
      vertex 106 127.823 57.3674
      vertex 106 127.433 57.1685
    endloop
  endfacet
  facet normal 0 0.454326 -0.890835
    outer loop
      vertex 106 127.823 57.3674
      vertex 102 127.433 57.1685
      vertex 102 127.823 57.3674
    endloop
  endfacet
  facet normal 1 0 0
    outer loop
      vertex 106 128.331 58.9326
      vertex 106 128.331 58.0674
      vertex 106 128.4 58.5
    endloop
  endfacet
  facet normal 1 0 0
    outer loop
      vertex 106 128.133 59.3229
      vertex 106 128.331 58.0674
      vertex 106 128.331 58.9326
    endloop
  endfacet
  facet normal 1 0 0
    outer loop
      vertex 106 128.133 59.3229
      vertex 106 128.133 57.6771
      vertex 106 128.331 58.0674
    endloop
  endfacet
  facet normal 1 0 0
    outer loop
      vertex 106 127.823 59.6326
      vertex 106 128.133 57.6771
      vertex 106 128.133 59.3229
    endloop
  endfacet
  facet normal 1 0 0
    outer loop
      vertex 106 127.823 59.6326
      vertex 106 127.823 57.3674
      vertex 106 128.133 57.6771
    endloop
  endfacet
  facet normal 1 0 0
    outer loop
      vertex 106 127.433 59.8315
      vertex 106 127.823 57.3674
      vertex 106 127.823 59.6326
    endloop
  endfacet
  facet normal 1 0 0
    outer loop
      vertex 106 127.433 59.8315
      vertex 106 127.433 57.1685
      vertex 106 127.823 57.3674
    endloop
  endfacet
  facet normal 1 0 0
    outer loop
      vertex 106 127 59.9
      vertex 106 127.433 57.1685
      vertex 106 127.433 59.8315
    endloop
  endfacet
  facet normal 1 0 0
    outer loop
      vertex 106 127 59.9
      vertex 106 127 57.1
      vertex 106 127.433 57.1685
    endloop
  endfacet
  facet normal 1 -0 0
    outer loop
      vertex 106 126.567 59.8315
      vertex 106 127 57.1
      vertex 106 127 59.9
    endloop
  endfacet
  facet normal 1 0 0
    outer loop
      vertex 106 126.567 59.8315
      vertex 106 126.567 57.1685
      vertex 106 127 57.1
    endloop
  endfacet
  facet normal 1 -0 0
    outer loop
      vertex 106 126.177 59.6326
      vertex 106 126.567 57.1685
      vertex 106 126.567 59.8315
    endloop
  endfacet
  facet normal 1 0 0
    outer loop
      vertex 106 126.177 59.6326
      vertex 106 126.177 57.3674
      vertex 106 126.567 57.1685
    endloop
  endfacet
  facet normal 1 -0 0
    outer loop
      vertex 106 125.867 59.3229
      vertex 106 126.177 57.3674
      vertex 106 126.177 59.6326
    endloop
  endfacet
  facet normal 1 0 0
    outer loop
      vertex 106 125.867 59.3229
      vertex 106 125.867 57.6771
      vertex 106 126.177 57.3674
    endloop
  endfacet
  facet normal 1 -0 0
    outer loop
      vertex 106 125.669 58.9326
      vertex 106 125.867 57.6771
      vertex 106 125.867 59.3229
    endloop
  endfacet
  facet normal 1 0 0
    outer loop
      vertex 106 125.669 58.9326
      vertex 106 125.669 58.0674
      vertex 106 125.867 57.6771
    endloop
  endfacet
  facet normal 1 0 -0
    outer loop
      vertex 106 125.669 58.0674
      vertex 106 125.669 58.9326
      vertex 106 125.6 58.5
    endloop
  endfacet
  facet normal 0 0.156255 -0.987717
    outer loop
      vertex 102 127 57.1
      vertex 106 127.433 57.1685
      vertex 106 127 57.1
    endloop
  endfacet
  facet normal 0 0.156255 -0.987717
    outer loop
      vertex 106 127.433 57.1685
      vertex 102 127 57.1
      vertex 102 127.433 57.1685
    endloop
  endfacet
  facet normal 0 -0.454326 -0.890835
    outer loop
      vertex 169.333 126.177 57.3674
      vertex 173.333 126.567 57.1685
      vertex 173.333 126.177 57.3674
    endloop
  endfacet
  facet normal -0 -0.454326 -0.890835
    outer loop
      vertex 173.333 126.567 57.1685
      vertex 169.333 126.177 57.3674
      vertex 169.333 126.567 57.1685
    endloop
  endfacet
  facet normal 0 0.706764 -0.707449
    outer loop
      vertex 169.333 127.823 57.3674
      vertex 173.333 128.133 57.6771
      vertex 173.333 127.823 57.3674
    endloop
  endfacet
  facet normal 0 0.706764 -0.707449
    outer loop
      vertex 173.333 128.133 57.6771
      vertex 169.333 127.823 57.3674
      vertex 169.333 128.133 57.6771
    endloop
  endfacet
  facet normal 0 -0.891807 -0.452416
    outer loop
      vertex 169.333 125.867 57.6771
      vertex 173.333 125.669 58.0674
      vertex 169.333 125.669 58.0674
    endloop
  endfacet
  facet normal 0 -0.891807 -0.452416
    outer loop
      vertex 173.333 125.669 58.0674
      vertex 169.333 125.867 57.6771
      vertex 173.333 125.867 57.6771
    endloop
  endfacet
  facet normal 0 -0.156255 0.987717
    outer loop
      vertex 169.333 127 59.9
      vertex 173.333 126.567 59.8315
      vertex 173.333 127 59.9
    endloop
  endfacet
  facet normal 0 -0.156255 0.987717
    outer loop
      vertex 173.333 126.567 59.8315
      vertex 169.333 127 59.9
      vertex 169.333 126.567 59.8315
    endloop
  endfacet
  facet normal 0 -0.706764 0.707449
    outer loop
      vertex 169.333 125.867 59.3229
      vertex 173.333 126.177 59.6326
      vertex 169.333 126.177 59.6326
    endloop
  endfacet
  facet normal 0 -0.706764 0.707449
    outer loop
      vertex 173.333 126.177 59.6326
      vertex 169.333 125.867 59.3229
      vertex 173.333 125.867 59.3229
    endloop
  endfacet
  facet normal 0 -0.987517 0.15751
    outer loop
      vertex 169.333 125.6 58.5
      vertex 173.333 125.669 58.9326
      vertex 169.333 125.669 58.9326
    endloop
  endfacet
  facet normal 0 -0.987517 0.15751
    outer loop
      vertex 173.333 125.669 58.9326
      vertex 169.333 125.6 58.5
      vertex 173.333 125.6 58.5
    endloop
  endfacet
  facet normal 0 0.987517 0.15751
    outer loop
      vertex 173.333 128.4 58.5
      vertex 169.333 128.331 58.9326
      vertex 173.333 128.331 58.9326
    endloop
  endfacet
  facet normal 0 0.987517 0.15751
    outer loop
      vertex 169.333 128.331 58.9326
      vertex 173.333 128.4 58.5
      vertex 169.333 128.4 58.5
    endloop
  endfacet
  facet normal 0 -0.156255 -0.987717
    outer loop
      vertex 169.333 126.567 57.1685
      vertex 173.333 127 57.1
      vertex 173.333 126.567 57.1685
    endloop
  endfacet
  facet normal -0 -0.156255 -0.987717
    outer loop
      vertex 173.333 127 57.1
      vertex 169.333 126.567 57.1685
      vertex 169.333 127 57.1
    endloop
  endfacet
  facet normal 0 0.454326 -0.890835
    outer loop
      vertex 169.333 127.433 57.1685
      vertex 173.333 127.823 57.3674
      vertex 173.333 127.433 57.1685
    endloop
  endfacet
  facet normal 0 0.454326 -0.890835
    outer loop
      vertex 173.333 127.823 57.3674
      vertex 169.333 127.433 57.1685
      vertex 169.333 127.823 57.3674
    endloop
  endfacet
  facet normal 0 -0.706764 -0.707449
    outer loop
      vertex 169.333 126.177 57.3674
      vertex 173.333 125.867 57.6771
      vertex 169.333 125.867 57.6771
    endloop
  endfacet
  facet normal 0 -0.706764 -0.707449
    outer loop
      vertex 173.333 125.867 57.6771
      vertex 169.333 126.177 57.3674
      vertex 173.333 126.177 57.3674
    endloop
  endfacet
  facet normal -0 0.706764 0.707449
    outer loop
      vertex 169.333 128.133 59.3229
      vertex 173.333 127.823 59.6326
      vertex 173.333 128.133 59.3229
    endloop
  endfacet
  facet normal 0 0.706764 0.707449
    outer loop
      vertex 173.333 127.823 59.6326
      vertex 169.333 128.133 59.3229
      vertex 169.333 127.823 59.6326
    endloop
  endfacet
  facet normal 0 -0.454326 0.890835
    outer loop
      vertex 169.333 126.567 59.8315
      vertex 173.333 126.177 59.6326
      vertex 173.333 126.567 59.8315
    endloop
  endfacet
  facet normal 0 -0.454326 0.890835
    outer loop
      vertex 173.333 126.177 59.6326
      vertex 169.333 126.567 59.8315
      vertex 169.333 126.177 59.6326
    endloop
  endfacet
  facet normal 0 0.891807 0.452416
    outer loop
      vertex 173.333 128.331 58.9326
      vertex 169.333 128.133 59.3229
      vertex 173.333 128.133 59.3229
    endloop
  endfacet
  facet normal 0 0.891807 0.452416
    outer loop
      vertex 169.333 128.133 59.3229
      vertex 173.333 128.331 58.9326
      vertex 169.333 128.331 58.9326
    endloop
  endfacet
  facet normal 0 0.891807 -0.452416
    outer loop
      vertex 173.333 128.133 57.6771
      vertex 169.333 128.331 58.0674
      vertex 173.333 128.331 58.0674
    endloop
  endfacet
  facet normal 0 0.891807 -0.452416
    outer loop
      vertex 169.333 128.331 58.0674
      vertex 173.333 128.133 57.6771
      vertex 169.333 128.133 57.6771
    endloop
  endfacet
  facet normal -0 0.156255 0.987717
    outer loop
      vertex 169.333 127.433 59.8315
      vertex 173.333 127 59.9
      vertex 173.333 127.433 59.8315
    endloop
  endfacet
  facet normal 0 0.156255 0.987717
    outer loop
      vertex 173.333 127 59.9
      vertex 169.333 127.433 59.8315
      vertex 169.333 127 59.9
    endloop
  endfacet
  facet normal 0 -0.987517 -0.15751
    outer loop
      vertex 169.333 125.669 58.0674
      vertex 173.333 125.6 58.5
      vertex 169.333 125.6 58.5
    endloop
  endfacet
  facet normal 0 -0.987517 -0.15751
    outer loop
      vertex 173.333 125.6 58.5
      vertex 169.333 125.669 58.0674
      vertex 173.333 125.669 58.0674
    endloop
  endfacet
  facet normal 0 0.987517 -0.15751
    outer loop
      vertex 173.333 128.331 58.0674
      vertex 169.333 128.4 58.5
      vertex 173.333 128.4 58.5
    endloop
  endfacet
  facet normal 0 0.987517 -0.15751
    outer loop
      vertex 169.333 128.4 58.5
      vertex 173.333 128.331 58.0674
      vertex 169.333 128.331 58.0674
    endloop
  endfacet
  facet normal 0 -0.891807 0.452416
    outer loop
      vertex 169.333 125.669 58.9326
      vertex 173.333 125.867 59.3229
      vertex 169.333 125.867 59.3229
    endloop
  endfacet
  facet normal 0 -0.891807 0.452416
    outer loop
      vertex 173.333 125.867 59.3229
      vertex 169.333 125.669 58.9326
      vertex 173.333 125.669 58.9326
    endloop
  endfacet
  facet normal -0 0.454326 0.890835
    outer loop
      vertex 169.333 127.823 59.6326
      vertex 173.333 127.433 59.8315
      vertex 173.333 127.823 59.6326
    endloop
  endfacet
  facet normal 0 0.454326 0.890835
    outer loop
      vertex 173.333 127.433 59.8315
      vertex 169.333 127.823 59.6326
      vertex 169.333 127.433 59.8315
    endloop
  endfacet
  facet normal -1 0 0
    outer loop
      vertex 169.333 128.331 58.0674
      vertex 169.333 128.331 58.9326
      vertex 169.333 128.4 58.5
    endloop
  endfacet
  facet normal -1 0 0
    outer loop
      vertex 169.333 128.133 57.6771
      vertex 169.333 128.331 58.9326
      vertex 169.333 128.331 58.0674
    endloop
  endfacet
  facet normal -1 0 0
    outer loop
      vertex 169.333 128.133 57.6771
      vertex 169.333 128.133 59.3229
      vertex 169.333 128.331 58.9326
    endloop
  endfacet
  facet normal -1 0 0
    outer loop
      vertex 169.333 127.823 57.3674
      vertex 169.333 128.133 59.3229
      vertex 169.333 128.133 57.6771
    endloop
  endfacet
  facet normal -1 0 0
    outer loop
      vertex 169.333 127.823 57.3674
      vertex 169.333 127.823 59.6326
      vertex 169.333 128.133 59.3229
    endloop
  endfacet
  facet normal -1 0 0
    outer loop
      vertex 169.333 127.433 57.1685
      vertex 169.333 127.823 59.6326
      vertex 169.333 127.823 57.3674
    endloop
  endfacet
  facet normal -1 0 0
    outer loop
      vertex 169.333 127.433 57.1685
      vertex 169.333 127.433 59.8315
      vertex 169.333 127.823 59.6326
    endloop
  endfacet
  facet normal -1 0 0
    outer loop
      vertex 169.333 127 57.1
      vertex 169.333 127.433 59.8315
      vertex 169.333 127.433 57.1685
    endloop
  endfacet
  facet normal -1 0 0
    outer loop
      vertex 169.333 127 57.1
      vertex 169.333 127 59.9
      vertex 169.333 127.433 59.8315
    endloop
  endfacet
  facet normal -1 0 0
    outer loop
      vertex 169.333 126.567 57.1685
      vertex 169.333 127 59.9
      vertex 169.333 127 57.1
    endloop
  endfacet
  facet normal -1 0 0
    outer loop
      vertex 169.333 126.567 57.1685
      vertex 169.333 126.567 59.8315
      vertex 169.333 127 59.9
    endloop
  endfacet
  facet normal -1 0 0
    outer loop
      vertex 169.333 126.177 57.3674
      vertex 169.333 126.567 59.8315
      vertex 169.333 126.567 57.1685
    endloop
  endfacet
  facet normal -1 0 0
    outer loop
      vertex 169.333 126.177 57.3674
      vertex 169.333 126.177 59.6326
      vertex 169.333 126.567 59.8315
    endloop
  endfacet
  facet normal -1 0 0
    outer loop
      vertex 169.333 125.867 57.6771
      vertex 169.333 126.177 59.6326
      vertex 169.333 126.177 57.3674
    endloop
  endfacet
  facet normal -1 0 0
    outer loop
      vertex 169.333 125.867 57.6771
      vertex 169.333 125.867 59.3229
      vertex 169.333 126.177 59.6326
    endloop
  endfacet
  facet normal -1 0 0
    outer loop
      vertex 169.333 125.669 58.0674
      vertex 169.333 125.867 59.3229
      vertex 169.333 125.867 57.6771
    endloop
  endfacet
  facet normal -1 0 0
    outer loop
      vertex 169.333 125.669 58.0674
      vertex 169.333 125.669 58.9326
      vertex 169.333 125.867 59.3229
    endloop
  endfacet
  facet normal -1 0 -0
    outer loop
      vertex 169.333 125.669 58.9326
      vertex 169.333 125.669 58.0674
      vertex 169.333 125.6 58.5
    endloop
  endfacet
  facet normal 0 0.156255 -0.987717
    outer loop
      vertex 169.333 127 57.1
      vertex 173.333 127.433 57.1685
      vertex 173.333 127 57.1
    endloop
  endfacet
  facet normal 0 0.156255 -0.987717
    outer loop
      vertex 173.333 127.433 57.1685
      vertex 169.333 127 57.1
      vertex 169.333 127.433 57.1685
    endloop
  endfacet
  facet normal 1 0 0
    outer loop
      vertex 173.333 128.331 58.9326
      vertex 173.333 128.331 58.0674
      vertex 173.333 128.4 58.5
    endloop
  endfacet
  facet normal 1 0 0
    outer loop
      vertex 173.333 128.133 59.3229
      vertex 173.333 128.331 58.0674
      vertex 173.333 128.331 58.9326
    endloop
  endfacet
  facet normal 1 0 0
    outer loop
      vertex 173.333 128.133 59.3229
      vertex 173.333 128.133 57.6771
      vertex 173.333 128.331 58.0674
    endloop
  endfacet
  facet normal 1 0 0
    outer loop
      vertex 173.333 127.823 59.6326
      vertex 173.333 128.133 57.6771
      vertex 173.333 128.133 59.3229
    endloop
  endfacet
  facet normal 1 0 0
    outer loop
      vertex 173.333 127.823 59.6326
      vertex 173.333 127.823 57.3674
      vertex 173.333 128.133 57.6771
    endloop
  endfacet
  facet normal 1 0 0
    outer loop
      vertex 173.333 127.433 59.8315
      vertex 173.333 127.823 57.3674
      vertex 173.333 127.823 59.6326
    endloop
  endfacet
  facet normal 1 0 0
    outer loop
      vertex 173.333 127.433 59.8315
      vertex 173.333 127.433 57.1685
      vertex 173.333 127.823 57.3674
    endloop
  endfacet
  facet normal 1 0 0
    outer loop
      vertex 173.333 127 59.9
      vertex 173.333 127.433 57.1685
      vertex 173.333 127.433 59.8315
    endloop
  endfacet
  facet normal 1 0 0
    outer loop
      vertex 173.333 127 59.9
      vertex 173.333 127 57.1
      vertex 173.333 127.433 57.1685
    endloop
  endfacet
  facet normal 1 -0 0
    outer loop
      vertex 173.333 126.567 59.8315
      vertex 173.333 127 57.1
      vertex 173.333 127 59.9
    endloop
  endfacet
  facet normal 1 0 0
    outer loop
      vertex 173.333 126.567 59.8315
      vertex 173.333 126.567 57.1685
      vertex 173.333 127 57.1
    endloop
  endfacet
  facet normal 1 -0 0
    outer loop
      vertex 173.333 126.177 59.6326
      vertex 173.333 126.567 57.1685
      vertex 173.333 126.567 59.8315
    endloop
  endfacet
  facet normal 1 0 0
    outer loop
      vertex 173.333 126.177 59.6326
      vertex 173.333 126.177 57.3674
      vertex 173.333 126.567 57.1685
    endloop
  endfacet
  facet normal 1 -0 0
    outer loop
      vertex 173.333 125.867 59.3229
      vertex 173.333 126.177 57.3674
      vertex 173.333 126.177 59.6326
    endloop
  endfacet
  facet normal 1 0 0
    outer loop
      vertex 173.333 125.867 59.3229
      vertex 173.333 125.867 57.6771
      vertex 173.333 126.177 57.3674
    endloop
  endfacet
  facet normal 1 -0 0
    outer loop
      vertex 173.333 125.669 58.9326
      vertex 173.333 125.867 57.6771
      vertex 173.333 125.867 59.3229
    endloop
  endfacet
  facet normal 1 0 0
    outer loop
      vertex 173.333 125.669 58.9326
      vertex 173.333 125.669 58.0674
      vertex 173.333 125.867 57.6771
    endloop
  endfacet
  facet normal 1 0 -0
    outer loop
      vertex 173.333 125.669 58.0674
      vertex 173.333 125.669 58.9326
      vertex 173.333 125.6 58.5
    endloop
  endfacet
  facet normal 0 -0.454326 -0.890835
    outer loop
      vertex 236.667 126.177 57.3674
      vertex 240.667 126.567 57.1685
      vertex 240.667 126.177 57.3674
    endloop
  endfacet
  facet normal -0 -0.454326 -0.890835
    outer loop
      vertex 240.667 126.567 57.1685
      vertex 236.667 126.177 57.3674
      vertex 236.667 126.567 57.1685
    endloop
  endfacet
  facet normal 0 0.706764 -0.707449
    outer loop
      vertex 236.667 127.823 57.3674
      vertex 240.667 128.133 57.6771
      vertex 240.667 127.823 57.3674
    endloop
  endfacet
  facet normal 0 0.706764 -0.707449
    outer loop
      vertex 240.667 128.133 57.6771
      vertex 236.667 127.823 57.3674
      vertex 236.667 128.133 57.6771
    endloop
  endfacet
  facet normal 0 -0.891807 -0.452416
    outer loop
      vertex 236.667 125.867 57.6771
      vertex 240.667 125.669 58.0674
      vertex 236.667 125.669 58.0674
    endloop
  endfacet
  facet normal 0 -0.891807 -0.452416
    outer loop
      vertex 240.667 125.669 58.0674
      vertex 236.667 125.867 57.6771
      vertex 240.667 125.867 57.6771
    endloop
  endfacet
  facet normal 0 -0.156255 0.987717
    outer loop
      vertex 236.667 127 59.9
      vertex 240.667 126.567 59.8315
      vertex 240.667 127 59.9
    endloop
  endfacet
  facet normal 0 -0.156255 0.987717
    outer loop
      vertex 240.667 126.567 59.8315
      vertex 236.667 127 59.9
      vertex 236.667 126.567 59.8315
    endloop
  endfacet
  facet normal 0 -0.706764 0.707449
    outer loop
      vertex 236.667 125.867 59.3229
      vertex 240.667 126.177 59.6326
      vertex 236.667 126.177 59.6326
    endloop
  endfacet
  facet normal 0 -0.706764 0.707449
    outer loop
      vertex 240.667 126.177 59.6326
      vertex 236.667 125.867 59.3229
      vertex 240.667 125.867 59.3229
    endloop
  endfacet
  facet normal 0 -0.987517 0.15751
    outer loop
      vertex 236.667 125.6 58.5
      vertex 240.667 125.669 58.9326
      vertex 236.667 125.669 58.9326
    endloop
  endfacet
  facet normal 0 -0.987517 0.15751
    outer loop
      vertex 240.667 125.669 58.9326
      vertex 236.667 125.6 58.5
      vertex 240.667 125.6 58.5
    endloop
  endfacet
  facet normal 0 0.987517 0.15751
    outer loop
      vertex 240.667 128.4 58.5
      vertex 236.667 128.331 58.9326
      vertex 240.667 128.331 58.9326
    endloop
  endfacet
  facet normal 0 0.987517 0.15751
    outer loop
      vertex 236.667 128.331 58.9326
      vertex 240.667 128.4 58.5
      vertex 236.667 128.4 58.5
    endloop
  endfacet
  facet normal 0 -0.156255 -0.987717
    outer loop
      vertex 236.667 126.567 57.1685
      vertex 240.667 127 57.1
      vertex 240.667 126.567 57.1685
    endloop
  endfacet
  facet normal -0 -0.156255 -0.987717
    outer loop
      vertex 240.667 127 57.1
      vertex 236.667 126.567 57.1685
      vertex 236.667 127 57.1
    endloop
  endfacet
  facet normal 0 0.454326 -0.890835
    outer loop
      vertex 236.667 127.433 57.1685
      vertex 240.667 127.823 57.3674
      vertex 240.667 127.433 57.1685
    endloop
  endfacet
  facet normal 0 0.454326 -0.890835
    outer loop
      vertex 240.667 127.823 57.3674
      vertex 236.667 127.433 57.1685
      vertex 236.667 127.823 57.3674
    endloop
  endfacet
  facet normal 0 -0.706764 -0.707449
    outer loop
      vertex 236.667 126.177 57.3674
      vertex 240.667 125.867 57.6771
      vertex 236.667 125.867 57.6771
    endloop
  endfacet
  facet normal 0 -0.706764 -0.707449
    outer loop
      vertex 240.667 125.867 57.6771
      vertex 236.667 126.177 57.3674
      vertex 240.667 126.177 57.3674
    endloop
  endfacet
  facet normal -0 0.706764 0.707449
    outer loop
      vertex 236.667 128.133 59.3229
      vertex 240.667 127.823 59.6326
      vertex 240.667 128.133 59.3229
    endloop
  endfacet
  facet normal 0 0.706764 0.707449
    outer loop
      vertex 240.667 127.823 59.6326
      vertex 236.667 128.133 59.3229
      vertex 236.667 127.823 59.6326
    endloop
  endfacet
  facet normal 0 -0.454326 0.890835
    outer loop
      vertex 236.667 126.567 59.8315
      vertex 240.667 126.177 59.6326
      vertex 240.667 126.567 59.8315
    endloop
  endfacet
  facet normal 0 -0.454326 0.890835
    outer loop
      vertex 240.667 126.177 59.6326
      vertex 236.667 126.567 59.8315
      vertex 236.667 126.177 59.6326
    endloop
  endfacet
  facet normal 0 0.891807 0.452416
    outer loop
      vertex 240.667 128.331 58.9326
      vertex 236.667 128.133 59.3229
      vertex 240.667 128.133 59.3229
    endloop
  endfacet
  facet normal 0 0.891807 0.452416
    outer loop
      vertex 236.667 128.133 59.3229
      vertex 240.667 128.331 58.9326
      vertex 236.667 128.331 58.9326
    endloop
  endfacet
  facet normal 0 0.891807 -0.452416
    outer loop
      vertex 240.667 128.133 57.6771
      vertex 236.667 128.331 58.0674
      vertex 240.667 128.331 58.0674
    endloop
  endfacet
  facet normal 0 0.891807 -0.452416
    outer loop
      vertex 236.667 128.331 58.0674
      vertex 240.667 128.133 57.6771
      vertex 236.667 128.133 57.6771
    endloop
  endfacet
  facet normal -0 0.156255 0.987717
    outer loop
      vertex 236.667 127.433 59.8315
      vertex 240.667 127 59.9
      vertex 240.667 127.433 59.8315
    endloop
  endfacet
  facet normal 0 0.156255 0.987717
    outer loop
      vertex 240.667 127 59.9
      vertex 236.667 127.433 59.8315
      vertex 236.667 127 59.9
    endloop
  endfacet
  facet normal 0 -0.987517 -0.15751
    outer loop
      vertex 236.667 125.669 58.0674
      vertex 240.667 125.6 58.5
      vertex 236.667 125.6 58.5
    endloop
  endfacet
  facet normal 0 -0.987517 -0.15751
    outer loop
      vertex 240.667 125.6 58.5
      vertex 236.667 125.669 58.0674
      vertex 240.667 125.669 58.0674
    endloop
  endfacet
  facet normal 0 0.987517 -0.15751
    outer loop
      vertex 240.667 128.331 58.0674
      vertex 236.667 128.4 58.5
      vertex 240.667 128.4 58.5
    endloop
  endfacet
  facet normal 0 0.987517 -0.15751
    outer loop
      vertex 236.667 128.4 58.5
      vertex 240.667 128.331 58.0674
      vertex 236.667 128.331 58.0674
    endloop
  endfacet
  facet normal 0 -0.891807 0.452416
    outer loop
      vertex 236.667 125.669 58.9326
      vertex 240.667 125.867 59.3229
      vertex 236.667 125.867 59.3229
    endloop
  endfacet
  facet normal 0 -0.891807 0.452416
    outer loop
      vertex 240.667 125.867 59.3229
      vertex 236.667 125.669 58.9326
      vertex 240.667 125.669 58.9326
    endloop
  endfacet
  facet normal -0 0.454326 0.890835
    outer loop
      vertex 236.667 127.823 59.6326
      vertex 240.667 127.433 59.8315
      vertex 240.667 127.823 59.6326
    endloop
  endfacet
  facet normal 0 0.454326 0.890835
    outer loop
      vertex 240.667 127.433 59.8315
      vertex 236.667 127.823 59.6326
      vertex 236.667 127.433 59.8315
    endloop
  endfacet
  facet normal -1 0 0
    outer loop
      vertex 236.667 128.331 58.0674
      vertex 236.667 128.331 58.9326
      vertex 236.667 128.4 58.5
    endloop
  endfacet
  facet normal -1 0 0
    outer loop
      vertex 236.667 128.133 57.6771
      vertex 236.667 128.331 58.9326
      vertex 236.667 128.331 58.0674
    endloop
  endfacet
  facet normal -1 0 0
    outer loop
      vertex 236.667 128.133 57.6771
      vertex 236.667 128.133 59.3229
      vertex 236.667 128.331 58.9326
    endloop
  endfacet
  facet normal -1 0 0
    outer loop
      vertex 236.667 127.823 57.3674
      vertex 236.667 128.133 59.3229
      vertex 236.667 128.133 57.6771
    endloop
  endfacet
  facet normal -1 0 0
    outer loop
      vertex 236.667 127.823 57.3674
      vertex 236.667 127.823 59.6326
      vertex 236.667 128.133 59.3229
    endloop
  endfacet
  facet normal -1 0 0
    outer loop
      vertex 236.667 127.433 57.1685
      vertex 236.667 127.823 59.6326
      vertex 236.667 127.823 57.3674
    endloop
  endfacet
  facet normal -1 0 0
    outer loop
      vertex 236.667 127.433 57.1685
      vertex 236.667 127.433 59.8315
      vertex 236.667 127.823 59.6326
    endloop
  endfacet
  facet normal -1 0 0
    outer loop
      vertex 236.667 127 57.1
      vertex 236.667 127.433 59.8315
      vertex 236.667 127.433 57.1685
    endloop
  endfacet
  facet normal -1 0 0
    outer loop
      vertex 236.667 127 57.1
      vertex 236.667 127 59.9
      vertex 236.667 127.433 59.8315
    endloop
  endfacet
  facet normal -1 0 0
    outer loop
      vertex 236.667 126.567 57.1685
      vertex 236.667 127 59.9
      vertex 236.667 127 57.1
    endloop
  endfacet
  facet normal -1 0 0
    outer loop
      vertex 236.667 126.567 57.1685
      vertex 236.667 126.567 59.8315
      vertex 236.667 127 59.9
    endloop
  endfacet
  facet normal -1 0 0
    outer loop
      vertex 236.667 126.177 57.3674
      vertex 236.667 126.567 59.8315
      vertex 236.667 126.567 57.1685
    endloop
  endfacet
  facet normal -1 0 0
    outer loop
      vertex 236.667 126.177 57.3674
      vertex 236.667 126.177 59.6326
      vertex 236.667 126.567 59.8315
    endloop
  endfacet
  facet normal -1 0 0
    outer loop
      vertex 236.667 125.867 57.6771
      vertex 236.667 126.177 59.6326
      vertex 236.667 126.177 57.3674
    endloop
  endfacet
  facet normal -1 0 0
    outer loop
      vertex 236.667 125.867 57.6771
      vertex 236.667 125.867 59.3229
      vertex 236.667 126.177 59.6326
    endloop
  endfacet
  facet normal -1 0 0
    outer loop
      vertex 236.667 125.669 58.0674
      vertex 236.667 125.867 59.3229
      vertex 236.667 125.867 57.6771
    endloop
  endfacet
  facet normal -1 0 0
    outer loop
      vertex 236.667 125.669 58.0674
      vertex 236.667 125.669 58.9326
      vertex 236.667 125.867 59.3229
    endloop
  endfacet
  facet normal -1 0 -0
    outer loop
      vertex 236.667 125.669 58.9326
      vertex 236.667 125.669 58.0674
      vertex 236.667 125.6 58.5
    endloop
  endfacet
  facet normal 0 0.156255 -0.987717
    outer loop
      vertex 236.667 127 57.1
      vertex 240.667 127.433 57.1685
      vertex 240.667 127 57.1
    endloop
  endfacet
  facet normal 0 0.156255 -0.987717
    outer loop
      vertex 240.667 127.433 57.1685
      vertex 236.667 127 57.1
      vertex 236.667 127.433 57.1685
    endloop
  endfacet
  facet normal 1 0 0
    outer loop
      vertex 240.667 128.331 58.9326
      vertex 240.667 128.331 58.0674
      vertex 240.667 128.4 58.5
    endloop
  endfacet
  facet normal 1 0 0
    outer loop
      vertex 240.667 128.133 59.3229
      vertex 240.667 128.331 58.0674
      vertex 240.667 128.331 58.9326
    endloop
  endfacet
  facet normal 1 0 0
    outer loop
      vertex 240.667 128.133 59.3229
      vertex 240.667 128.133 57.6771
      vertex 240.667 128.331 58.0674
    endloop
  endfacet
  facet normal 1 0 0
    outer loop
      vertex 240.667 127.823 59.6326
      vertex 240.667 128.133 57.6771
      vertex 240.667 128.133 59.3229
    endloop
  endfacet
  facet normal 1 0 0
    outer loop
      vertex 240.667 127.823 59.6326
      vertex 240.667 127.823 57.3674
      vertex 240.667 128.133 57.6771
    endloop
  endfacet
  facet normal 1 0 0
    outer loop
      vertex 240.667 127.433 59.8315
      vertex 240.667 127.823 57.3674
      vertex 240.667 127.823 59.6326
    endloop
  endfacet
  facet normal 1 0 0
    outer loop
      vertex 240.667 127.433 59.8315
      vertex 240.667 127.433 57.1685
      vertex 240.667 127.823 57.3674
    endloop
  endfacet
  facet normal 1 0 0
    outer loop
      vertex 240.667 127 59.9
      vertex 240.667 127.433 57.1685
      vertex 240.667 127.433 59.8315
    endloop
  endfacet
  facet normal 1 0 0
    outer loop
      vertex 240.667 127 59.9
      vertex 240.667 127 57.1
      vertex 240.667 127.433 57.1685
    endloop
  endfacet
  facet normal 1 -0 0
    outer loop
      vertex 240.667 126.567 59.8315
      vertex 240.667 127 57.1
      vertex 240.667 127 59.9
    endloop
  endfacet
  facet normal 1 0 0
    outer loop
      vertex 240.667 126.567 59.8315
      vertex 240.667 126.567 57.1685
      vertex 240.667 127 57.1
    endloop
  endfacet
  facet normal 1 -0 0
    outer loop
      vertex 240.667 126.177 59.6326
      vertex 240.667 126.567 57.1685
      vertex 240.667 126.567 59.8315
    endloop
  endfacet
  facet normal 1 0 0
    outer loop
      vertex 240.667 126.177 59.6326
      vertex 240.667 126.177 57.3674
      vertex 240.667 126.567 57.1685
    endloop
  endfacet
  facet normal 1 -0 0
    outer loop
      vertex 240.667 125.867 59.3229
      vertex 240.667 126.177 57.3674
      vertex 240.667 126.177 59.6326
    endloop
  endfacet
  facet normal 1 0 0
    outer loop
      vertex 240.667 125.867 59.3229
      vertex 240.667 125.867 57.6771
      vertex 240.667 126.177 57.3674
    endloop
  endfacet
  facet normal 1 -0 0
    outer loop
      vertex 240.667 125.669 58.9326
      vertex 240.667 125.867 57.6771
      vertex 240.667 125.867 59.3229
    endloop
  endfacet
  facet normal 1 0 0
    outer loop
      vertex 240.667 125.669 58.9326
      vertex 240.667 125.669 58.0674
      vertex 240.667 125.867 57.6771
    endloop
  endfacet
  facet normal 1 0 -0
    outer loop
      vertex 240.667 125.669 58.0674
      vertex 240.667 125.669 58.9326
      vertex 240.667 125.6 58.5
    endloop
  endfacet
  facet normal 1 0 0
    outer loop
      vertex 308 128.331 58.9326
      vertex 308 128.331 58.0674
      vertex 308 128.4 58.5
    endloop
  endfacet
  facet normal 1 0 0
    outer loop
      vertex 308 128.133 59.3229
      vertex 308 128.331 58.0674
      vertex 308 128.331 58.9326
    endloop
  endfacet
  facet normal 1 0 0
    outer loop
      vertex 308 128.133 59.3229
      vertex 308 128.133 57.6771
      vertex 308 128.331 58.0674
    endloop
  endfacet
  facet normal 1 0 0
    outer loop
      vertex 308 127.823 59.6326
      vertex 308 128.133 57.6771
      vertex 308 128.133 59.3229
    endloop
  endfacet
  facet normal 1 0 0
    outer loop
      vertex 308 127.823 59.6326
      vertex 308 127.823 57.3674
      vertex 308 128.133 57.6771
    endloop
  endfacet
  facet normal 1 0 0
    outer loop
      vertex 308 127.433 59.8315
      vertex 308 127.823 57.3674
      vertex 308 127.823 59.6326
    endloop
  endfacet
  facet normal 1 0 0
    outer loop
      vertex 308 127.433 59.8315
      vertex 308 127.433 57.1685
      vertex 308 127.823 57.3674
    endloop
  endfacet
  facet normal 1 0 0
    outer loop
      vertex 308 127 59.9
      vertex 308 127.433 57.1685
      vertex 308 127.433 59.8315
    endloop
  endfacet
  facet normal 1 0 0
    outer loop
      vertex 308 127 59.9
      vertex 308 127 57.1
      vertex 308 127.433 57.1685
    endloop
  endfacet
  facet normal 1 -0 0
    outer loop
      vertex 308 126.567 59.8315
      vertex 308 127 57.1
      vertex 308 127 59.9
    endloop
  endfacet
  facet normal 1 0 0
    outer loop
      vertex 308 126.567 59.8315
      vertex 308 126.567 57.1685
      vertex 308 127 57.1
    endloop
  endfacet
  facet normal 1 -0 0
    outer loop
      vertex 308 126.177 59.6326
      vertex 308 126.567 57.1685
      vertex 308 126.567 59.8315
    endloop
  endfacet
  facet normal 1 0 0
    outer loop
      vertex 308 126.177 59.6326
      vertex 308 126.177 57.3674
      vertex 308 126.567 57.1685
    endloop
  endfacet
  facet normal 1 -0 0
    outer loop
      vertex 308 125.867 59.3229
      vertex 308 126.177 57.3674
      vertex 308 126.177 59.6326
    endloop
  endfacet
  facet normal 1 0 0
    outer loop
      vertex 308 125.867 59.3229
      vertex 308 125.867 57.6771
      vertex 308 126.177 57.3674
    endloop
  endfacet
  facet normal 1 -0 0
    outer loop
      vertex 308 125.669 58.9326
      vertex 308 125.867 57.6771
      vertex 308 125.867 59.3229
    endloop
  endfacet
  facet normal 1 0 0
    outer loop
      vertex 308 125.669 58.9326
      vertex 308 125.669 58.0674
      vertex 308 125.867 57.6771
    endloop
  endfacet
  facet normal 1 0 -0
    outer loop
      vertex 308 125.669 58.0674
      vertex 308 125.669 58.9326
      vertex 308 125.6 58.5
    endloop
  endfacet
  facet normal 0 -0.454326 -0.890835
    outer loop
      vertex 304 126.177 57.3674
      vertex 308 126.567 57.1685
      vertex 308 126.177 57.3674
    endloop
  endfacet
  facet normal -0 -0.454326 -0.890835
    outer loop
      vertex 308 126.567 57.1685
      vertex 304 126.177 57.3674
      vertex 304 126.567 57.1685
    endloop
  endfacet
  facet normal 0 0.706764 -0.707449
    outer loop
      vertex 304 127.823 57.3674
      vertex 308 128.133 57.6771
      vertex 308 127.823 57.3674
    endloop
  endfacet
  facet normal 0 0.706764 -0.707449
    outer loop
      vertex 308 128.133 57.6771
      vertex 304 127.823 57.3674
      vertex 304 128.133 57.6771
    endloop
  endfacet
  facet normal 0 -0.891807 -0.452416
    outer loop
      vertex 304 125.867 57.6771
      vertex 308 125.669 58.0674
      vertex 304 125.669 58.0674
    endloop
  endfacet
  facet normal 0 -0.891807 -0.452416
    outer loop
      vertex 308 125.669 58.0674
      vertex 304 125.867 57.6771
      vertex 308 125.867 57.6771
    endloop
  endfacet
  facet normal 0 -0.156255 0.987717
    outer loop
      vertex 304 127 59.9
      vertex 308 126.567 59.8315
      vertex 308 127 59.9
    endloop
  endfacet
  facet normal 0 -0.156255 0.987717
    outer loop
      vertex 308 126.567 59.8315
      vertex 304 127 59.9
      vertex 304 126.567 59.8315
    endloop
  endfacet
  facet normal 0 -0.706764 0.707449
    outer loop
      vertex 304 125.867 59.3229
      vertex 308 126.177 59.6326
      vertex 304 126.177 59.6326
    endloop
  endfacet
  facet normal 0 -0.706764 0.707449
    outer loop
      vertex 308 126.177 59.6326
      vertex 304 125.867 59.3229
      vertex 308 125.867 59.3229
    endloop
  endfacet
  facet normal 0 -0.987517 0.15751
    outer loop
      vertex 304 125.6 58.5
      vertex 308 125.669 58.9326
      vertex 304 125.669 58.9326
    endloop
  endfacet
  facet normal 0 -0.987517 0.15751
    outer loop
      vertex 308 125.669 58.9326
      vertex 304 125.6 58.5
      vertex 308 125.6 58.5
    endloop
  endfacet
  facet normal 0 0.987517 0.15751
    outer loop
      vertex 308 128.4 58.5
      vertex 304 128.331 58.9326
      vertex 308 128.331 58.9326
    endloop
  endfacet
  facet normal 0 0.987517 0.15751
    outer loop
      vertex 304 128.331 58.9326
      vertex 308 128.4 58.5
      vertex 304 128.4 58.5
    endloop
  endfacet
  facet normal 0 -0.156255 -0.987717
    outer loop
      vertex 304 126.567 57.1685
      vertex 308 127 57.1
      vertex 308 126.567 57.1685
    endloop
  endfacet
  facet normal -0 -0.156255 -0.987717
    outer loop
      vertex 308 127 57.1
      vertex 304 126.567 57.1685
      vertex 304 127 57.1
    endloop
  endfacet
  facet normal 0 -0.706764 -0.707449
    outer loop
      vertex 304 126.177 57.3674
      vertex 308 125.867 57.6771
      vertex 304 125.867 57.6771
    endloop
  endfacet
  facet normal 0 -0.706764 -0.707449
    outer loop
      vertex 308 125.867 57.6771
      vertex 304 126.177 57.3674
      vertex 308 126.177 57.3674
    endloop
  endfacet
  facet normal -0 0.706764 0.707449
    outer loop
      vertex 304 128.133 59.3229
      vertex 308 127.823 59.6326
      vertex 308 128.133 59.3229
    endloop
  endfacet
  facet normal 0 0.706764 0.707449
    outer loop
      vertex 308 127.823 59.6326
      vertex 304 128.133 59.3229
      vertex 304 127.823 59.6326
    endloop
  endfacet
  facet normal 0 -0.454326 0.890835
    outer loop
      vertex 304 126.567 59.8315
      vertex 308 126.177 59.6326
      vertex 308 126.567 59.8315
    endloop
  endfacet
  facet normal 0 -0.454326 0.890835
    outer loop
      vertex 308 126.177 59.6326
      vertex 304 126.567 59.8315
      vertex 304 126.177 59.6326
    endloop
  endfacet
  facet normal 0 0.891807 0.452416
    outer loop
      vertex 308 128.331 58.9326
      vertex 304 128.133 59.3229
      vertex 308 128.133 59.3229
    endloop
  endfacet
  facet normal 0 0.891807 0.452416
    outer loop
      vertex 304 128.133 59.3229
      vertex 308 128.331 58.9326
      vertex 304 128.331 58.9326
    endloop
  endfacet
  facet normal 0 0.891807 -0.452416
    outer loop
      vertex 308 128.133 57.6771
      vertex 304 128.331 58.0674
      vertex 308 128.331 58.0674
    endloop
  endfacet
  facet normal 0 0.891807 -0.452416
    outer loop
      vertex 304 128.331 58.0674
      vertex 308 128.133 57.6771
      vertex 304 128.133 57.6771
    endloop
  endfacet
  facet normal -0 0.156255 0.987717
    outer loop
      vertex 304 127.433 59.8315
      vertex 308 127 59.9
      vertex 308 127.433 59.8315
    endloop
  endfacet
  facet normal 0 0.156255 0.987717
    outer loop
      vertex 308 127 59.9
      vertex 304 127.433 59.8315
      vertex 304 127 59.9
    endloop
  endfacet
  facet normal 0 -0.987517 -0.15751
    outer loop
      vertex 304 125.669 58.0674
      vertex 308 125.6 58.5
      vertex 304 125.6 58.5
    endloop
  endfacet
  facet normal 0 -0.987517 -0.15751
    outer loop
      vertex 308 125.6 58.5
      vertex 304 125.669 58.0674
      vertex 308 125.669 58.0674
    endloop
  endfacet
  facet normal 0 0.987517 -0.15751
    outer loop
      vertex 308 128.331 58.0674
      vertex 304 128.4 58.5
      vertex 308 128.4 58.5
    endloop
  endfacet
  facet normal 0 0.987517 -0.15751
    outer loop
      vertex 304 128.4 58.5
      vertex 308 128.331 58.0674
      vertex 304 128.331 58.0674
    endloop
  endfacet
  facet normal 0 -0.891807 0.452416
    outer loop
      vertex 304 125.669 58.9326
      vertex 308 125.867 59.3229
      vertex 304 125.867 59.3229
    endloop
  endfacet
  facet normal 0 -0.891807 0.452416
    outer loop
      vertex 308 125.867 59.3229
      vertex 304 125.669 58.9326
      vertex 308 125.669 58.9326
    endloop
  endfacet
  facet normal -0 0.454326 0.890835
    outer loop
      vertex 304 127.823 59.6326
      vertex 308 127.433 59.8315
      vertex 308 127.823 59.6326
    endloop
  endfacet
  facet normal 0 0.454326 0.890835
    outer loop
      vertex 308 127.433 59.8315
      vertex 304 127.823 59.6326
      vertex 304 127.433 59.8315
    endloop
  endfacet
  facet normal 0 0.454326 -0.890835
    outer loop
      vertex 304 127.433 57.1685
      vertex 308 127.823 57.3674
      vertex 308 127.433 57.1685
    endloop
  endfacet
  facet normal 0 0.454326 -0.890835
    outer loop
      vertex 308 127.823 57.3674
      vertex 304 127.433 57.1685
      vertex 304 127.823 57.3674
    endloop
  endfacet
  facet normal -1 0 0
    outer loop
      vertex 304 128.331 58.0674
      vertex 304 128.331 58.9326
      vertex 304 128.4 58.5
    endloop
  endfacet
  facet normal -1 0 0
    outer loop
      vertex 304 128.133 57.6771
      vertex 304 128.331 58.9326
      vertex 304 128.331 58.0674
    endloop
  endfacet
  facet normal -1 0 0
    outer loop
      vertex 304 128.133 57.6771
      vertex 304 128.133 59.3229
      vertex 304 128.331 58.9326
    endloop
  endfacet
  facet normal -1 0 0
    outer loop
      vertex 304 127.823 57.3674
      vertex 304 128.133 59.3229
      vertex 304 128.133 57.6771
    endloop
  endfacet
  facet normal -1 0 0
    outer loop
      vertex 304 127.823 57.3674
      vertex 304 127.823 59.6326
      vertex 304 128.133 59.3229
    endloop
  endfacet
  facet normal -1 0 0
    outer loop
      vertex 304 127.433 57.1685
      vertex 304 127.823 59.6326
      vertex 304 127.823 57.3674
    endloop
  endfacet
  facet normal -1 0 0
    outer loop
      vertex 304 127.433 57.1685
      vertex 304 127.433 59.8315
      vertex 304 127.823 59.6326
    endloop
  endfacet
  facet normal -1 0 0
    outer loop
      vertex 304 127 57.1
      vertex 304 127.433 59.8315
      vertex 304 127.433 57.1685
    endloop
  endfacet
  facet normal -1 0 0
    outer loop
      vertex 304 127 57.1
      vertex 304 127 59.9
      vertex 304 127.433 59.8315
    endloop
  endfacet
  facet normal -1 0 0
    outer loop
      vertex 304 126.567 57.1685
      vertex 304 127 59.9
      vertex 304 127 57.1
    endloop
  endfacet
  facet normal -1 0 0
    outer loop
      vertex 304 126.567 57.1685
      vertex 304 126.567 59.8315
      vertex 304 127 59.9
    endloop
  endfacet
  facet normal -1 0 0
    outer loop
      vertex 304 126.177 57.3674
      vertex 304 126.567 59.8315
      vertex 304 126.567 57.1685
    endloop
  endfacet
  facet normal -1 0 0
    outer loop
      vertex 304 126.177 57.3674
      vertex 304 126.177 59.6326
      vertex 304 126.567 59.8315
    endloop
  endfacet
  facet normal -1 0 0
    outer loop
      vertex 304 125.867 57.6771
      vertex 304 126.177 59.6326
      vertex 304 126.177 57.3674
    endloop
  endfacet
  facet normal -1 0 0
    outer loop
      vertex 304 125.867 57.6771
      vertex 304 125.867 59.3229
      vertex 304 126.177 59.6326
    endloop
  endfacet
  facet normal -1 0 0
    outer loop
      vertex 304 125.669 58.0674
      vertex 304 125.867 59.3229
      vertex 304 125.867 57.6771
    endloop
  endfacet
  facet normal -1 0 0
    outer loop
      vertex 304 125.669 58.0674
      vertex 304 125.669 58.9326
      vertex 304 125.867 59.3229
    endloop
  endfacet
  facet normal -1 0 -0
    outer loop
      vertex 304 125.669 58.9326
      vertex 304 125.669 58.0674
      vertex 304 125.6 58.5
    endloop
  endfacet
  facet normal 0 0.156255 -0.987717
    outer loop
      vertex 304 127 57.1
      vertex 308 127.433 57.1685
      vertex 308 127 57.1
    endloop
  endfacet
  facet normal 0 0.156255 -0.987717
    outer loop
      vertex 308 127.433 57.1685
      vertex 304 127 57.1
      vertex 304 127.433 57.1685
    endloop
  endfacet
  facet normal 0 -0.454326 -0.890835
    outer loop
      vertex 371.333 126.177 57.3674
      vertex 375.333 126.567 57.1685
      vertex 375.333 126.177 57.3674
    endloop
  endfacet
  facet normal -0 -0.454326 -0.890835
    outer loop
      vertex 375.333 126.567 57.1685
      vertex 371.333 126.177 57.3674
      vertex 371.333 126.567 57.1685
    endloop
  endfacet
  facet normal 0 0.706764 -0.707449
    outer loop
      vertex 371.333 127.823 57.3674
      vertex 375.333 128.133 57.6771
      vertex 375.333 127.823 57.3674
    endloop
  endfacet
  facet normal 0 0.706764 -0.707449
    outer loop
      vertex 375.333 128.133 57.6771
      vertex 371.333 127.823 57.3674
      vertex 371.333 128.133 57.6771
    endloop
  endfacet
  facet normal 0 -0.891807 -0.452416
    outer loop
      vertex 371.333 125.867 57.6771
      vertex 375.333 125.669 58.0674
      vertex 371.333 125.669 58.0674
    endloop
  endfacet
  facet normal 0 -0.891807 -0.452416
    outer loop
      vertex 375.333 125.669 58.0674
      vertex 371.333 125.867 57.6771
      vertex 375.333 125.867 57.6771
    endloop
  endfacet
  facet normal 0 -0.156255 0.987717
    outer loop
      vertex 371.333 127 59.9
      vertex 375.333 126.567 59.8315
      vertex 375.333 127 59.9
    endloop
  endfacet
  facet normal 0 -0.156255 0.987717
    outer loop
      vertex 375.333 126.567 59.8315
      vertex 371.333 127 59.9
      vertex 371.333 126.567 59.8315
    endloop
  endfacet
  facet normal 0 -0.706764 0.707449
    outer loop
      vertex 371.333 125.867 59.3229
      vertex 375.333 126.177 59.6326
      vertex 371.333 126.177 59.6326
    endloop
  endfacet
  facet normal 0 -0.706764 0.707449
    outer loop
      vertex 375.333 126.177 59.6326
      vertex 371.333 125.867 59.3229
      vertex 375.333 125.867 59.3229
    endloop
  endfacet
  facet normal 0 -0.987517 0.15751
    outer loop
      vertex 371.333 125.6 58.5
      vertex 375.333 125.669 58.9326
      vertex 371.333 125.669 58.9326
    endloop
  endfacet
  facet normal 0 -0.987517 0.15751
    outer loop
      vertex 375.333 125.669 58.9326
      vertex 371.333 125.6 58.5
      vertex 375.333 125.6 58.5
    endloop
  endfacet
  facet normal 1 0 0
    outer loop
      vertex 375.333 128.331 58.9326
      vertex 375.333 128.331 58.0674
      vertex 375.333 128.4 58.5
    endloop
  endfacet
  facet normal 1 0 0
    outer loop
      vertex 375.333 128.133 59.3229
      vertex 375.333 128.331 58.0674
      vertex 375.333 128.331 58.9326
    endloop
  endfacet
  facet normal 1 0 0
    outer loop
      vertex 375.333 128.133 59.3229
      vertex 375.333 128.133 57.6771
      vertex 375.333 128.331 58.0674
    endloop
  endfacet
  facet normal 1 0 0
    outer loop
      vertex 375.333 127.823 59.6326
      vertex 375.333 128.133 57.6771
      vertex 375.333 128.133 59.3229
    endloop
  endfacet
  facet normal 1 0 0
    outer loop
      vertex 375.333 127.823 59.6326
      vertex 375.333 127.823 57.3674
      vertex 375.333 128.133 57.6771
    endloop
  endfacet
  facet normal 1 0 0
    outer loop
      vertex 375.333 127.433 59.8315
      vertex 375.333 127.823 57.3674
      vertex 375.333 127.823 59.6326
    endloop
  endfacet
  facet normal 1 0 0
    outer loop
      vertex 375.333 127.433 59.8315
      vertex 375.333 127.433 57.1685
      vertex 375.333 127.823 57.3674
    endloop
  endfacet
  facet normal 1 0 0
    outer loop
      vertex 375.333 127 59.9
      vertex 375.333 127.433 57.1685
      vertex 375.333 127.433 59.8315
    endloop
  endfacet
  facet normal 1 0 0
    outer loop
      vertex 375.333 127 59.9
      vertex 375.333 127 57.1
      vertex 375.333 127.433 57.1685
    endloop
  endfacet
  facet normal 1 -0 0
    outer loop
      vertex 375.333 126.567 59.8315
      vertex 375.333 127 57.1
      vertex 375.333 127 59.9
    endloop
  endfacet
  facet normal 1 0 0
    outer loop
      vertex 375.333 126.567 59.8315
      vertex 375.333 126.567 57.1685
      vertex 375.333 127 57.1
    endloop
  endfacet
  facet normal 1 -0 0
    outer loop
      vertex 375.333 126.177 59.6326
      vertex 375.333 126.567 57.1685
      vertex 375.333 126.567 59.8315
    endloop
  endfacet
  facet normal 1 0 0
    outer loop
      vertex 375.333 126.177 59.6326
      vertex 375.333 126.177 57.3674
      vertex 375.333 126.567 57.1685
    endloop
  endfacet
  facet normal 1 -0 0
    outer loop
      vertex 375.333 125.867 59.3229
      vertex 375.333 126.177 57.3674
      vertex 375.333 126.177 59.6326
    endloop
  endfacet
  facet normal 1 0 0
    outer loop
      vertex 375.333 125.867 59.3229
      vertex 375.333 125.867 57.6771
      vertex 375.333 126.177 57.3674
    endloop
  endfacet
  facet normal 1 -0 0
    outer loop
      vertex 375.333 125.669 58.9326
      vertex 375.333 125.867 57.6771
      vertex 375.333 125.867 59.3229
    endloop
  endfacet
  facet normal 1 0 0
    outer loop
      vertex 375.333 125.669 58.9326
      vertex 375.333 125.669 58.0674
      vertex 375.333 125.867 57.6771
    endloop
  endfacet
  facet normal 1 0 -0
    outer loop
      vertex 375.333 125.669 58.0674
      vertex 375.333 125.669 58.9326
      vertex 375.333 125.6 58.5
    endloop
  endfacet
  facet normal 0 0.987517 0.15751
    outer loop
      vertex 375.333 128.4 58.5
      vertex 371.333 128.331 58.9326
      vertex 375.333 128.331 58.9326
    endloop
  endfacet
  facet normal 0 0.987517 0.15751
    outer loop
      vertex 371.333 128.331 58.9326
      vertex 375.333 128.4 58.5
      vertex 371.333 128.4 58.5
    endloop
  endfacet
  facet normal 0 -0.156255 -0.987717
    outer loop
      vertex 371.333 126.567 57.1685
      vertex 375.333 127 57.1
      vertex 375.333 126.567 57.1685
    endloop
  endfacet
  facet normal -0 -0.156255 -0.987717
    outer loop
      vertex 375.333 127 57.1
      vertex 371.333 126.567 57.1685
      vertex 371.333 127 57.1
    endloop
  endfacet
  facet normal 0 -0.706764 -0.707449
    outer loop
      vertex 371.333 126.177 57.3674
      vertex 375.333 125.867 57.6771
      vertex 371.333 125.867 57.6771
    endloop
  endfacet
  facet normal 0 -0.706764 -0.707449
    outer loop
      vertex 375.333 125.867 57.6771
      vertex 371.333 126.177 57.3674
      vertex 375.333 126.177 57.3674
    endloop
  endfacet
  facet normal -0 0.706764 0.707449
    outer loop
      vertex 371.333 128.133 59.3229
      vertex 375.333 127.823 59.6326
      vertex 375.333 128.133 59.3229
    endloop
  endfacet
  facet normal 0 0.706764 0.707449
    outer loop
      vertex 375.333 127.823 59.6326
      vertex 371.333 128.133 59.3229
      vertex 371.333 127.823 59.6326
    endloop
  endfacet
  facet normal 0 -0.454326 0.890835
    outer loop
      vertex 371.333 126.567 59.8315
      vertex 375.333 126.177 59.6326
      vertex 375.333 126.567 59.8315
    endloop
  endfacet
  facet normal 0 -0.454326 0.890835
    outer loop
      vertex 375.333 126.177 59.6326
      vertex 371.333 126.567 59.8315
      vertex 371.333 126.177 59.6326
    endloop
  endfacet
  facet normal 0 0.891807 0.452416
    outer loop
      vertex 375.333 128.331 58.9326
      vertex 371.333 128.133 59.3229
      vertex 375.333 128.133 59.3229
    endloop
  endfacet
  facet normal 0 0.891807 0.452416
    outer loop
      vertex 371.333 128.133 59.3229
      vertex 375.333 128.331 58.9326
      vertex 371.333 128.331 58.9326
    endloop
  endfacet
  facet normal 0 0.891807 -0.452416
    outer loop
      vertex 375.333 128.133 57.6771
      vertex 371.333 128.331 58.0674
      vertex 375.333 128.331 58.0674
    endloop
  endfacet
  facet normal 0 0.891807 -0.452416
    outer loop
      vertex 371.333 128.331 58.0674
      vertex 375.333 128.133 57.6771
      vertex 371.333 128.133 57.6771
    endloop
  endfacet
  facet normal -0 0.156255 0.987717
    outer loop
      vertex 371.333 127.433 59.8315
      vertex 375.333 127 59.9
      vertex 375.333 127.433 59.8315
    endloop
  endfacet
  facet normal 0 0.156255 0.987717
    outer loop
      vertex 375.333 127 59.9
      vertex 371.333 127.433 59.8315
      vertex 371.333 127 59.9
    endloop
  endfacet
  facet normal -1 0 0
    outer loop
      vertex 371.333 128.331 58.0674
      vertex 371.333 128.331 58.9326
      vertex 371.333 128.4 58.5
    endloop
  endfacet
  facet normal -1 0 0
    outer loop
      vertex 371.333 128.133 57.6771
      vertex 371.333 128.331 58.9326
      vertex 371.333 128.331 58.0674
    endloop
  endfacet
  facet normal -1 0 0
    outer loop
      vertex 371.333 128.133 57.6771
      vertex 371.333 128.133 59.3229
      vertex 371.333 128.331 58.9326
    endloop
  endfacet
  facet normal -1 0 0
    outer loop
      vertex 371.333 127.823 57.3674
      vertex 371.333 128.133 59.3229
      vertex 371.333 128.133 57.6771
    endloop
  endfacet
  facet normal -1 0 0
    outer loop
      vertex 371.333 127.823 57.3674
      vertex 371.333 127.823 59.6326
      vertex 371.333 128.133 59.3229
    endloop
  endfacet
  facet normal -1 0 0
    outer loop
      vertex 371.333 127.433 57.1685
      vertex 371.333 127.823 59.6326
      vertex 371.333 127.823 57.3674
    endloop
  endfacet
  facet normal -1 0 0
    outer loop
      vertex 371.333 127.433 57.1685
      vertex 371.333 127.433 59.8315
      vertex 371.333 127.823 59.6326
    endloop
  endfacet
  facet normal -1 0 0
    outer loop
      vertex 371.333 127 57.1
      vertex 371.333 127.433 59.8315
      vertex 371.333 127.433 57.1685
    endloop
  endfacet
  facet normal -1 0 0
    outer loop
      vertex 371.333 127 57.1
      vertex 371.333 127 59.9
      vertex 371.333 127.433 59.8315
    endloop
  endfacet
  facet normal -1 0 0
    outer loop
      vertex 371.333 126.567 57.1685
      vertex 371.333 127 59.9
      vertex 371.333 127 57.1
    endloop
  endfacet
  facet normal -1 0 0
    outer loop
      vertex 371.333 126.567 57.1685
      vertex 371.333 126.567 59.8315
      vertex 371.333 127 59.9
    endloop
  endfacet
  facet normal -1 0 0
    outer loop
      vertex 371.333 126.177 57.3674
      vertex 371.333 126.567 59.8315
      vertex 371.333 126.567 57.1685
    endloop
  endfacet
  facet normal -1 0 0
    outer loop
      vertex 371.333 126.177 57.3674
      vertex 371.333 126.177 59.6326
      vertex 371.333 126.567 59.8315
    endloop
  endfacet
  facet normal -1 0 0
    outer loop
      vertex 371.333 125.867 57.6771
      vertex 371.333 126.177 59.6326
      vertex 371.333 126.177 57.3674
    endloop
  endfacet
  facet normal -1 0 0
    outer loop
      vertex 371.333 125.867 57.6771
      vertex 371.333 125.867 59.3229
      vertex 371.333 126.177 59.6326
    endloop
  endfacet
  facet normal -1 0 0
    outer loop
      vertex 371.333 125.669 58.0674
      vertex 371.333 125.867 59.3229
      vertex 371.333 125.867 57.6771
    endloop
  endfacet
  facet normal -1 0 0
    outer loop
      vertex 371.333 125.669 58.0674
      vertex 371.333 125.669 58.9326
      vertex 371.333 125.867 59.3229
    endloop
  endfacet
  facet normal -1 0 -0
    outer loop
      vertex 371.333 125.669 58.9326
      vertex 371.333 125.669 58.0674
      vertex 371.333 125.6 58.5
    endloop
  endfacet
  facet normal 0 -0.987517 -0.15751
    outer loop
      vertex 371.333 125.669 58.0674
      vertex 375.333 125.6 58.5
      vertex 371.333 125.6 58.5
    endloop
  endfacet
  facet normal 0 -0.987517 -0.15751
    outer loop
      vertex 375.333 125.6 58.5
      vertex 371.333 125.669 58.0674
      vertex 375.333 125.669 58.0674
    endloop
  endfacet
  facet normal 0 0.987517 -0.15751
    outer loop
      vertex 375.333 128.331 58.0674
      vertex 371.333 128.4 58.5
      vertex 375.333 128.4 58.5
    endloop
  endfacet
  facet normal 0 0.987517 -0.15751
    outer loop
      vertex 371.333 128.4 58.5
      vertex 375.333 128.331 58.0674
      vertex 371.333 128.331 58.0674
    endloop
  endfacet
  facet normal 0 -0.891807 0.452416
    outer loop
      vertex 371.333 125.669 58.9326
      vertex 375.333 125.867 59.3229
      vertex 371.333 125.867 59.3229
    endloop
  endfacet
  facet normal 0 -0.891807 0.452416
    outer loop
      vertex 375.333 125.867 59.3229
      vertex 371.333 125.669 58.9326
      vertex 375.333 125.669 58.9326
    endloop
  endfacet
  facet normal -0 0.454326 0.890835
    outer loop
      vertex 371.333 127.823 59.6326
      vertex 375.333 127.433 59.8315
      vertex 375.333 127.823 59.6326
    endloop
  endfacet
  facet normal 0 0.454326 0.890835
    outer loop
      vertex 375.333 127.433 59.8315
      vertex 371.333 127.823 59.6326
      vertex 371.333 127.433 59.8315
    endloop
  endfacet
  facet normal 0 0.454326 -0.890835
    outer loop
      vertex 371.333 127.433 57.1685
      vertex 375.333 127.823 57.3674
      vertex 375.333 127.433 57.1685
    endloop
  endfacet
  facet normal 0 0.454326 -0.890835
    outer loop
      vertex 375.333 127.823 57.3674
      vertex 371.333 127.433 57.1685
      vertex 371.333 127.823 57.3674
    endloop
  endfacet
  facet normal 0 0.156255 -0.987717
    outer loop
      vertex 371.333 127 57.1
      vertex 375.333 127.433 57.1685
      vertex 375.333 127 57.1
    endloop
  endfacet
  facet normal 0 0.156255 -0.987717
    outer loop
      vertex 375.333 127.433 57.1685
      vertex 371.333 127 57.1
      vertex 371.333 127.433 57.1685
    endloop
  endfacet
  facet normal 0 -0.706764 -0.707449
    outer loop
      vertex 34.6667 252.177 57.3674
      vertex 38.6667 251.867 57.6771
      vertex 34.6667 251.867 57.6771
    endloop
  endfacet
  facet normal 0 -0.706764 -0.707449
    outer loop
      vertex 38.6667 251.867 57.6771
      vertex 34.6667 252.177 57.3674
      vertex 38.6667 252.177 57.3674
    endloop
  endfacet
  facet normal 1 0 0
    outer loop
      vertex 38.6667 254.331 58.9326
      vertex 38.6667 254.331 58.0674
      vertex 38.6667 254.4 58.5
    endloop
  endfacet
  facet normal 1 0 0
    outer loop
      vertex 38.6667 254.133 59.3229
      vertex 38.6667 254.331 58.0674
      vertex 38.6667 254.331 58.9326
    endloop
  endfacet
  facet normal 1 0 0
    outer loop
      vertex 38.6667 254.133 59.3229
      vertex 38.6667 254.133 57.6771
      vertex 38.6667 254.331 58.0674
    endloop
  endfacet
  facet normal 1 0 0
    outer loop
      vertex 38.6667 253.823 59.6326
      vertex 38.6667 254.133 57.6771
      vertex 38.6667 254.133 59.3229
    endloop
  endfacet
  facet normal 1 0 0
    outer loop
      vertex 38.6667 253.823 59.6326
      vertex 38.6667 253.823 57.3674
      vertex 38.6667 254.133 57.6771
    endloop
  endfacet
  facet normal 1 0 0
    outer loop
      vertex 38.6667 253.433 59.8315
      vertex 38.6667 253.823 57.3674
      vertex 38.6667 253.823 59.6326
    endloop
  endfacet
  facet normal 1 0 0
    outer loop
      vertex 38.6667 253.433 59.8315
      vertex 38.6667 253.433 57.1685
      vertex 38.6667 253.823 57.3674
    endloop
  endfacet
  facet normal 1 0 0
    outer loop
      vertex 38.6667 253 59.9
      vertex 38.6667 253.433 57.1685
      vertex 38.6667 253.433 59.8315
    endloop
  endfacet
  facet normal 1 0 0
    outer loop
      vertex 38.6667 253 59.9
      vertex 38.6667 253 57.1
      vertex 38.6667 253.433 57.1685
    endloop
  endfacet
  facet normal 1 -0 0
    outer loop
      vertex 38.6667 252.567 59.8315
      vertex 38.6667 253 57.1
      vertex 38.6667 253 59.9
    endloop
  endfacet
  facet normal 1 0 0
    outer loop
      vertex 38.6667 252.567 59.8315
      vertex 38.6667 252.567 57.1685
      vertex 38.6667 253 57.1
    endloop
  endfacet
  facet normal 1 -0 0
    outer loop
      vertex 38.6667 252.177 59.6326
      vertex 38.6667 252.567 57.1685
      vertex 38.6667 252.567 59.8315
    endloop
  endfacet
  facet normal 1 0 0
    outer loop
      vertex 38.6667 252.177 59.6326
      vertex 38.6667 252.177 57.3674
      vertex 38.6667 252.567 57.1685
    endloop
  endfacet
  facet normal 1 -0 0
    outer loop
      vertex 38.6667 251.867 59.3229
      vertex 38.6667 252.177 57.3674
      vertex 38.6667 252.177 59.6326
    endloop
  endfacet
  facet normal 1 0 0
    outer loop
      vertex 38.6667 251.867 59.3229
      vertex 38.6667 251.867 57.6771
      vertex 38.6667 252.177 57.3674
    endloop
  endfacet
  facet normal 1 -0 0
    outer loop
      vertex 38.6667 251.669 58.9326
      vertex 38.6667 251.867 57.6771
      vertex 38.6667 251.867 59.3229
    endloop
  endfacet
  facet normal 1 0 0
    outer loop
      vertex 38.6667 251.669 58.9326
      vertex 38.6667 251.669 58.0674
      vertex 38.6667 251.867 57.6771
    endloop
  endfacet
  facet normal 1 0 -0
    outer loop
      vertex 38.6667 251.669 58.0674
      vertex 38.6667 251.669 58.9326
      vertex 38.6667 251.6 58.5
    endloop
  endfacet
  facet normal 0 -0.987517 0.15751
    outer loop
      vertex 34.6667 251.6 58.5
      vertex 38.6667 251.669 58.9326
      vertex 34.6667 251.669 58.9326
    endloop
  endfacet
  facet normal 0 -0.987517 0.15751
    outer loop
      vertex 38.6667 251.669 58.9326
      vertex 34.6667 251.6 58.5
      vertex 38.6667 251.6 58.5
    endloop
  endfacet
  facet normal 0 0.987517 -0.15751
    outer loop
      vertex 38.6667 254.331 58.0674
      vertex 34.6667 254.4 58.5
      vertex 38.6667 254.4 58.5
    endloop
  endfacet
  facet normal 0 0.987517 -0.15751
    outer loop
      vertex 34.6667 254.4 58.5
      vertex 38.6667 254.331 58.0674
      vertex 34.6667 254.331 58.0674
    endloop
  endfacet
  facet normal 0 -0.987517 -0.15751
    outer loop
      vertex 34.6667 251.669 58.0674
      vertex 38.6667 251.6 58.5
      vertex 34.6667 251.6 58.5
    endloop
  endfacet
  facet normal 0 -0.987517 -0.15751
    outer loop
      vertex 38.6667 251.6 58.5
      vertex 34.6667 251.669 58.0674
      vertex 38.6667 251.669 58.0674
    endloop
  endfacet
  facet normal -0 0.454326 0.890835
    outer loop
      vertex 34.6667 253.823 59.6326
      vertex 38.6667 253.433 59.8315
      vertex 38.6667 253.823 59.6326
    endloop
  endfacet
  facet normal 0 0.454326 0.890835
    outer loop
      vertex 38.6667 253.433 59.8315
      vertex 34.6667 253.823 59.6326
      vertex 34.6667 253.433 59.8315
    endloop
  endfacet
  facet normal 0 0.156255 -0.987717
    outer loop
      vertex 34.6667 253 57.1
      vertex 38.6667 253.433 57.1685
      vertex 38.6667 253 57.1
    endloop
  endfacet
  facet normal 0 0.156255 -0.987717
    outer loop
      vertex 38.6667 253.433 57.1685
      vertex 34.6667 253 57.1
      vertex 34.6667 253.433 57.1685
    endloop
  endfacet
  facet normal 0 -0.891807 0.452416
    outer loop
      vertex 34.6667 251.669 58.9326
      vertex 38.6667 251.867 59.3229
      vertex 34.6667 251.867 59.3229
    endloop
  endfacet
  facet normal 0 -0.891807 0.452416
    outer loop
      vertex 38.6667 251.867 59.3229
      vertex 34.6667 251.669 58.9326
      vertex 38.6667 251.669 58.9326
    endloop
  endfacet
  facet normal 0 -0.454326 -0.890835
    outer loop
      vertex 34.6667 252.177 57.3674
      vertex 38.6667 252.567 57.1685
      vertex 38.6667 252.177 57.3674
    endloop
  endfacet
  facet normal -0 -0.454326 -0.890835
    outer loop
      vertex 38.6667 252.567 57.1685
      vertex 34.6667 252.177 57.3674
      vertex 34.6667 252.567 57.1685
    endloop
  endfacet
  facet normal 0 0.706764 -0.707449
    outer loop
      vertex 38.6667 253.823 57.3674
      vertex 34.6667 254.133 57.6771
      vertex 38.6667 254.133 57.6771
    endloop
  endfacet
  facet normal 0 0.706764 -0.707449
    outer loop
      vertex 34.6667 254.133 57.6771
      vertex 38.6667 253.823 57.3674
      vertex 34.6667 253.823 57.3674
    endloop
  endfacet
  facet normal 0 -0.891807 -0.452416
    outer loop
      vertex 34.6667 251.867 57.6771
      vertex 38.6667 251.669 58.0674
      vertex 34.6667 251.669 58.0674
    endloop
  endfacet
  facet normal 0 -0.891807 -0.452416
    outer loop
      vertex 38.6667 251.669 58.0674
      vertex 34.6667 251.867 57.6771
      vertex 38.6667 251.867 57.6771
    endloop
  endfacet
  facet normal 0 -0.454326 0.890835
    outer loop
      vertex 34.6667 252.567 59.8315
      vertex 38.6667 252.177 59.6326
      vertex 38.6667 252.567 59.8315
    endloop
  endfacet
  facet normal 0 -0.454326 0.890835
    outer loop
      vertex 38.6667 252.177 59.6326
      vertex 34.6667 252.567 59.8315
      vertex 34.6667 252.177 59.6326
    endloop
  endfacet
  facet normal 0 -0.706764 0.707449
    outer loop
      vertex 34.6667 251.867 59.3229
      vertex 38.6667 252.177 59.6326
      vertex 34.6667 252.177 59.6326
    endloop
  endfacet
  facet normal 0 -0.706764 0.707449
    outer loop
      vertex 38.6667 252.177 59.6326
      vertex 34.6667 251.867 59.3229
      vertex 38.6667 251.867 59.3229
    endloop
  endfacet
  facet normal -0 0.156255 0.987717
    outer loop
      vertex 34.6667 253.433 59.8315
      vertex 38.6667 253 59.9
      vertex 38.6667 253.433 59.8315
    endloop
  endfacet
  facet normal 0 0.156255 0.987717
    outer loop
      vertex 38.6667 253 59.9
      vertex 34.6667 253.433 59.8315
      vertex 34.6667 253 59.9
    endloop
  endfacet
  facet normal 0 -0.156255 -0.987717
    outer loop
      vertex 34.6667 252.567 57.1685
      vertex 38.6667 253 57.1
      vertex 38.6667 252.567 57.1685
    endloop
  endfacet
  facet normal -0 -0.156255 -0.987717
    outer loop
      vertex 38.6667 253 57.1
      vertex 34.6667 252.567 57.1685
      vertex 34.6667 253 57.1
    endloop
  endfacet
  facet normal 0 0.454326 -0.890835
    outer loop
      vertex 34.6667 253.433 57.1685
      vertex 38.6667 253.823 57.3674
      vertex 38.6667 253.433 57.1685
    endloop
  endfacet
  facet normal 0 0.454326 -0.890835
    outer loop
      vertex 38.6667 253.823 57.3674
      vertex 34.6667 253.433 57.1685
      vertex 34.6667 253.823 57.3674
    endloop
  endfacet
  facet normal 0 0.891807 -0.452416
    outer loop
      vertex 38.6667 254.133 57.6771
      vertex 34.6667 254.331 58.0674
      vertex 38.6667 254.331 58.0674
    endloop
  endfacet
  facet normal 0 0.891807 -0.452416
    outer loop
      vertex 34.6667 254.331 58.0674
      vertex 38.6667 254.133 57.6771
      vertex 34.6667 254.133 57.6771
    endloop
  endfacet
  facet normal 0 -0.156255 0.987717
    outer loop
      vertex 34.6667 253 59.9
      vertex 38.6667 252.567 59.8315
      vertex 38.6667 253 59.9
    endloop
  endfacet
  facet normal 0 -0.156255 0.987717
    outer loop
      vertex 38.6667 252.567 59.8315
      vertex 34.6667 253 59.9
      vertex 34.6667 252.567 59.8315
    endloop
  endfacet
  facet normal 0 0.706764 0.707449
    outer loop
      vertex 38.6667 254.133 59.3229
      vertex 34.6667 253.823 59.6326
      vertex 38.6667 253.823 59.6326
    endloop
  endfacet
  facet normal 0 0.706764 0.707449
    outer loop
      vertex 34.6667 253.823 59.6326
      vertex 38.6667 254.133 59.3229
      vertex 34.6667 254.133 59.3229
    endloop
  endfacet
  facet normal 0 0.891807 0.452416
    outer loop
      vertex 38.6667 254.331 58.9326
      vertex 34.6667 254.133 59.3229
      vertex 38.6667 254.133 59.3229
    endloop
  endfacet
  facet normal 0 0.891807 0.452416
    outer loop
      vertex 34.6667 254.133 59.3229
      vertex 38.6667 254.331 58.9326
      vertex 34.6667 254.331 58.9326
    endloop
  endfacet
  facet normal -1 0 0
    outer loop
      vertex 34.6667 254.331 58.0674
      vertex 34.6667 254.331 58.9326
      vertex 34.6667 254.4 58.5
    endloop
  endfacet
  facet normal -1 0 0
    outer loop
      vertex 34.6667 254.133 57.6771
      vertex 34.6667 254.331 58.9326
      vertex 34.6667 254.331 58.0674
    endloop
  endfacet
  facet normal -1 0 0
    outer loop
      vertex 34.6667 254.133 57.6771
      vertex 34.6667 254.133 59.3229
      vertex 34.6667 254.331 58.9326
    endloop
  endfacet
  facet normal -1 0 0
    outer loop
      vertex 34.6667 253.823 57.3674
      vertex 34.6667 254.133 59.3229
      vertex 34.6667 254.133 57.6771
    endloop
  endfacet
  facet normal -1 0 0
    outer loop
      vertex 34.6667 253.823 57.3674
      vertex 34.6667 253.823 59.6326
      vertex 34.6667 254.133 59.3229
    endloop
  endfacet
  facet normal -1 0 0
    outer loop
      vertex 34.6667 253.433 57.1685
      vertex 34.6667 253.823 59.6326
      vertex 34.6667 253.823 57.3674
    endloop
  endfacet
  facet normal -1 0 0
    outer loop
      vertex 34.6667 253.433 57.1685
      vertex 34.6667 253.433 59.8315
      vertex 34.6667 253.823 59.6326
    endloop
  endfacet
  facet normal -1 0 0
    outer loop
      vertex 34.6667 253 57.1
      vertex 34.6667 253.433 59.8315
      vertex 34.6667 253.433 57.1685
    endloop
  endfacet
  facet normal -1 0 0
    outer loop
      vertex 34.6667 253 57.1
      vertex 34.6667 253 59.9
      vertex 34.6667 253.433 59.8315
    endloop
  endfacet
  facet normal -1 0 0
    outer loop
      vertex 34.6667 252.567 57.1685
      vertex 34.6667 253 59.9
      vertex 34.6667 253 57.1
    endloop
  endfacet
  facet normal -1 0 0
    outer loop
      vertex 34.6667 252.567 57.1685
      vertex 34.6667 252.567 59.8315
      vertex 34.6667 253 59.9
    endloop
  endfacet
  facet normal -1 0 0
    outer loop
      vertex 34.6667 252.177 57.3674
      vertex 34.6667 252.567 59.8315
      vertex 34.6667 252.567 57.1685
    endloop
  endfacet
  facet normal -1 0 0
    outer loop
      vertex 34.6667 252.177 57.3674
      vertex 34.6667 252.177 59.6326
      vertex 34.6667 252.567 59.8315
    endloop
  endfacet
  facet normal -1 0 0
    outer loop
      vertex 34.6667 251.867 57.6771
      vertex 34.6667 252.177 59.6326
      vertex 34.6667 252.177 57.3674
    endloop
  endfacet
  facet normal -1 0 0
    outer loop
      vertex 34.6667 251.867 57.6771
      vertex 34.6667 251.867 59.3229
      vertex 34.6667 252.177 59.6326
    endloop
  endfacet
  facet normal -1 0 0
    outer loop
      vertex 34.6667 251.669 58.0674
      vertex 34.6667 251.867 59.3229
      vertex 34.6667 251.867 57.6771
    endloop
  endfacet
  facet normal -1 0 0
    outer loop
      vertex 34.6667 251.669 58.0674
      vertex 34.6667 251.669 58.9326
      vertex 34.6667 251.867 59.3229
    endloop
  endfacet
  facet normal -1 0 -0
    outer loop
      vertex 34.6667 251.669 58.9326
      vertex 34.6667 251.669 58.0674
      vertex 34.6667 251.6 58.5
    endloop
  endfacet
  facet normal 0 0.987517 0.15751
    outer loop
      vertex 38.6667 254.4 58.5
      vertex 34.6667 254.331 58.9326
      vertex 38.6667 254.331 58.9326
    endloop
  endfacet
  facet normal 0 0.987517 0.15751
    outer loop
      vertex 34.6667 254.331 58.9326
      vertex 38.6667 254.4 58.5
      vertex 34.6667 254.4 58.5
    endloop
  endfacet
  facet normal 1 0 0
    outer loop
      vertex 106 254.331 58.9326
      vertex 106 254.331 58.0674
      vertex 106 254.4 58.5
    endloop
  endfacet
  facet normal 1 0 0
    outer loop
      vertex 106 254.133 59.3229
      vertex 106 254.331 58.0674
      vertex 106 254.331 58.9326
    endloop
  endfacet
  facet normal 1 0 0
    outer loop
      vertex 106 254.133 59.3229
      vertex 106 254.133 57.6771
      vertex 106 254.331 58.0674
    endloop
  endfacet
  facet normal 1 0 0
    outer loop
      vertex 106 253.823 59.6326
      vertex 106 254.133 57.6771
      vertex 106 254.133 59.3229
    endloop
  endfacet
  facet normal 1 0 0
    outer loop
      vertex 106 253.823 59.6326
      vertex 106 253.823 57.3674
      vertex 106 254.133 57.6771
    endloop
  endfacet
  facet normal 1 0 0
    outer loop
      vertex 106 253.433 59.8315
      vertex 106 253.823 57.3674
      vertex 106 253.823 59.6326
    endloop
  endfacet
  facet normal 1 0 0
    outer loop
      vertex 106 253.433 59.8315
      vertex 106 253.433 57.1685
      vertex 106 253.823 57.3674
    endloop
  endfacet
  facet normal 1 0 0
    outer loop
      vertex 106 253 59.9
      vertex 106 253.433 57.1685
      vertex 106 253.433 59.8315
    endloop
  endfacet
  facet normal 1 0 0
    outer loop
      vertex 106 253 59.9
      vertex 106 253 57.1
      vertex 106 253.433 57.1685
    endloop
  endfacet
  facet normal 1 -0 0
    outer loop
      vertex 106 252.567 59.8315
      vertex 106 253 57.1
      vertex 106 253 59.9
    endloop
  endfacet
  facet normal 1 0 0
    outer loop
      vertex 106 252.567 59.8315
      vertex 106 252.567 57.1685
      vertex 106 253 57.1
    endloop
  endfacet
  facet normal 1 -0 0
    outer loop
      vertex 106 252.177 59.6326
      vertex 106 252.567 57.1685
      vertex 106 252.567 59.8315
    endloop
  endfacet
  facet normal 1 0 0
    outer loop
      vertex 106 252.177 59.6326
      vertex 106 252.177 57.3674
      vertex 106 252.567 57.1685
    endloop
  endfacet
  facet normal 1 -0 0
    outer loop
      vertex 106 251.867 59.3229
      vertex 106 252.177 57.3674
      vertex 106 252.177 59.6326
    endloop
  endfacet
  facet normal 1 0 0
    outer loop
      vertex 106 251.867 59.3229
      vertex 106 251.867 57.6771
      vertex 106 252.177 57.3674
    endloop
  endfacet
  facet normal 1 -0 0
    outer loop
      vertex 106 251.669 58.9326
      vertex 106 251.867 57.6771
      vertex 106 251.867 59.3229
    endloop
  endfacet
  facet normal 1 0 0
    outer loop
      vertex 106 251.669 58.9326
      vertex 106 251.669 58.0674
      vertex 106 251.867 57.6771
    endloop
  endfacet
  facet normal 1 0 -0
    outer loop
      vertex 106 251.669 58.0674
      vertex 106 251.669 58.9326
      vertex 106 251.6 58.5
    endloop
  endfacet
  facet normal 0 -0.706764 -0.707449
    outer loop
      vertex 102 252.177 57.3674
      vertex 106 251.867 57.6771
      vertex 102 251.867 57.6771
    endloop
  endfacet
  facet normal 0 -0.706764 -0.707449
    outer loop
      vertex 106 251.867 57.6771
      vertex 102 252.177 57.3674
      vertex 106 252.177 57.3674
    endloop
  endfacet
  facet normal 0 -0.987517 0.15751
    outer loop
      vertex 102 251.6 58.5
      vertex 106 251.669 58.9326
      vertex 102 251.669 58.9326
    endloop
  endfacet
  facet normal 0 -0.987517 0.15751
    outer loop
      vertex 106 251.669 58.9326
      vertex 102 251.6 58.5
      vertex 106 251.6 58.5
    endloop
  endfacet
  facet normal 0 0.987517 -0.15751
    outer loop
      vertex 106 254.331 58.0674
      vertex 102 254.4 58.5
      vertex 106 254.4 58.5
    endloop
  endfacet
  facet normal 0 0.987517 -0.15751
    outer loop
      vertex 102 254.4 58.5
      vertex 106 254.331 58.0674
      vertex 102 254.331 58.0674
    endloop
  endfacet
  facet normal -1 0 0
    outer loop
      vertex 102 254.331 58.0674
      vertex 102 254.331 58.9326
      vertex 102 254.4 58.5
    endloop
  endfacet
  facet normal -1 0 0
    outer loop
      vertex 102 254.133 57.6771
      vertex 102 254.331 58.9326
      vertex 102 254.331 58.0674
    endloop
  endfacet
  facet normal -1 0 0
    outer loop
      vertex 102 254.133 57.6771
      vertex 102 254.133 59.3229
      vertex 102 254.331 58.9326
    endloop
  endfacet
  facet normal -1 0 0
    outer loop
      vertex 102 253.823 57.3674
      vertex 102 254.133 59.3229
      vertex 102 254.133 57.6771
    endloop
  endfacet
  facet normal -1 0 0
    outer loop
      vertex 102 253.823 57.3674
      vertex 102 253.823 59.6326
      vertex 102 254.133 59.3229
    endloop
  endfacet
  facet normal -1 0 0
    outer loop
      vertex 102 253.433 57.1685
      vertex 102 253.823 59.6326
      vertex 102 253.823 57.3674
    endloop
  endfacet
  facet normal -1 0 0
    outer loop
      vertex 102 253.433 57.1685
      vertex 102 253.433 59.8315
      vertex 102 253.823 59.6326
    endloop
  endfacet
  facet normal -1 0 0
    outer loop
      vertex 102 253 57.1
      vertex 102 253.433 59.8315
      vertex 102 253.433 57.1685
    endloop
  endfacet
  facet normal -1 0 0
    outer loop
      vertex 102 253 57.1
      vertex 102 253 59.9
      vertex 102 253.433 59.8315
    endloop
  endfacet
  facet normal -1 0 0
    outer loop
      vertex 102 252.567 57.1685
      vertex 102 253 59.9
      vertex 102 253 57.1
    endloop
  endfacet
  facet normal -1 0 0
    outer loop
      vertex 102 252.567 57.1685
      vertex 102 252.567 59.8315
      vertex 102 253 59.9
    endloop
  endfacet
  facet normal -1 0 0
    outer loop
      vertex 102 252.177 57.3674
      vertex 102 252.567 59.8315
      vertex 102 252.567 57.1685
    endloop
  endfacet
  facet normal -1 0 0
    outer loop
      vertex 102 252.177 57.3674
      vertex 102 252.177 59.6326
      vertex 102 252.567 59.8315
    endloop
  endfacet
  facet normal -1 0 0
    outer loop
      vertex 102 251.867 57.6771
      vertex 102 252.177 59.6326
      vertex 102 252.177 57.3674
    endloop
  endfacet
  facet normal -1 0 0
    outer loop
      vertex 102 251.867 57.6771
      vertex 102 251.867 59.3229
      vertex 102 252.177 59.6326
    endloop
  endfacet
  facet normal -1 0 0
    outer loop
      vertex 102 251.669 58.0674
      vertex 102 251.867 59.3229
      vertex 102 251.867 57.6771
    endloop
  endfacet
  facet normal -1 0 0
    outer loop
      vertex 102 251.669 58.0674
      vertex 102 251.669 58.9326
      vertex 102 251.867 59.3229
    endloop
  endfacet
  facet normal -1 0 -0
    outer loop
      vertex 102 251.669 58.9326
      vertex 102 251.669 58.0674
      vertex 102 251.6 58.5
    endloop
  endfacet
  facet normal 0 -0.987517 -0.15751
    outer loop
      vertex 102 251.669 58.0674
      vertex 106 251.6 58.5
      vertex 102 251.6 58.5
    endloop
  endfacet
  facet normal 0 -0.987517 -0.15751
    outer loop
      vertex 106 251.6 58.5
      vertex 102 251.669 58.0674
      vertex 106 251.669 58.0674
    endloop
  endfacet
  facet normal -0 0.454326 0.890835
    outer loop
      vertex 102 253.823 59.6326
      vertex 106 253.433 59.8315
      vertex 106 253.823 59.6326
    endloop
  endfacet
  facet normal 0 0.454326 0.890835
    outer loop
      vertex 106 253.433 59.8315
      vertex 102 253.823 59.6326
      vertex 102 253.433 59.8315
    endloop
  endfacet
  facet normal 0 0.156255 -0.987717
    outer loop
      vertex 102 253 57.1
      vertex 106 253.433 57.1685
      vertex 106 253 57.1
    endloop
  endfacet
  facet normal 0 0.156255 -0.987717
    outer loop
      vertex 106 253.433 57.1685
      vertex 102 253 57.1
      vertex 102 253.433 57.1685
    endloop
  endfacet
  facet normal 0 -0.891807 0.452416
    outer loop
      vertex 102 251.669 58.9326
      vertex 106 251.867 59.3229
      vertex 102 251.867 59.3229
    endloop
  endfacet
  facet normal 0 -0.891807 0.452416
    outer loop
      vertex 106 251.867 59.3229
      vertex 102 251.669 58.9326
      vertex 106 251.669 58.9326
    endloop
  endfacet
  facet normal 0 -0.454326 -0.890835
    outer loop
      vertex 102 252.177 57.3674
      vertex 106 252.567 57.1685
      vertex 106 252.177 57.3674
    endloop
  endfacet
  facet normal -0 -0.454326 -0.890835
    outer loop
      vertex 106 252.567 57.1685
      vertex 102 252.177 57.3674
      vertex 102 252.567 57.1685
    endloop
  endfacet
  facet normal 0 0.706764 -0.707449
    outer loop
      vertex 106 253.823 57.3674
      vertex 102 254.133 57.6771
      vertex 106 254.133 57.6771
    endloop
  endfacet
  facet normal 0 0.706764 -0.707449
    outer loop
      vertex 102 254.133 57.6771
      vertex 106 253.823 57.3674
      vertex 102 253.823 57.3674
    endloop
  endfacet
  facet normal 0 -0.891807 -0.452416
    outer loop
      vertex 102 251.867 57.6771
      vertex 106 251.669 58.0674
      vertex 102 251.669 58.0674
    endloop
  endfacet
  facet normal 0 -0.891807 -0.452416
    outer loop
      vertex 106 251.669 58.0674
      vertex 102 251.867 57.6771
      vertex 106 251.867 57.6771
    endloop
  endfacet
  facet normal 0 -0.454326 0.890835
    outer loop
      vertex 102 252.567 59.8315
      vertex 106 252.177 59.6326
      vertex 106 252.567 59.8315
    endloop
  endfacet
  facet normal 0 -0.454326 0.890835
    outer loop
      vertex 106 252.177 59.6326
      vertex 102 252.567 59.8315
      vertex 102 252.177 59.6326
    endloop
  endfacet
  facet normal 0 -0.706764 0.707449
    outer loop
      vertex 102 251.867 59.3229
      vertex 106 252.177 59.6326
      vertex 102 252.177 59.6326
    endloop
  endfacet
  facet normal 0 -0.706764 0.707449
    outer loop
      vertex 106 252.177 59.6326
      vertex 102 251.867 59.3229
      vertex 106 251.867 59.3229
    endloop
  endfacet
  facet normal -0 0.156255 0.987717
    outer loop
      vertex 102 253.433 59.8315
      vertex 106 253 59.9
      vertex 106 253.433 59.8315
    endloop
  endfacet
  facet normal 0 0.156255 0.987717
    outer loop
      vertex 106 253 59.9
      vertex 102 253.433 59.8315
      vertex 102 253 59.9
    endloop
  endfacet
  facet normal 0 -0.156255 -0.987717
    outer loop
      vertex 102 252.567 57.1685
      vertex 106 253 57.1
      vertex 106 252.567 57.1685
    endloop
  endfacet
  facet normal -0 -0.156255 -0.987717
    outer loop
      vertex 106 253 57.1
      vertex 102 252.567 57.1685
      vertex 102 253 57.1
    endloop
  endfacet
  facet normal 0 0.454326 -0.890835
    outer loop
      vertex 102 253.433 57.1685
      vertex 106 253.823 57.3674
      vertex 106 253.433 57.1685
    endloop
  endfacet
  facet normal 0 0.454326 -0.890835
    outer loop
      vertex 106 253.823 57.3674
      vertex 102 253.433 57.1685
      vertex 102 253.823 57.3674
    endloop
  endfacet
  facet normal 0 0.891807 -0.452416
    outer loop
      vertex 106 254.133 57.6771
      vertex 102 254.331 58.0674
      vertex 106 254.331 58.0674
    endloop
  endfacet
  facet normal 0 0.891807 -0.452416
    outer loop
      vertex 102 254.331 58.0674
      vertex 106 254.133 57.6771
      vertex 102 254.133 57.6771
    endloop
  endfacet
  facet normal 0 -0.156255 0.987717
    outer loop
      vertex 102 253 59.9
      vertex 106 252.567 59.8315
      vertex 106 253 59.9
    endloop
  endfacet
  facet normal 0 -0.156255 0.987717
    outer loop
      vertex 106 252.567 59.8315
      vertex 102 253 59.9
      vertex 102 252.567 59.8315
    endloop
  endfacet
  facet normal 0 0.706764 0.707449
    outer loop
      vertex 106 254.133 59.3229
      vertex 102 253.823 59.6326
      vertex 106 253.823 59.6326
    endloop
  endfacet
  facet normal 0 0.706764 0.707449
    outer loop
      vertex 102 253.823 59.6326
      vertex 106 254.133 59.3229
      vertex 102 254.133 59.3229
    endloop
  endfacet
  facet normal 0 0.891807 0.452416
    outer loop
      vertex 106 254.331 58.9326
      vertex 102 254.133 59.3229
      vertex 106 254.133 59.3229
    endloop
  endfacet
  facet normal 0 0.891807 0.452416
    outer loop
      vertex 102 254.133 59.3229
      vertex 106 254.331 58.9326
      vertex 102 254.331 58.9326
    endloop
  endfacet
  facet normal 0 0.987517 0.15751
    outer loop
      vertex 106 254.4 58.5
      vertex 102 254.331 58.9326
      vertex 106 254.331 58.9326
    endloop
  endfacet
  facet normal 0 0.987517 0.15751
    outer loop
      vertex 102 254.331 58.9326
      vertex 106 254.4 58.5
      vertex 102 254.4 58.5
    endloop
  endfacet
  facet normal 0 -0.454326 -0.890835
    outer loop
      vertex 169.333 252.177 57.3674
      vertex 173.333 252.567 57.1685
      vertex 173.333 252.177 57.3674
    endloop
  endfacet
  facet normal -0 -0.454326 -0.890835
    outer loop
      vertex 173.333 252.567 57.1685
      vertex 169.333 252.177 57.3674
      vertex 169.333 252.567 57.1685
    endloop
  endfacet
  facet normal -1 0 0
    outer loop
      vertex 169.333 254.331 58.0674
      vertex 169.333 254.331 58.9326
      vertex 169.333 254.4 58.5
    endloop
  endfacet
  facet normal -1 0 0
    outer loop
      vertex 169.333 254.133 57.6771
      vertex 169.333 254.331 58.9326
      vertex 169.333 254.331 58.0674
    endloop
  endfacet
  facet normal -1 0 0
    outer loop
      vertex 169.333 254.133 57.6771
      vertex 169.333 254.133 59.3229
      vertex 169.333 254.331 58.9326
    endloop
  endfacet
  facet normal -1 0 0
    outer loop
      vertex 169.333 253.823 57.3674
      vertex 169.333 254.133 59.3229
      vertex 169.333 254.133 57.6771
    endloop
  endfacet
  facet normal -1 0 0
    outer loop
      vertex 169.333 253.823 57.3674
      vertex 169.333 253.823 59.6326
      vertex 169.333 254.133 59.3229
    endloop
  endfacet
  facet normal -1 0 0
    outer loop
      vertex 169.333 253.433 57.1685
      vertex 169.333 253.823 59.6326
      vertex 169.333 253.823 57.3674
    endloop
  endfacet
  facet normal -1 0 0
    outer loop
      vertex 169.333 253.433 57.1685
      vertex 169.333 253.433 59.8315
      vertex 169.333 253.823 59.6326
    endloop
  endfacet
  facet normal -1 0 0
    outer loop
      vertex 169.333 253 57.1
      vertex 169.333 253.433 59.8315
      vertex 169.333 253.433 57.1685
    endloop
  endfacet
  facet normal -1 0 0
    outer loop
      vertex 169.333 253 57.1
      vertex 169.333 253 59.9
      vertex 169.333 253.433 59.8315
    endloop
  endfacet
  facet normal -1 0 0
    outer loop
      vertex 169.333 252.567 57.1685
      vertex 169.333 253 59.9
      vertex 169.333 253 57.1
    endloop
  endfacet
  facet normal -1 0 0
    outer loop
      vertex 169.333 252.567 57.1685
      vertex 169.333 252.567 59.8315
      vertex 169.333 253 59.9
    endloop
  endfacet
  facet normal -1 0 0
    outer loop
      vertex 169.333 252.177 57.3674
      vertex 169.333 252.567 59.8315
      vertex 169.333 252.567 57.1685
    endloop
  endfacet
  facet normal -1 0 0
    outer loop
      vertex 169.333 252.177 57.3674
      vertex 169.333 252.177 59.6326
      vertex 169.333 252.567 59.8315
    endloop
  endfacet
  facet normal -1 0 0
    outer loop
      vertex 169.333 251.867 57.6771
      vertex 169.333 252.177 59.6326
      vertex 169.333 252.177 57.3674
    endloop
  endfacet
  facet normal -1 0 0
    outer loop
      vertex 169.333 251.867 57.6771
      vertex 169.333 251.867 59.3229
      vertex 169.333 252.177 59.6326
    endloop
  endfacet
  facet normal -1 0 0
    outer loop
      vertex 169.333 251.669 58.0674
      vertex 169.333 251.867 59.3229
      vertex 169.333 251.867 57.6771
    endloop
  endfacet
  facet normal -1 0 0
    outer loop
      vertex 169.333 251.669 58.0674
      vertex 169.333 251.669 58.9326
      vertex 169.333 251.867 59.3229
    endloop
  endfacet
  facet normal -1 0 -0
    outer loop
      vertex 169.333 251.669 58.9326
      vertex 169.333 251.669 58.0674
      vertex 169.333 251.6 58.5
    endloop
  endfacet
  facet normal 0 0.706764 -0.707449
    outer loop
      vertex 173.333 253.823 57.3674
      vertex 169.333 254.133 57.6771
      vertex 173.333 254.133 57.6771
    endloop
  endfacet
  facet normal 0 0.706764 -0.707449
    outer loop
      vertex 169.333 254.133 57.6771
      vertex 173.333 253.823 57.3674
      vertex 169.333 253.823 57.3674
    endloop
  endfacet
  facet normal 0 -0.891807 -0.452416
    outer loop
      vertex 169.333 251.867 57.6771
      vertex 173.333 251.669 58.0674
      vertex 169.333 251.669 58.0674
    endloop
  endfacet
  facet normal 0 -0.891807 -0.452416
    outer loop
      vertex 173.333 251.669 58.0674
      vertex 169.333 251.867 57.6771
      vertex 173.333 251.867 57.6771
    endloop
  endfacet
  facet normal 0 -0.156255 0.987717
    outer loop
      vertex 169.333 253 59.9
      vertex 173.333 252.567 59.8315
      vertex 173.333 253 59.9
    endloop
  endfacet
  facet normal 0 -0.156255 0.987717
    outer loop
      vertex 173.333 252.567 59.8315
      vertex 169.333 253 59.9
      vertex 169.333 252.567 59.8315
    endloop
  endfacet
  facet normal 0 -0.706764 0.707449
    outer loop
      vertex 169.333 251.867 59.3229
      vertex 173.333 252.177 59.6326
      vertex 169.333 252.177 59.6326
    endloop
  endfacet
  facet normal 0 -0.706764 0.707449
    outer loop
      vertex 173.333 252.177 59.6326
      vertex 169.333 251.867 59.3229
      vertex 173.333 251.867 59.3229
    endloop
  endfacet
  facet normal 0 -0.987517 0.15751
    outer loop
      vertex 169.333 251.6 58.5
      vertex 173.333 251.669 58.9326
      vertex 169.333 251.669 58.9326
    endloop
  endfacet
  facet normal 0 -0.987517 0.15751
    outer loop
      vertex 173.333 251.669 58.9326
      vertex 169.333 251.6 58.5
      vertex 173.333 251.6 58.5
    endloop
  endfacet
  facet normal 0 0.987517 0.15751
    outer loop
      vertex 173.333 254.4 58.5
      vertex 169.333 254.331 58.9326
      vertex 173.333 254.331 58.9326
    endloop
  endfacet
  facet normal 0 0.987517 0.15751
    outer loop
      vertex 169.333 254.331 58.9326
      vertex 173.333 254.4 58.5
      vertex 169.333 254.4 58.5
    endloop
  endfacet
  facet normal 0 -0.156255 -0.987717
    outer loop
      vertex 169.333 252.567 57.1685
      vertex 173.333 253 57.1
      vertex 173.333 252.567 57.1685
    endloop
  endfacet
  facet normal -0 -0.156255 -0.987717
    outer loop
      vertex 173.333 253 57.1
      vertex 169.333 252.567 57.1685
      vertex 169.333 253 57.1
    endloop
  endfacet
  facet normal 0 0.454326 -0.890835
    outer loop
      vertex 169.333 253.433 57.1685
      vertex 173.333 253.823 57.3674
      vertex 173.333 253.433 57.1685
    endloop
  endfacet
  facet normal 0 0.454326 -0.890835
    outer loop
      vertex 173.333 253.823 57.3674
      vertex 169.333 253.433 57.1685
      vertex 169.333 253.823 57.3674
    endloop
  endfacet
  facet normal 0 -0.706764 -0.707449
    outer loop
      vertex 169.333 252.177 57.3674
      vertex 173.333 251.867 57.6771
      vertex 169.333 251.867 57.6771
    endloop
  endfacet
  facet normal 0 -0.706764 -0.707449
    outer loop
      vertex 173.333 251.867 57.6771
      vertex 169.333 252.177 57.3674
      vertex 173.333 252.177 57.3674
    endloop
  endfacet
  facet normal 0 0.706764 0.707449
    outer loop
      vertex 173.333 254.133 59.3229
      vertex 169.333 253.823 59.6326
      vertex 173.333 253.823 59.6326
    endloop
  endfacet
  facet normal 0 0.706764 0.707449
    outer loop
      vertex 169.333 253.823 59.6326
      vertex 173.333 254.133 59.3229
      vertex 169.333 254.133 59.3229
    endloop
  endfacet
  facet normal 0 -0.454326 0.890835
    outer loop
      vertex 169.333 252.567 59.8315
      vertex 173.333 252.177 59.6326
      vertex 173.333 252.567 59.8315
    endloop
  endfacet
  facet normal 0 -0.454326 0.890835
    outer loop
      vertex 173.333 252.177 59.6326
      vertex 169.333 252.567 59.8315
      vertex 169.333 252.177 59.6326
    endloop
  endfacet
  facet normal 0 0.891807 0.452416
    outer loop
      vertex 173.333 254.331 58.9326
      vertex 169.333 254.133 59.3229
      vertex 173.333 254.133 59.3229
    endloop
  endfacet
  facet normal 0 0.891807 0.452416
    outer loop
      vertex 169.333 254.133 59.3229
      vertex 173.333 254.331 58.9326
      vertex 169.333 254.331 58.9326
    endloop
  endfacet
  facet normal 0 0.891807 -0.452416
    outer loop
      vertex 173.333 254.133 57.6771
      vertex 169.333 254.331 58.0674
      vertex 173.333 254.331 58.0674
    endloop
  endfacet
  facet normal 0 0.891807 -0.452416
    outer loop
      vertex 169.333 254.331 58.0674
      vertex 173.333 254.133 57.6771
      vertex 169.333 254.133 57.6771
    endloop
  endfacet
  facet normal -0 0.156255 0.987717
    outer loop
      vertex 169.333 253.433 59.8315
      vertex 173.333 253 59.9
      vertex 173.333 253.433 59.8315
    endloop
  endfacet
  facet normal 0 0.156255 0.987717
    outer loop
      vertex 173.333 253 59.9
      vertex 169.333 253.433 59.8315
      vertex 169.333 253 59.9
    endloop
  endfacet
  facet normal 0 -0.987517 -0.15751
    outer loop
      vertex 169.333 251.669 58.0674
      vertex 173.333 251.6 58.5
      vertex 169.333 251.6 58.5
    endloop
  endfacet
  facet normal 0 -0.987517 -0.15751
    outer loop
      vertex 173.333 251.6 58.5
      vertex 169.333 251.669 58.0674
      vertex 173.333 251.669 58.0674
    endloop
  endfacet
  facet normal 0 0.987517 -0.15751
    outer loop
      vertex 173.333 254.331 58.0674
      vertex 169.333 254.4 58.5
      vertex 173.333 254.4 58.5
    endloop
  endfacet
  facet normal 0 0.987517 -0.15751
    outer loop
      vertex 169.333 254.4 58.5
      vertex 173.333 254.331 58.0674
      vertex 169.333 254.331 58.0674
    endloop
  endfacet
  facet normal 0 -0.891807 0.452416
    outer loop
      vertex 169.333 251.669 58.9326
      vertex 173.333 251.867 59.3229
      vertex 169.333 251.867 59.3229
    endloop
  endfacet
  facet normal 0 -0.891807 0.452416
    outer loop
      vertex 173.333 251.867 59.3229
      vertex 169.333 251.669 58.9326
      vertex 173.333 251.669 58.9326
    endloop
  endfacet
  facet normal -0 0.454326 0.890835
    outer loop
      vertex 169.333 253.823 59.6326
      vertex 173.333 253.433 59.8315
      vertex 173.333 253.823 59.6326
    endloop
  endfacet
  facet normal 0 0.454326 0.890835
    outer loop
      vertex 173.333 253.433 59.8315
      vertex 169.333 253.823 59.6326
      vertex 169.333 253.433 59.8315
    endloop
  endfacet
  facet normal 0 0.156255 -0.987717
    outer loop
      vertex 169.333 253 57.1
      vertex 173.333 253.433 57.1685
      vertex 173.333 253 57.1
    endloop
  endfacet
  facet normal 0 0.156255 -0.987717
    outer loop
      vertex 173.333 253.433 57.1685
      vertex 169.333 253 57.1
      vertex 169.333 253.433 57.1685
    endloop
  endfacet
  facet normal 1 0 0
    outer loop
      vertex 173.333 254.331 58.9326
      vertex 173.333 254.331 58.0674
      vertex 173.333 254.4 58.5
    endloop
  endfacet
  facet normal 1 0 0
    outer loop
      vertex 173.333 254.133 59.3229
      vertex 173.333 254.331 58.0674
      vertex 173.333 254.331 58.9326
    endloop
  endfacet
  facet normal 1 0 0
    outer loop
      vertex 173.333 254.133 59.3229
      vertex 173.333 254.133 57.6771
      vertex 173.333 254.331 58.0674
    endloop
  endfacet
  facet normal 1 0 0
    outer loop
      vertex 173.333 253.823 59.6326
      vertex 173.333 254.133 57.6771
      vertex 173.333 254.133 59.3229
    endloop
  endfacet
  facet normal 1 0 0
    outer loop
      vertex 173.333 253.823 59.6326
      vertex 173.333 253.823 57.3674
      vertex 173.333 254.133 57.6771
    endloop
  endfacet
  facet normal 1 0 0
    outer loop
      vertex 173.333 253.433 59.8315
      vertex 173.333 253.823 57.3674
      vertex 173.333 253.823 59.6326
    endloop
  endfacet
  facet normal 1 0 0
    outer loop
      vertex 173.333 253.433 59.8315
      vertex 173.333 253.433 57.1685
      vertex 173.333 253.823 57.3674
    endloop
  endfacet
  facet normal 1 0 0
    outer loop
      vertex 173.333 253 59.9
      vertex 173.333 253.433 57.1685
      vertex 173.333 253.433 59.8315
    endloop
  endfacet
  facet normal 1 0 0
    outer loop
      vertex 173.333 253 59.9
      vertex 173.333 253 57.1
      vertex 173.333 253.433 57.1685
    endloop
  endfacet
  facet normal 1 -0 0
    outer loop
      vertex 173.333 252.567 59.8315
      vertex 173.333 253 57.1
      vertex 173.333 253 59.9
    endloop
  endfacet
  facet normal 1 0 0
    outer loop
      vertex 173.333 252.567 59.8315
      vertex 173.333 252.567 57.1685
      vertex 173.333 253 57.1
    endloop
  endfacet
  facet normal 1 -0 0
    outer loop
      vertex 173.333 252.177 59.6326
      vertex 173.333 252.567 57.1685
      vertex 173.333 252.567 59.8315
    endloop
  endfacet
  facet normal 1 0 0
    outer loop
      vertex 173.333 252.177 59.6326
      vertex 173.333 252.177 57.3674
      vertex 173.333 252.567 57.1685
    endloop
  endfacet
  facet normal 1 -0 0
    outer loop
      vertex 173.333 251.867 59.3229
      vertex 173.333 252.177 57.3674
      vertex 173.333 252.177 59.6326
    endloop
  endfacet
  facet normal 1 0 0
    outer loop
      vertex 173.333 251.867 59.3229
      vertex 173.333 251.867 57.6771
      vertex 173.333 252.177 57.3674
    endloop
  endfacet
  facet normal 1 -0 0
    outer loop
      vertex 173.333 251.669 58.9326
      vertex 173.333 251.867 57.6771
      vertex 173.333 251.867 59.3229
    endloop
  endfacet
  facet normal 1 0 0
    outer loop
      vertex 173.333 251.669 58.9326
      vertex 173.333 251.669 58.0674
      vertex 173.333 251.867 57.6771
    endloop
  endfacet
  facet normal 1 0 -0
    outer loop
      vertex 173.333 251.669 58.0674
      vertex 173.333 251.669 58.9326
      vertex 173.333 251.6 58.5
    endloop
  endfacet
  facet normal 0 -0.454326 -0.890835
    outer loop
      vertex 236.667 252.177 57.3674
      vertex 240.667 252.567 57.1685
      vertex 240.667 252.177 57.3674
    endloop
  endfacet
  facet normal -0 -0.454326 -0.890835
    outer loop
      vertex 240.667 252.567 57.1685
      vertex 236.667 252.177 57.3674
      vertex 236.667 252.567 57.1685
    endloop
  endfacet
  facet normal 0 0.706764 -0.707449
    outer loop
      vertex 240.667 253.823 57.3674
      vertex 236.667 254.133 57.6771
      vertex 240.667 254.133 57.6771
    endloop
  endfacet
  facet normal 0 0.706764 -0.707449
    outer loop
      vertex 236.667 254.133 57.6771
      vertex 240.667 253.823 57.3674
      vertex 236.667 253.823 57.3674
    endloop
  endfacet
  facet normal 0 -0.891807 -0.452416
    outer loop
      vertex 236.667 251.867 57.6771
      vertex 240.667 251.669 58.0674
      vertex 236.667 251.669 58.0674
    endloop
  endfacet
  facet normal 0 -0.891807 -0.452416
    outer loop
      vertex 240.667 251.669 58.0674
      vertex 236.667 251.867 57.6771
      vertex 240.667 251.867 57.6771
    endloop
  endfacet
  facet normal 0 -0.156255 0.987717
    outer loop
      vertex 236.667 253 59.9
      vertex 240.667 252.567 59.8315
      vertex 240.667 253 59.9
    endloop
  endfacet
  facet normal 0 -0.156255 0.987717
    outer loop
      vertex 240.667 252.567 59.8315
      vertex 236.667 253 59.9
      vertex 236.667 252.567 59.8315
    endloop
  endfacet
  facet normal 0 -0.706764 0.707449
    outer loop
      vertex 236.667 251.867 59.3229
      vertex 240.667 252.177 59.6326
      vertex 236.667 252.177 59.6326
    endloop
  endfacet
  facet normal 0 -0.706764 0.707449
    outer loop
      vertex 240.667 252.177 59.6326
      vertex 236.667 251.867 59.3229
      vertex 240.667 251.867 59.3229
    endloop
  endfacet
  facet normal 0 -0.987517 0.15751
    outer loop
      vertex 236.667 251.6 58.5
      vertex 240.667 251.669 58.9326
      vertex 236.667 251.669 58.9326
    endloop
  endfacet
  facet normal 0 -0.987517 0.15751
    outer loop
      vertex 240.667 251.669 58.9326
      vertex 236.667 251.6 58.5
      vertex 240.667 251.6 58.5
    endloop
  endfacet
  facet normal 0 0.987517 0.15751
    outer loop
      vertex 240.667 254.4 58.5
      vertex 236.667 254.331 58.9326
      vertex 240.667 254.331 58.9326
    endloop
  endfacet
  facet normal 0 0.987517 0.15751
    outer loop
      vertex 236.667 254.331 58.9326
      vertex 240.667 254.4 58.5
      vertex 236.667 254.4 58.5
    endloop
  endfacet
  facet normal 0 -0.156255 -0.987717
    outer loop
      vertex 236.667 252.567 57.1685
      vertex 240.667 253 57.1
      vertex 240.667 252.567 57.1685
    endloop
  endfacet
  facet normal -0 -0.156255 -0.987717
    outer loop
      vertex 240.667 253 57.1
      vertex 236.667 252.567 57.1685
      vertex 236.667 253 57.1
    endloop
  endfacet
  facet normal 0 -0.706764 -0.707449
    outer loop
      vertex 236.667 252.177 57.3674
      vertex 240.667 251.867 57.6771
      vertex 236.667 251.867 57.6771
    endloop
  endfacet
  facet normal 0 -0.706764 -0.707449
    outer loop
      vertex 240.667 251.867 57.6771
      vertex 236.667 252.177 57.3674
      vertex 240.667 252.177 57.3674
    endloop
  endfacet
  facet normal 0 0.706764 0.707449
    outer loop
      vertex 240.667 254.133 59.3229
      vertex 236.667 253.823 59.6326
      vertex 240.667 253.823 59.6326
    endloop
  endfacet
  facet normal 0 0.706764 0.707449
    outer loop
      vertex 236.667 253.823 59.6326
      vertex 240.667 254.133 59.3229
      vertex 236.667 254.133 59.3229
    endloop
  endfacet
  facet normal 0 -0.454326 0.890835
    outer loop
      vertex 236.667 252.567 59.8315
      vertex 240.667 252.177 59.6326
      vertex 240.667 252.567 59.8315
    endloop
  endfacet
  facet normal 0 -0.454326 0.890835
    outer loop
      vertex 240.667 252.177 59.6326
      vertex 236.667 252.567 59.8315
      vertex 236.667 252.177 59.6326
    endloop
  endfacet
  facet normal 0 0.891807 0.452416
    outer loop
      vertex 240.667 254.331 58.9326
      vertex 236.667 254.133 59.3229
      vertex 240.667 254.133 59.3229
    endloop
  endfacet
  facet normal 0 0.891807 0.452416
    outer loop
      vertex 236.667 254.133 59.3229
      vertex 240.667 254.331 58.9326
      vertex 236.667 254.331 58.9326
    endloop
  endfacet
  facet normal 0 0.891807 -0.452416
    outer loop
      vertex 240.667 254.133 57.6771
      vertex 236.667 254.331 58.0674
      vertex 240.667 254.331 58.0674
    endloop
  endfacet
  facet normal 0 0.891807 -0.452416
    outer loop
      vertex 236.667 254.331 58.0674
      vertex 240.667 254.133 57.6771
      vertex 236.667 254.133 57.6771
    endloop
  endfacet
  facet normal -0 0.156255 0.987717
    outer loop
      vertex 236.667 253.433 59.8315
      vertex 240.667 253 59.9
      vertex 240.667 253.433 59.8315
    endloop
  endfacet
  facet normal 0 0.156255 0.987717
    outer loop
      vertex 240.667 253 59.9
      vertex 236.667 253.433 59.8315
      vertex 236.667 253 59.9
    endloop
  endfacet
  facet normal 0 -0.987517 -0.15751
    outer loop
      vertex 236.667 251.669 58.0674
      vertex 240.667 251.6 58.5
      vertex 236.667 251.6 58.5
    endloop
  endfacet
  facet normal 0 -0.987517 -0.15751
    outer loop
      vertex 240.667 251.6 58.5
      vertex 236.667 251.669 58.0674
      vertex 240.667 251.669 58.0674
    endloop
  endfacet
  facet normal 0 0.987517 -0.15751
    outer loop
      vertex 240.667 254.331 58.0674
      vertex 236.667 254.4 58.5
      vertex 240.667 254.4 58.5
    endloop
  endfacet
  facet normal 0 0.987517 -0.15751
    outer loop
      vertex 236.667 254.4 58.5
      vertex 240.667 254.331 58.0674
      vertex 236.667 254.331 58.0674
    endloop
  endfacet
  facet normal 0 -0.891807 0.452416
    outer loop
      vertex 236.667 251.669 58.9326
      vertex 240.667 251.867 59.3229
      vertex 236.667 251.867 59.3229
    endloop
  endfacet
  facet normal 0 -0.891807 0.452416
    outer loop
      vertex 240.667 251.867 59.3229
      vertex 236.667 251.669 58.9326
      vertex 240.667 251.669 58.9326
    endloop
  endfacet
  facet normal -0 0.454326 0.890835
    outer loop
      vertex 236.667 253.823 59.6326
      vertex 240.667 253.433 59.8315
      vertex 240.667 253.823 59.6326
    endloop
  endfacet
  facet normal 0 0.454326 0.890835
    outer loop
      vertex 240.667 253.433 59.8315
      vertex 236.667 253.823 59.6326
      vertex 236.667 253.433 59.8315
    endloop
  endfacet
  facet normal 0 0.454326 -0.890835
    outer loop
      vertex 236.667 253.433 57.1685
      vertex 240.667 253.823 57.3674
      vertex 240.667 253.433 57.1685
    endloop
  endfacet
  facet normal 0 0.454326 -0.890835
    outer loop
      vertex 240.667 253.823 57.3674
      vertex 236.667 253.433 57.1685
      vertex 236.667 253.823 57.3674
    endloop
  endfacet
  facet normal 1 0 0
    outer loop
      vertex 240.667 254.331 58.9326
      vertex 240.667 254.331 58.0674
      vertex 240.667 254.4 58.5
    endloop
  endfacet
  facet normal 1 0 0
    outer loop
      vertex 240.667 254.133 59.3229
      vertex 240.667 254.331 58.0674
      vertex 240.667 254.331 58.9326
    endloop
  endfacet
  facet normal 1 0 0
    outer loop
      vertex 240.667 254.133 59.3229
      vertex 240.667 254.133 57.6771
      vertex 240.667 254.331 58.0674
    endloop
  endfacet
  facet normal 1 0 0
    outer loop
      vertex 240.667 253.823 59.6326
      vertex 240.667 254.133 57.6771
      vertex 240.667 254.133 59.3229
    endloop
  endfacet
  facet normal 1 0 0
    outer loop
      vertex 240.667 253.823 59.6326
      vertex 240.667 253.823 57.3674
      vertex 240.667 254.133 57.6771
    endloop
  endfacet
  facet normal 1 0 0
    outer loop
      vertex 240.667 253.433 59.8315
      vertex 240.667 253.823 57.3674
      vertex 240.667 253.823 59.6326
    endloop
  endfacet
  facet normal 1 0 0
    outer loop
      vertex 240.667 253.433 59.8315
      vertex 240.667 253.433 57.1685
      vertex 240.667 253.823 57.3674
    endloop
  endfacet
  facet normal 1 0 0
    outer loop
      vertex 240.667 253 59.9
      vertex 240.667 253.433 57.1685
      vertex 240.667 253.433 59.8315
    endloop
  endfacet
  facet normal 1 0 0
    outer loop
      vertex 240.667 253 59.9
      vertex 240.667 253 57.1
      vertex 240.667 253.433 57.1685
    endloop
  endfacet
  facet normal 1 -0 0
    outer loop
      vertex 240.667 252.567 59.8315
      vertex 240.667 253 57.1
      vertex 240.667 253 59.9
    endloop
  endfacet
  facet normal 1 0 0
    outer loop
      vertex 240.667 252.567 59.8315
      vertex 240.667 252.567 57.1685
      vertex 240.667 253 57.1
    endloop
  endfacet
  facet normal 1 -0 0
    outer loop
      vertex 240.667 252.177 59.6326
      vertex 240.667 252.567 57.1685
      vertex 240.667 252.567 59.8315
    endloop
  endfacet
  facet normal 1 0 0
    outer loop
      vertex 240.667 252.177 59.6326
      vertex 240.667 252.177 57.3674
      vertex 240.667 252.567 57.1685
    endloop
  endfacet
  facet normal 1 -0 0
    outer loop
      vertex 240.667 251.867 59.3229
      vertex 240.667 252.177 57.3674
      vertex 240.667 252.177 59.6326
    endloop
  endfacet
  facet normal 1 0 0
    outer loop
      vertex 240.667 251.867 59.3229
      vertex 240.667 251.867 57.6771
      vertex 240.667 252.177 57.3674
    endloop
  endfacet
  facet normal 1 -0 0
    outer loop
      vertex 240.667 251.669 58.9326
      vertex 240.667 251.867 57.6771
      vertex 240.667 251.867 59.3229
    endloop
  endfacet
  facet normal 1 0 0
    outer loop
      vertex 240.667 251.669 58.9326
      vertex 240.667 251.669 58.0674
      vertex 240.667 251.867 57.6771
    endloop
  endfacet
  facet normal 1 0 -0
    outer loop
      vertex 240.667 251.669 58.0674
      vertex 240.667 251.669 58.9326
      vertex 240.667 251.6 58.5
    endloop
  endfacet
  facet normal -1 0 0
    outer loop
      vertex 236.667 254.331 58.0674
      vertex 236.667 254.331 58.9326
      vertex 236.667 254.4 58.5
    endloop
  endfacet
  facet normal -1 0 0
    outer loop
      vertex 236.667 254.133 57.6771
      vertex 236.667 254.331 58.9326
      vertex 236.667 254.331 58.0674
    endloop
  endfacet
  facet normal -1 0 0
    outer loop
      vertex 236.667 254.133 57.6771
      vertex 236.667 254.133 59.3229
      vertex 236.667 254.331 58.9326
    endloop
  endfacet
  facet normal -1 0 0
    outer loop
      vertex 236.667 253.823 57.3674
      vertex 236.667 254.133 59.3229
      vertex 236.667 254.133 57.6771
    endloop
  endfacet
  facet normal -1 0 0
    outer loop
      vertex 236.667 253.823 57.3674
      vertex 236.667 253.823 59.6326
      vertex 236.667 254.133 59.3229
    endloop
  endfacet
  facet normal -1 0 0
    outer loop
      vertex 236.667 253.433 57.1685
      vertex 236.667 253.823 59.6326
      vertex 236.667 253.823 57.3674
    endloop
  endfacet
  facet normal -1 0 0
    outer loop
      vertex 236.667 253.433 57.1685
      vertex 236.667 253.433 59.8315
      vertex 236.667 253.823 59.6326
    endloop
  endfacet
  facet normal -1 0 0
    outer loop
      vertex 236.667 253 57.1
      vertex 236.667 253.433 59.8315
      vertex 236.667 253.433 57.1685
    endloop
  endfacet
  facet normal -1 0 0
    outer loop
      vertex 236.667 253 57.1
      vertex 236.667 253 59.9
      vertex 236.667 253.433 59.8315
    endloop
  endfacet
  facet normal -1 0 0
    outer loop
      vertex 236.667 252.567 57.1685
      vertex 236.667 253 59.9
      vertex 236.667 253 57.1
    endloop
  endfacet
  facet normal -1 0 0
    outer loop
      vertex 236.667 252.567 57.1685
      vertex 236.667 252.567 59.8315
      vertex 236.667 253 59.9
    endloop
  endfacet
  facet normal -1 0 0
    outer loop
      vertex 236.667 252.177 57.3674
      vertex 236.667 252.567 59.8315
      vertex 236.667 252.567 57.1685
    endloop
  endfacet
  facet normal -1 0 0
    outer loop
      vertex 236.667 252.177 57.3674
      vertex 236.667 252.177 59.6326
      vertex 236.667 252.567 59.8315
    endloop
  endfacet
  facet normal -1 0 0
    outer loop
      vertex 236.667 251.867 57.6771
      vertex 236.667 252.177 59.6326
      vertex 236.667 252.177 57.3674
    endloop
  endfacet
  facet normal -1 0 0
    outer loop
      vertex 236.667 251.867 57.6771
      vertex 236.667 251.867 59.3229
      vertex 236.667 252.177 59.6326
    endloop
  endfacet
  facet normal -1 0 0
    outer loop
      vertex 236.667 251.669 58.0674
      vertex 236.667 251.867 59.3229
      vertex 236.667 251.867 57.6771
    endloop
  endfacet
  facet normal -1 0 0
    outer loop
      vertex 236.667 251.669 58.0674
      vertex 236.667 251.669 58.9326
      vertex 236.667 251.867 59.3229
    endloop
  endfacet
  facet normal -1 0 -0
    outer loop
      vertex 236.667 251.669 58.9326
      vertex 236.667 251.669 58.0674
      vertex 236.667 251.6 58.5
    endloop
  endfacet
  facet normal 0 0.156255 -0.987717
    outer loop
      vertex 236.667 253 57.1
      vertex 240.667 253.433 57.1685
      vertex 240.667 253 57.1
    endloop
  endfacet
  facet normal 0 0.156255 -0.987717
    outer loop
      vertex 240.667 253.433 57.1685
      vertex 236.667 253 57.1
      vertex 236.667 253.433 57.1685
    endloop
  endfacet
  facet normal 0 -0.706764 -0.707449
    outer loop
      vertex 304 252.177 57.3674
      vertex 308 251.867 57.6771
      vertex 304 251.867 57.6771
    endloop
  endfacet
  facet normal 0 -0.706764 -0.707449
    outer loop
      vertex 308 251.867 57.6771
      vertex 304 252.177 57.3674
      vertex 308 252.177 57.3674
    endloop
  endfacet
  facet normal 0 -0.987517 0.15751
    outer loop
      vertex 304 251.6 58.5
      vertex 308 251.669 58.9326
      vertex 304 251.669 58.9326
    endloop
  endfacet
  facet normal 0 -0.987517 0.15751
    outer loop
      vertex 308 251.669 58.9326
      vertex 304 251.6 58.5
      vertex 308 251.6 58.5
    endloop
  endfacet
  facet normal 0 0.987517 -0.15751
    outer loop
      vertex 308 254.331 58.0674
      vertex 304 254.4 58.5
      vertex 308 254.4 58.5
    endloop
  endfacet
  facet normal 0 0.987517 -0.15751
    outer loop
      vertex 304 254.4 58.5
      vertex 308 254.331 58.0674
      vertex 304 254.331 58.0674
    endloop
  endfacet
  facet normal -1 0 0
    outer loop
      vertex 304 254.331 58.0674
      vertex 304 254.331 58.9326
      vertex 304 254.4 58.5
    endloop
  endfacet
  facet normal -1 0 0
    outer loop
      vertex 304 254.133 57.6771
      vertex 304 254.331 58.9326
      vertex 304 254.331 58.0674
    endloop
  endfacet
  facet normal -1 0 0
    outer loop
      vertex 304 254.133 57.6771
      vertex 304 254.133 59.3229
      vertex 304 254.331 58.9326
    endloop
  endfacet
  facet normal -1 0 0
    outer loop
      vertex 304 253.823 57.3674
      vertex 304 254.133 59.3229
      vertex 304 254.133 57.6771
    endloop
  endfacet
  facet normal -1 0 0
    outer loop
      vertex 304 253.823 57.3674
      vertex 304 253.823 59.6326
      vertex 304 254.133 59.3229
    endloop
  endfacet
  facet normal -1 0 0
    outer loop
      vertex 304 253.433 57.1685
      vertex 304 253.823 59.6326
      vertex 304 253.823 57.3674
    endloop
  endfacet
  facet normal -1 0 0
    outer loop
      vertex 304 253.433 57.1685
      vertex 304 253.433 59.8315
      vertex 304 253.823 59.6326
    endloop
  endfacet
  facet normal -1 0 0
    outer loop
      vertex 304 253 57.1
      vertex 304 253.433 59.8315
      vertex 304 253.433 57.1685
    endloop
  endfacet
  facet normal -1 0 0
    outer loop
      vertex 304 253 57.1
      vertex 304 253 59.9
      vertex 304 253.433 59.8315
    endloop
  endfacet
  facet normal -1 0 0
    outer loop
      vertex 304 252.567 57.1685
      vertex 304 253 59.9
      vertex 304 253 57.1
    endloop
  endfacet
  facet normal -1 0 0
    outer loop
      vertex 304 252.567 57.1685
      vertex 304 252.567 59.8315
      vertex 304 253 59.9
    endloop
  endfacet
  facet normal -1 0 0
    outer loop
      vertex 304 252.177 57.3674
      vertex 304 252.567 59.8315
      vertex 304 252.567 57.1685
    endloop
  endfacet
  facet normal -1 0 0
    outer loop
      vertex 304 252.177 57.3674
      vertex 304 252.177 59.6326
      vertex 304 252.567 59.8315
    endloop
  endfacet
  facet normal -1 0 0
    outer loop
      vertex 304 251.867 57.6771
      vertex 304 252.177 59.6326
      vertex 304 252.177 57.3674
    endloop
  endfacet
  facet normal -1 0 0
    outer loop
      vertex 304 251.867 57.6771
      vertex 304 251.867 59.3229
      vertex 304 252.177 59.6326
    endloop
  endfacet
  facet normal -1 0 0
    outer loop
      vertex 304 251.669 58.0674
      vertex 304 251.867 59.3229
      vertex 304 251.867 57.6771
    endloop
  endfacet
  facet normal -1 0 0
    outer loop
      vertex 304 251.669 58.0674
      vertex 304 251.669 58.9326
      vertex 304 251.867 59.3229
    endloop
  endfacet
  facet normal -1 0 -0
    outer loop
      vertex 304 251.669 58.9326
      vertex 304 251.669 58.0674
      vertex 304 251.6 58.5
    endloop
  endfacet
  facet normal 0 -0.987517 -0.15751
    outer loop
      vertex 304 251.669 58.0674
      vertex 308 251.6 58.5
      vertex 304 251.6 58.5
    endloop
  endfacet
  facet normal 0 -0.987517 -0.15751
    outer loop
      vertex 308 251.6 58.5
      vertex 304 251.669 58.0674
      vertex 308 251.669 58.0674
    endloop
  endfacet
  facet normal -0 0.454326 0.890835
    outer loop
      vertex 304 253.823 59.6326
      vertex 308 253.433 59.8315
      vertex 308 253.823 59.6326
    endloop
  endfacet
  facet normal 0 0.454326 0.890835
    outer loop
      vertex 308 253.433 59.8315
      vertex 304 253.823 59.6326
      vertex 304 253.433 59.8315
    endloop
  endfacet
  facet normal 0 -0.891807 0.452416
    outer loop
      vertex 304 251.669 58.9326
      vertex 308 251.867 59.3229
      vertex 304 251.867 59.3229
    endloop
  endfacet
  facet normal 0 -0.891807 0.452416
    outer loop
      vertex 308 251.867 59.3229
      vertex 304 251.669 58.9326
      vertex 308 251.669 58.9326
    endloop
  endfacet
  facet normal 0 -0.454326 -0.890835
    outer loop
      vertex 304 252.177 57.3674
      vertex 308 252.567 57.1685
      vertex 308 252.177 57.3674
    endloop
  endfacet
  facet normal -0 -0.454326 -0.890835
    outer loop
      vertex 308 252.567 57.1685
      vertex 304 252.177 57.3674
      vertex 304 252.567 57.1685
    endloop
  endfacet
  facet normal 1 0 0
    outer loop
      vertex 308 254.331 58.9326
      vertex 308 254.331 58.0674
      vertex 308 254.4 58.5
    endloop
  endfacet
  facet normal 1 0 0
    outer loop
      vertex 308 254.133 59.3229
      vertex 308 254.331 58.0674
      vertex 308 254.331 58.9326
    endloop
  endfacet
  facet normal 1 0 0
    outer loop
      vertex 308 254.133 59.3229
      vertex 308 254.133 57.6771
      vertex 308 254.331 58.0674
    endloop
  endfacet
  facet normal 1 0 0
    outer loop
      vertex 308 253.823 59.6326
      vertex 308 254.133 57.6771
      vertex 308 254.133 59.3229
    endloop
  endfacet
  facet normal 1 0 0
    outer loop
      vertex 308 253.823 59.6326
      vertex 308 253.823 57.3674
      vertex 308 254.133 57.6771
    endloop
  endfacet
  facet normal 1 0 0
    outer loop
      vertex 308 253.433 59.8315
      vertex 308 253.823 57.3674
      vertex 308 253.823 59.6326
    endloop
  endfacet
  facet normal 1 0 0
    outer loop
      vertex 308 253.433 59.8315
      vertex 308 253.433 57.1685
      vertex 308 253.823 57.3674
    endloop
  endfacet
  facet normal 1 0 0
    outer loop
      vertex 308 253 59.9
      vertex 308 253.433 57.1685
      vertex 308 253.433 59.8315
    endloop
  endfacet
  facet normal 1 0 0
    outer loop
      vertex 308 253 59.9
      vertex 308 253 57.1
      vertex 308 253.433 57.1685
    endloop
  endfacet
  facet normal 1 -0 0
    outer loop
      vertex 308 252.567 59.8315
      vertex 308 253 57.1
      vertex 308 253 59.9
    endloop
  endfacet
  facet normal 1 0 0
    outer loop
      vertex 308 252.567 59.8315
      vertex 308 252.567 57.1685
      vertex 308 253 57.1
    endloop
  endfacet
  facet normal 1 -0 0
    outer loop
      vertex 308 252.177 59.6326
      vertex 308 252.567 57.1685
      vertex 308 252.567 59.8315
    endloop
  endfacet
  facet normal 1 0 0
    outer loop
      vertex 308 252.177 59.6326
      vertex 308 252.177 57.3674
      vertex 308 252.567 57.1685
    endloop
  endfacet
  facet normal 1 -0 0
    outer loop
      vertex 308 251.867 59.3229
      vertex 308 252.177 57.3674
      vertex 308 252.177 59.6326
    endloop
  endfacet
  facet normal 1 0 0
    outer loop
      vertex 308 251.867 59.3229
      vertex 308 251.867 57.6771
      vertex 308 252.177 57.3674
    endloop
  endfacet
  facet normal 1 -0 0
    outer loop
      vertex 308 251.669 58.9326
      vertex 308 251.867 57.6771
      vertex 308 251.867 59.3229
    endloop
  endfacet
  facet normal 1 0 0
    outer loop
      vertex 308 251.669 58.9326
      vertex 308 251.669 58.0674
      vertex 308 251.867 57.6771
    endloop
  endfacet
  facet normal 1 0 -0
    outer loop
      vertex 308 251.669 58.0674
      vertex 308 251.669 58.9326
      vertex 308 251.6 58.5
    endloop
  endfacet
  facet normal 0 0.706764 -0.707449
    outer loop
      vertex 308 253.823 57.3674
      vertex 304 254.133 57.6771
      vertex 308 254.133 57.6771
    endloop
  endfacet
  facet normal 0 0.706764 -0.707449
    outer loop
      vertex 304 254.133 57.6771
      vertex 308 253.823 57.3674
      vertex 304 253.823 57.3674
    endloop
  endfacet
  facet normal 0 -0.891807 -0.452416
    outer loop
      vertex 304 251.867 57.6771
      vertex 308 251.669 58.0674
      vertex 304 251.669 58.0674
    endloop
  endfacet
  facet normal 0 -0.891807 -0.452416
    outer loop
      vertex 308 251.669 58.0674
      vertex 304 251.867 57.6771
      vertex 308 251.867 57.6771
    endloop
  endfacet
  facet normal 0 -0.454326 0.890835
    outer loop
      vertex 304 252.567 59.8315
      vertex 308 252.177 59.6326
      vertex 308 252.567 59.8315
    endloop
  endfacet
  facet normal 0 -0.454326 0.890835
    outer loop
      vertex 308 252.177 59.6326
      vertex 304 252.567 59.8315
      vertex 304 252.177 59.6326
    endloop
  endfacet
  facet normal 0 -0.706764 0.707449
    outer loop
      vertex 304 251.867 59.3229
      vertex 308 252.177 59.6326
      vertex 304 252.177 59.6326
    endloop
  endfacet
  facet normal 0 -0.706764 0.707449
    outer loop
      vertex 308 252.177 59.6326
      vertex 304 251.867 59.3229
      vertex 308 251.867 59.3229
    endloop
  endfacet
  facet normal -0 0.156255 0.987717
    outer loop
      vertex 304 253.433 59.8315
      vertex 308 253 59.9
      vertex 308 253.433 59.8315
    endloop
  endfacet
  facet normal 0 0.156255 0.987717
    outer loop
      vertex 308 253 59.9
      vertex 304 253.433 59.8315
      vertex 304 253 59.9
    endloop
  endfacet
  facet normal 0 -0.156255 -0.987717
    outer loop
      vertex 304 252.567 57.1685
      vertex 308 253 57.1
      vertex 308 252.567 57.1685
    endloop
  endfacet
  facet normal -0 -0.156255 -0.987717
    outer loop
      vertex 308 253 57.1
      vertex 304 252.567 57.1685
      vertex 304 253 57.1
    endloop
  endfacet
  facet normal 0 0.454326 -0.890835
    outer loop
      vertex 304 253.433 57.1685
      vertex 308 253.823 57.3674
      vertex 308 253.433 57.1685
    endloop
  endfacet
  facet normal 0 0.454326 -0.890835
    outer loop
      vertex 308 253.823 57.3674
      vertex 304 253.433 57.1685
      vertex 304 253.823 57.3674
    endloop
  endfacet
  facet normal 0 0.891807 -0.452416
    outer loop
      vertex 308 254.133 57.6771
      vertex 304 254.331 58.0674
      vertex 308 254.331 58.0674
    endloop
  endfacet
  facet normal 0 0.891807 -0.452416
    outer loop
      vertex 304 254.331 58.0674
      vertex 308 254.133 57.6771
      vertex 304 254.133 57.6771
    endloop
  endfacet
  facet normal 0 -0.156255 0.987717
    outer loop
      vertex 304 253 59.9
      vertex 308 252.567 59.8315
      vertex 308 253 59.9
    endloop
  endfacet
  facet normal 0 -0.156255 0.987717
    outer loop
      vertex 308 252.567 59.8315
      vertex 304 253 59.9
      vertex 304 252.567 59.8315
    endloop
  endfacet
  facet normal 0 0.706764 0.707449
    outer loop
      vertex 308 254.133 59.3229
      vertex 304 253.823 59.6326
      vertex 308 253.823 59.6326
    endloop
  endfacet
  facet normal 0 0.706764 0.707449
    outer loop
      vertex 304 253.823 59.6326
      vertex 308 254.133 59.3229
      vertex 304 254.133 59.3229
    endloop
  endfacet
  facet normal 0 0.891807 0.452416
    outer loop
      vertex 308 254.331 58.9326
      vertex 304 254.133 59.3229
      vertex 308 254.133 59.3229
    endloop
  endfacet
  facet normal 0 0.891807 0.452416
    outer loop
      vertex 304 254.133 59.3229
      vertex 308 254.331 58.9326
      vertex 304 254.331 58.9326
    endloop
  endfacet
  facet normal 0 0.156255 -0.987717
    outer loop
      vertex 304 253 57.1
      vertex 308 253.433 57.1685
      vertex 308 253 57.1
    endloop
  endfacet
  facet normal 0 0.156255 -0.987717
    outer loop
      vertex 308 253.433 57.1685
      vertex 304 253 57.1
      vertex 304 253.433 57.1685
    endloop
  endfacet
  facet normal 0 0.987517 0.15751
    outer loop
      vertex 308 254.4 58.5
      vertex 304 254.331 58.9326
      vertex 308 254.331 58.9326
    endloop
  endfacet
  facet normal 0 0.987517 0.15751
    outer loop
      vertex 304 254.331 58.9326
      vertex 308 254.4 58.5
      vertex 304 254.4 58.5
    endloop
  endfacet
  facet normal 1 0 0
    outer loop
      vertex 375.333 254.331 58.9326
      vertex 375.333 254.331 58.0674
      vertex 375.333 254.4 58.5
    endloop
  endfacet
  facet normal 1 0 0
    outer loop
      vertex 375.333 254.133 59.3229
      vertex 375.333 254.331 58.0674
      vertex 375.333 254.331 58.9326
    endloop
  endfacet
  facet normal 1 0 0
    outer loop
      vertex 375.333 254.133 59.3229
      vertex 375.333 254.133 57.6771
      vertex 375.333 254.331 58.0674
    endloop
  endfacet
  facet normal 1 0 0
    outer loop
      vertex 375.333 253.823 59.6326
      vertex 375.333 254.133 57.6771
      vertex 375.333 254.133 59.3229
    endloop
  endfacet
  facet normal 1 0 0
    outer loop
      vertex 375.333 253.823 59.6326
      vertex 375.333 253.823 57.3674
      vertex 375.333 254.133 57.6771
    endloop
  endfacet
  facet normal 1 0 0
    outer loop
      vertex 375.333 253.433 59.8315
      vertex 375.333 253.823 57.3674
      vertex 375.333 253.823 59.6326
    endloop
  endfacet
  facet normal 1 0 0
    outer loop
      vertex 375.333 253.433 59.8315
      vertex 375.333 253.433 57.1685
      vertex 375.333 253.823 57.3674
    endloop
  endfacet
  facet normal 1 0 0
    outer loop
      vertex 375.333 253 59.9
      vertex 375.333 253.433 57.1685
      vertex 375.333 253.433 59.8315
    endloop
  endfacet
  facet normal 1 0 0
    outer loop
      vertex 375.333 253 59.9
      vertex 375.333 253 57.1
      vertex 375.333 253.433 57.1685
    endloop
  endfacet
  facet normal 1 -0 0
    outer loop
      vertex 375.333 252.567 59.8315
      vertex 375.333 253 57.1
      vertex 375.333 253 59.9
    endloop
  endfacet
  facet normal 1 0 0
    outer loop
      vertex 375.333 252.567 59.8315
      vertex 375.333 252.567 57.1685
      vertex 375.333 253 57.1
    endloop
  endfacet
  facet normal 1 -0 0
    outer loop
      vertex 375.333 252.177 59.6326
      vertex 375.333 252.567 57.1685
      vertex 375.333 252.567 59.8315
    endloop
  endfacet
  facet normal 1 0 0
    outer loop
      vertex 375.333 252.177 59.6326
      vertex 375.333 252.177 57.3674
      vertex 375.333 252.567 57.1685
    endloop
  endfacet
  facet normal 1 -0 0
    outer loop
      vertex 375.333 251.867 59.3229
      vertex 375.333 252.177 57.3674
      vertex 375.333 252.177 59.6326
    endloop
  endfacet
  facet normal 1 0 0
    outer loop
      vertex 375.333 251.867 59.3229
      vertex 375.333 251.867 57.6771
      vertex 375.333 252.177 57.3674
    endloop
  endfacet
  facet normal 1 -0 0
    outer loop
      vertex 375.333 251.669 58.9326
      vertex 375.333 251.867 57.6771
      vertex 375.333 251.867 59.3229
    endloop
  endfacet
  facet normal 1 0 0
    outer loop
      vertex 375.333 251.669 58.9326
      vertex 375.333 251.669 58.0674
      vertex 375.333 251.867 57.6771
    endloop
  endfacet
  facet normal 1 0 -0
    outer loop
      vertex 375.333 251.669 58.0674
      vertex 375.333 251.669 58.9326
      vertex 375.333 251.6 58.5
    endloop
  endfacet
  facet normal 0 -0.706764 -0.707449
    outer loop
      vertex 371.333 252.177 57.3674
      vertex 375.333 251.867 57.6771
      vertex 371.333 251.867 57.6771
    endloop
  endfacet
  facet normal 0 -0.706764 -0.707449
    outer loop
      vertex 375.333 251.867 57.6771
      vertex 371.333 252.177 57.3674
      vertex 375.333 252.177 57.3674
    endloop
  endfacet
  facet normal 0 -0.987517 0.15751
    outer loop
      vertex 371.333 251.6 58.5
      vertex 375.333 251.669 58.9326
      vertex 371.333 251.669 58.9326
    endloop
  endfacet
  facet normal 0 -0.987517 0.15751
    outer loop
      vertex 375.333 251.669 58.9326
      vertex 371.333 251.6 58.5
      vertex 375.333 251.6 58.5
    endloop
  endfacet
  facet normal 0 0.987517 -0.15751
    outer loop
      vertex 375.333 254.331 58.0674
      vertex 371.333 254.4 58.5
      vertex 375.333 254.4 58.5
    endloop
  endfacet
  facet normal 0 0.987517 -0.15751
    outer loop
      vertex 371.333 254.4 58.5
      vertex 375.333 254.331 58.0674
      vertex 371.333 254.331 58.0674
    endloop
  endfacet
  facet normal -1 0 0
    outer loop
      vertex 371.333 254.331 58.0674
      vertex 371.333 254.331 58.9326
      vertex 371.333 254.4 58.5
    endloop
  endfacet
  facet normal -1 0 0
    outer loop
      vertex 371.333 254.133 57.6771
      vertex 371.333 254.331 58.9326
      vertex 371.333 254.331 58.0674
    endloop
  endfacet
  facet normal -1 0 0
    outer loop
      vertex 371.333 254.133 57.6771
      vertex 371.333 254.133 59.3229
      vertex 371.333 254.331 58.9326
    endloop
  endfacet
  facet normal -1 0 0
    outer loop
      vertex 371.333 253.823 57.3674
      vertex 371.333 254.133 59.3229
      vertex 371.333 254.133 57.6771
    endloop
  endfacet
  facet normal -1 0 0
    outer loop
      vertex 371.333 253.823 57.3674
      vertex 371.333 253.823 59.6326
      vertex 371.333 254.133 59.3229
    endloop
  endfacet
  facet normal -1 0 0
    outer loop
      vertex 371.333 253.433 57.1685
      vertex 371.333 253.823 59.6326
      vertex 371.333 253.823 57.3674
    endloop
  endfacet
  facet normal -1 0 0
    outer loop
      vertex 371.333 253.433 57.1685
      vertex 371.333 253.433 59.8315
      vertex 371.333 253.823 59.6326
    endloop
  endfacet
  facet normal -1 0 0
    outer loop
      vertex 371.333 253 57.1
      vertex 371.333 253.433 59.8315
      vertex 371.333 253.433 57.1685
    endloop
  endfacet
  facet normal -1 0 0
    outer loop
      vertex 371.333 253 57.1
      vertex 371.333 253 59.9
      vertex 371.333 253.433 59.8315
    endloop
  endfacet
  facet normal -1 0 0
    outer loop
      vertex 371.333 252.567 57.1685
      vertex 371.333 253 59.9
      vertex 371.333 253 57.1
    endloop
  endfacet
  facet normal -1 0 0
    outer loop
      vertex 371.333 252.567 57.1685
      vertex 371.333 252.567 59.8315
      vertex 371.333 253 59.9
    endloop
  endfacet
  facet normal -1 0 0
    outer loop
      vertex 371.333 252.177 57.3674
      vertex 371.333 252.567 59.8315
      vertex 371.333 252.567 57.1685
    endloop
  endfacet
  facet normal -1 0 0
    outer loop
      vertex 371.333 252.177 57.3674
      vertex 371.333 252.177 59.6326
      vertex 371.333 252.567 59.8315
    endloop
  endfacet
  facet normal -1 0 0
    outer loop
      vertex 371.333 251.867 57.6771
      vertex 371.333 252.177 59.6326
      vertex 371.333 252.177 57.3674
    endloop
  endfacet
  facet normal -1 0 0
    outer loop
      vertex 371.333 251.867 57.6771
      vertex 371.333 251.867 59.3229
      vertex 371.333 252.177 59.6326
    endloop
  endfacet
  facet normal -1 0 0
    outer loop
      vertex 371.333 251.669 58.0674
      vertex 371.333 251.867 59.3229
      vertex 371.333 251.867 57.6771
    endloop
  endfacet
  facet normal -1 0 0
    outer loop
      vertex 371.333 251.669 58.0674
      vertex 371.333 251.669 58.9326
      vertex 371.333 251.867 59.3229
    endloop
  endfacet
  facet normal -1 0 -0
    outer loop
      vertex 371.333 251.669 58.9326
      vertex 371.333 251.669 58.0674
      vertex 371.333 251.6 58.5
    endloop
  endfacet
  facet normal 0 -0.987517 -0.15751
    outer loop
      vertex 371.333 251.669 58.0674
      vertex 375.333 251.6 58.5
      vertex 371.333 251.6 58.5
    endloop
  endfacet
  facet normal 0 -0.987517 -0.15751
    outer loop
      vertex 375.333 251.6 58.5
      vertex 371.333 251.669 58.0674
      vertex 375.333 251.669 58.0674
    endloop
  endfacet
  facet normal -0 0.454326 0.890835
    outer loop
      vertex 371.333 253.823 59.6326
      vertex 375.333 253.433 59.8315
      vertex 375.333 253.823 59.6326
    endloop
  endfacet
  facet normal 0 0.454326 0.890835
    outer loop
      vertex 375.333 253.433 59.8315
      vertex 371.333 253.823 59.6326
      vertex 371.333 253.433 59.8315
    endloop
  endfacet
  facet normal 0 -0.891807 0.452416
    outer loop
      vertex 371.333 251.669 58.9326
      vertex 375.333 251.867 59.3229
      vertex 371.333 251.867 59.3229
    endloop
  endfacet
  facet normal 0 -0.891807 0.452416
    outer loop
      vertex 375.333 251.867 59.3229
      vertex 371.333 251.669 58.9326
      vertex 375.333 251.669 58.9326
    endloop
  endfacet
  facet normal 0 -0.454326 -0.890835
    outer loop
      vertex 371.333 252.177 57.3674
      vertex 375.333 252.567 57.1685
      vertex 375.333 252.177 57.3674
    endloop
  endfacet
  facet normal -0 -0.454326 -0.890835
    outer loop
      vertex 375.333 252.567 57.1685
      vertex 371.333 252.177 57.3674
      vertex 371.333 252.567 57.1685
    endloop
  endfacet
  facet normal 0 0.706764 -0.707449
    outer loop
      vertex 375.333 253.823 57.3674
      vertex 371.333 254.133 57.6771
      vertex 375.333 254.133 57.6771
    endloop
  endfacet
  facet normal 0 0.706764 -0.707449
    outer loop
      vertex 371.333 254.133 57.6771
      vertex 375.333 253.823 57.3674
      vertex 371.333 253.823 57.3674
    endloop
  endfacet
  facet normal 0 -0.891807 -0.452416
    outer loop
      vertex 371.333 251.867 57.6771
      vertex 375.333 251.669 58.0674
      vertex 371.333 251.669 58.0674
    endloop
  endfacet
  facet normal 0 -0.891807 -0.452416
    outer loop
      vertex 375.333 251.669 58.0674
      vertex 371.333 251.867 57.6771
      vertex 375.333 251.867 57.6771
    endloop
  endfacet
  facet normal 0 -0.454326 0.890835
    outer loop
      vertex 371.333 252.567 59.8315
      vertex 375.333 252.177 59.6326
      vertex 375.333 252.567 59.8315
    endloop
  endfacet
  facet normal 0 -0.454326 0.890835
    outer loop
      vertex 375.333 252.177 59.6326
      vertex 371.333 252.567 59.8315
      vertex 371.333 252.177 59.6326
    endloop
  endfacet
  facet normal 0 -0.706764 0.707449
    outer loop
      vertex 371.333 251.867 59.3229
      vertex 375.333 252.177 59.6326
      vertex 371.333 252.177 59.6326
    endloop
  endfacet
  facet normal 0 -0.706764 0.707449
    outer loop
      vertex 375.333 252.177 59.6326
      vertex 371.333 251.867 59.3229
      vertex 375.333 251.867 59.3229
    endloop
  endfacet
  facet normal -0 0.156255 0.987717
    outer loop
      vertex 371.333 253.433 59.8315
      vertex 375.333 253 59.9
      vertex 375.333 253.433 59.8315
    endloop
  endfacet
  facet normal 0 0.156255 0.987717
    outer loop
      vertex 375.333 253 59.9
      vertex 371.333 253.433 59.8315
      vertex 371.333 253 59.9
    endloop
  endfacet
  facet normal 0 -0.156255 -0.987717
    outer loop
      vertex 371.333 252.567 57.1685
      vertex 375.333 253 57.1
      vertex 375.333 252.567 57.1685
    endloop
  endfacet
  facet normal -0 -0.156255 -0.987717
    outer loop
      vertex 375.333 253 57.1
      vertex 371.333 252.567 57.1685
      vertex 371.333 253 57.1
    endloop
  endfacet
  facet normal 0 0.454326 -0.890835
    outer loop
      vertex 371.333 253.433 57.1685
      vertex 375.333 253.823 57.3674
      vertex 375.333 253.433 57.1685
    endloop
  endfacet
  facet normal 0 0.454326 -0.890835
    outer loop
      vertex 375.333 253.823 57.3674
      vertex 371.333 253.433 57.1685
      vertex 371.333 253.823 57.3674
    endloop
  endfacet
  facet normal 0 0.891807 -0.452416
    outer loop
      vertex 375.333 254.133 57.6771
      vertex 371.333 254.331 58.0674
      vertex 375.333 254.331 58.0674
    endloop
  endfacet
  facet normal 0 0.891807 -0.452416
    outer loop
      vertex 371.333 254.331 58.0674
      vertex 375.333 254.133 57.6771
      vertex 371.333 254.133 57.6771
    endloop
  endfacet
  facet normal 0 -0.156255 0.987717
    outer loop
      vertex 371.333 253 59.9
      vertex 375.333 252.567 59.8315
      vertex 375.333 253 59.9
    endloop
  endfacet
  facet normal 0 -0.156255 0.987717
    outer loop
      vertex 375.333 252.567 59.8315
      vertex 371.333 253 59.9
      vertex 371.333 252.567 59.8315
    endloop
  endfacet
  facet normal 0 0.706764 0.707449
    outer loop
      vertex 375.333 254.133 59.3229
      vertex 371.333 253.823 59.6326
      vertex 375.333 253.823 59.6326
    endloop
  endfacet
  facet normal 0 0.706764 0.707449
    outer loop
      vertex 371.333 253.823 59.6326
      vertex 375.333 254.133 59.3229
      vertex 371.333 254.133 59.3229
    endloop
  endfacet
  facet normal 0 0.891807 0.452416
    outer loop
      vertex 375.333 254.331 58.9326
      vertex 371.333 254.133 59.3229
      vertex 375.333 254.133 59.3229
    endloop
  endfacet
  facet normal 0 0.891807 0.452416
    outer loop
      vertex 371.333 254.133 59.3229
      vertex 375.333 254.331 58.9326
      vertex 371.333 254.331 58.9326
    endloop
  endfacet
  facet normal 0 0.156255 -0.987717
    outer loop
      vertex 371.333 253 57.1
      vertex 375.333 253.433 57.1685
      vertex 375.333 253 57.1
    endloop
  endfacet
  facet normal 0 0.156255 -0.987717
    outer loop
      vertex 375.333 253.433 57.1685
      vertex 371.333 253 57.1
      vertex 371.333 253.433 57.1685
    endloop
  endfacet
  facet normal 0 0.987517 0.15751
    outer loop
      vertex 375.333 254.4 58.5
      vertex 371.333 254.331 58.9326
      vertex 375.333 254.331 58.9326
    endloop
  endfacet
  facet normal 0 0.987517 0.15751
    outer loop
      vertex 371.333 254.331 58.9326
      vertex 375.333 254.4 58.5
      vertex 371.333 254.4 58.5
    endloop
  endfacet
  facet normal 0 -0.706764 -0.707449
    outer loop
      vertex 34.6667 378.177 57.3674
      vertex 38.6667 377.867 57.6771
      vertex 34.6667 377.867 57.6771
    endloop
  endfacet
  facet normal 0 -0.706764 -0.707449
    outer loop
      vertex 38.6667 377.867 57.6771
      vertex 34.6667 378.177 57.3674
      vertex 38.6667 378.177 57.3674
    endloop
  endfacet
  facet normal 1 0 0
    outer loop
      vertex 38.6667 380.331 58.9326
      vertex 38.6667 380.331 58.0674
      vertex 38.6667 380.4 58.5
    endloop
  endfacet
  facet normal 1 0 0
    outer loop
      vertex 38.6667 380.133 59.3229
      vertex 38.6667 380.331 58.0674
      vertex 38.6667 380.331 58.9326
    endloop
  endfacet
  facet normal 1 0 0
    outer loop
      vertex 38.6667 380.133 59.3229
      vertex 38.6667 380.133 57.6771
      vertex 38.6667 380.331 58.0674
    endloop
  endfacet
  facet normal 1 0 0
    outer loop
      vertex 38.6667 379.823 59.6326
      vertex 38.6667 380.133 57.6771
      vertex 38.6667 380.133 59.3229
    endloop
  endfacet
  facet normal 1 0 0
    outer loop
      vertex 38.6667 379.823 59.6326
      vertex 38.6667 379.823 57.3674
      vertex 38.6667 380.133 57.6771
    endloop
  endfacet
  facet normal 1 0 0
    outer loop
      vertex 38.6667 379.433 59.8315
      vertex 38.6667 379.823 57.3674
      vertex 38.6667 379.823 59.6326
    endloop
  endfacet
  facet normal 1 0 0
    outer loop
      vertex 38.6667 379.433 59.8315
      vertex 38.6667 379.433 57.1685
      vertex 38.6667 379.823 57.3674
    endloop
  endfacet
  facet normal 1 0 0
    outer loop
      vertex 38.6667 379 59.9
      vertex 38.6667 379.433 57.1685
      vertex 38.6667 379.433 59.8315
    endloop
  endfacet
  facet normal 1 0 0
    outer loop
      vertex 38.6667 379 59.9
      vertex 38.6667 379 57.1
      vertex 38.6667 379.433 57.1685
    endloop
  endfacet
  facet normal 1 -0 0
    outer loop
      vertex 38.6667 378.567 59.8315
      vertex 38.6667 379 57.1
      vertex 38.6667 379 59.9
    endloop
  endfacet
  facet normal 1 0 0
    outer loop
      vertex 38.6667 378.567 59.8315
      vertex 38.6667 378.567 57.1685
      vertex 38.6667 379 57.1
    endloop
  endfacet
  facet normal 1 -0 0
    outer loop
      vertex 38.6667 378.177 59.6326
      vertex 38.6667 378.567 57.1685
      vertex 38.6667 378.567 59.8315
    endloop
  endfacet
  facet normal 1 0 0
    outer loop
      vertex 38.6667 378.177 59.6326
      vertex 38.6667 378.177 57.3674
      vertex 38.6667 378.567 57.1685
    endloop
  endfacet
  facet normal 1 -0 0
    outer loop
      vertex 38.6667 377.867 59.3229
      vertex 38.6667 378.177 57.3674
      vertex 38.6667 378.177 59.6326
    endloop
  endfacet
  facet normal 1 0 0
    outer loop
      vertex 38.6667 377.867 59.3229
      vertex 38.6667 377.867 57.6771
      vertex 38.6667 378.177 57.3674
    endloop
  endfacet
  facet normal 1 -0 0
    outer loop
      vertex 38.6667 377.669 58.9326
      vertex 38.6667 377.867 57.6771
      vertex 38.6667 377.867 59.3229
    endloop
  endfacet
  facet normal 1 0 0
    outer loop
      vertex 38.6667 377.669 58.9326
      vertex 38.6667 377.669 58.0674
      vertex 38.6667 377.867 57.6771
    endloop
  endfacet
  facet normal 1 0 -0
    outer loop
      vertex 38.6667 377.669 58.0674
      vertex 38.6667 377.669 58.9326
      vertex 38.6667 377.6 58.5
    endloop
  endfacet
  facet normal 0 -0.987517 0.15751
    outer loop
      vertex 34.6667 377.6 58.5
      vertex 38.6667 377.669 58.9326
      vertex 34.6667 377.669 58.9326
    endloop
  endfacet
  facet normal 0 -0.987517 0.15751
    outer loop
      vertex 38.6667 377.669 58.9326
      vertex 34.6667 377.6 58.5
      vertex 38.6667 377.6 58.5
    endloop
  endfacet
  facet normal 0 0.987517 -0.15751
    outer loop
      vertex 38.6667 380.331 58.0674
      vertex 34.6667 380.4 58.5
      vertex 38.6667 380.4 58.5
    endloop
  endfacet
  facet normal 0 0.987517 -0.15751
    outer loop
      vertex 34.6667 380.4 58.5
      vertex 38.6667 380.331 58.0674
      vertex 34.6667 380.331 58.0674
    endloop
  endfacet
  facet normal 0 -0.987517 -0.15751
    outer loop
      vertex 34.6667 377.669 58.0674
      vertex 38.6667 377.6 58.5
      vertex 34.6667 377.6 58.5
    endloop
  endfacet
  facet normal 0 -0.987517 -0.15751
    outer loop
      vertex 38.6667 377.6 58.5
      vertex 34.6667 377.669 58.0674
      vertex 38.6667 377.669 58.0674
    endloop
  endfacet
  facet normal -0 0.454326 0.890835
    outer loop
      vertex 34.6667 379.823 59.6326
      vertex 38.6667 379.433 59.8315
      vertex 38.6667 379.823 59.6326
    endloop
  endfacet
  facet normal 0 0.454326 0.890835
    outer loop
      vertex 38.6667 379.433 59.8315
      vertex 34.6667 379.823 59.6326
      vertex 34.6667 379.433 59.8315
    endloop
  endfacet
  facet normal 0 0.156255 -0.987717
    outer loop
      vertex 34.6667 379 57.1
      vertex 38.6667 379.433 57.1685
      vertex 38.6667 379 57.1
    endloop
  endfacet
  facet normal 0 0.156255 -0.987717
    outer loop
      vertex 38.6667 379.433 57.1685
      vertex 34.6667 379 57.1
      vertex 34.6667 379.433 57.1685
    endloop
  endfacet
  facet normal 0 -0.891807 0.452416
    outer loop
      vertex 34.6667 377.669 58.9326
      vertex 38.6667 377.867 59.3229
      vertex 34.6667 377.867 59.3229
    endloop
  endfacet
  facet normal 0 -0.891807 0.452416
    outer loop
      vertex 38.6667 377.867 59.3229
      vertex 34.6667 377.669 58.9326
      vertex 38.6667 377.669 58.9326
    endloop
  endfacet
  facet normal 0 -0.454326 -0.890835
    outer loop
      vertex 34.6667 378.177 57.3674
      vertex 38.6667 378.567 57.1685
      vertex 38.6667 378.177 57.3674
    endloop
  endfacet
  facet normal -0 -0.454326 -0.890835
    outer loop
      vertex 38.6667 378.567 57.1685
      vertex 34.6667 378.177 57.3674
      vertex 34.6667 378.567 57.1685
    endloop
  endfacet
  facet normal 0 0.706764 -0.707449
    outer loop
      vertex 38.6667 379.823 57.3674
      vertex 34.6667 380.133 57.6771
      vertex 38.6667 380.133 57.6771
    endloop
  endfacet
  facet normal 0 0.706764 -0.707449
    outer loop
      vertex 34.6667 380.133 57.6771
      vertex 38.6667 379.823 57.3674
      vertex 34.6667 379.823 57.3674
    endloop
  endfacet
  facet normal 0 -0.891807 -0.452416
    outer loop
      vertex 34.6667 377.867 57.6771
      vertex 38.6667 377.669 58.0674
      vertex 34.6667 377.669 58.0674
    endloop
  endfacet
  facet normal 0 -0.891807 -0.452416
    outer loop
      vertex 38.6667 377.669 58.0674
      vertex 34.6667 377.867 57.6771
      vertex 38.6667 377.867 57.6771
    endloop
  endfacet
  facet normal 0 -0.454326 0.890835
    outer loop
      vertex 34.6667 378.567 59.8315
      vertex 38.6667 378.177 59.6326
      vertex 38.6667 378.567 59.8315
    endloop
  endfacet
  facet normal 0 -0.454326 0.890835
    outer loop
      vertex 38.6667 378.177 59.6326
      vertex 34.6667 378.567 59.8315
      vertex 34.6667 378.177 59.6326
    endloop
  endfacet
  facet normal 0 -0.706764 0.707449
    outer loop
      vertex 34.6667 377.867 59.3229
      vertex 38.6667 378.177 59.6326
      vertex 34.6667 378.177 59.6326
    endloop
  endfacet
  facet normal 0 -0.706764 0.707449
    outer loop
      vertex 38.6667 378.177 59.6326
      vertex 34.6667 377.867 59.3229
      vertex 38.6667 377.867 59.3229
    endloop
  endfacet
  facet normal -0 0.156255 0.987717
    outer loop
      vertex 34.6667 379.433 59.8315
      vertex 38.6667 379 59.9
      vertex 38.6667 379.433 59.8315
    endloop
  endfacet
  facet normal 0 0.156255 0.987717
    outer loop
      vertex 38.6667 379 59.9
      vertex 34.6667 379.433 59.8315
      vertex 34.6667 379 59.9
    endloop
  endfacet
  facet normal 0 -0.156255 -0.987717
    outer loop
      vertex 34.6667 378.567 57.1685
      vertex 38.6667 379 57.1
      vertex 38.6667 378.567 57.1685
    endloop
  endfacet
  facet normal -0 -0.156255 -0.987717
    outer loop
      vertex 38.6667 379 57.1
      vertex 34.6667 378.567 57.1685
      vertex 34.6667 379 57.1
    endloop
  endfacet
  facet normal 0 0.454326 -0.890835
    outer loop
      vertex 34.6667 379.433 57.1685
      vertex 38.6667 379.823 57.3674
      vertex 38.6667 379.433 57.1685
    endloop
  endfacet
  facet normal 0 0.454326 -0.890835
    outer loop
      vertex 38.6667 379.823 57.3674
      vertex 34.6667 379.433 57.1685
      vertex 34.6667 379.823 57.3674
    endloop
  endfacet
  facet normal 0 0.891807 -0.452416
    outer loop
      vertex 38.6667 380.133 57.6771
      vertex 34.6667 380.331 58.0674
      vertex 38.6667 380.331 58.0674
    endloop
  endfacet
  facet normal 0 0.891807 -0.452416
    outer loop
      vertex 34.6667 380.331 58.0674
      vertex 38.6667 380.133 57.6771
      vertex 34.6667 380.133 57.6771
    endloop
  endfacet
  facet normal 0 -0.156255 0.987717
    outer loop
      vertex 34.6667 379 59.9
      vertex 38.6667 378.567 59.8315
      vertex 38.6667 379 59.9
    endloop
  endfacet
  facet normal 0 -0.156255 0.987717
    outer loop
      vertex 38.6667 378.567 59.8315
      vertex 34.6667 379 59.9
      vertex 34.6667 378.567 59.8315
    endloop
  endfacet
  facet normal 0 0.706764 0.707449
    outer loop
      vertex 38.6667 380.133 59.3229
      vertex 34.6667 379.823 59.6326
      vertex 38.6667 379.823 59.6326
    endloop
  endfacet
  facet normal 0 0.706764 0.707449
    outer loop
      vertex 34.6667 379.823 59.6326
      vertex 38.6667 380.133 59.3229
      vertex 34.6667 380.133 59.3229
    endloop
  endfacet
  facet normal -1 0 0
    outer loop
      vertex 34.6667 380.331 58.0674
      vertex 34.6667 380.331 58.9326
      vertex 34.6667 380.4 58.5
    endloop
  endfacet
  facet normal -1 0 0
    outer loop
      vertex 34.6667 380.133 57.6771
      vertex 34.6667 380.331 58.9326
      vertex 34.6667 380.331 58.0674
    endloop
  endfacet
  facet normal -1 0 0
    outer loop
      vertex 34.6667 380.133 57.6771
      vertex 34.6667 380.133 59.3229
      vertex 34.6667 380.331 58.9326
    endloop
  endfacet
  facet normal -1 0 0
    outer loop
      vertex 34.6667 379.823 57.3674
      vertex 34.6667 380.133 59.3229
      vertex 34.6667 380.133 57.6771
    endloop
  endfacet
  facet normal -1 0 0
    outer loop
      vertex 34.6667 379.823 57.3674
      vertex 34.6667 379.823 59.6326
      vertex 34.6667 380.133 59.3229
    endloop
  endfacet
  facet normal -1 0 0
    outer loop
      vertex 34.6667 379.433 57.1685
      vertex 34.6667 379.823 59.6326
      vertex 34.6667 379.823 57.3674
    endloop
  endfacet
  facet normal -1 0 0
    outer loop
      vertex 34.6667 379.433 57.1685
      vertex 34.6667 379.433 59.8315
      vertex 34.6667 379.823 59.6326
    endloop
  endfacet
  facet normal -1 0 0
    outer loop
      vertex 34.6667 379 57.1
      vertex 34.6667 379.433 59.8315
      vertex 34.6667 379.433 57.1685
    endloop
  endfacet
  facet normal -1 0 0
    outer loop
      vertex 34.6667 379 57.1
      vertex 34.6667 379 59.9
      vertex 34.6667 379.433 59.8315
    endloop
  endfacet
  facet normal -1 0 0
    outer loop
      vertex 34.6667 378.567 57.1685
      vertex 34.6667 379 59.9
      vertex 34.6667 379 57.1
    endloop
  endfacet
  facet normal -1 0 0
    outer loop
      vertex 34.6667 378.567 57.1685
      vertex 34.6667 378.567 59.8315
      vertex 34.6667 379 59.9
    endloop
  endfacet
  facet normal -1 0 0
    outer loop
      vertex 34.6667 378.177 57.3674
      vertex 34.6667 378.567 59.8315
      vertex 34.6667 378.567 57.1685
    endloop
  endfacet
  facet normal -1 0 0
    outer loop
      vertex 34.6667 378.177 57.3674
      vertex 34.6667 378.177 59.6326
      vertex 34.6667 378.567 59.8315
    endloop
  endfacet
  facet normal -1 0 0
    outer loop
      vertex 34.6667 377.867 57.6771
      vertex 34.6667 378.177 59.6326
      vertex 34.6667 378.177 57.3674
    endloop
  endfacet
  facet normal -1 0 0
    outer loop
      vertex 34.6667 377.867 57.6771
      vertex 34.6667 377.867 59.3229
      vertex 34.6667 378.177 59.6326
    endloop
  endfacet
  facet normal -1 0 0
    outer loop
      vertex 34.6667 377.669 58.0674
      vertex 34.6667 377.867 59.3229
      vertex 34.6667 377.867 57.6771
    endloop
  endfacet
  facet normal -1 0 0
    outer loop
      vertex 34.6667 377.669 58.0674
      vertex 34.6667 377.669 58.9326
      vertex 34.6667 377.867 59.3229
    endloop
  endfacet
  facet normal -1 0 -0
    outer loop
      vertex 34.6667 377.669 58.9326
      vertex 34.6667 377.669 58.0674
      vertex 34.6667 377.6 58.5
    endloop
  endfacet
  facet normal 0 0.891807 0.452416
    outer loop
      vertex 38.6667 380.331 58.9326
      vertex 34.6667 380.133 59.3229
      vertex 38.6667 380.133 59.3229
    endloop
  endfacet
  facet normal 0 0.891807 0.452416
    outer loop
      vertex 34.6667 380.133 59.3229
      vertex 38.6667 380.331 58.9326
      vertex 34.6667 380.331 58.9326
    endloop
  endfacet
  facet normal 0 0.987517 0.15751
    outer loop
      vertex 38.6667 380.4 58.5
      vertex 34.6667 380.331 58.9326
      vertex 38.6667 380.331 58.9326
    endloop
  endfacet
  facet normal 0 0.987517 0.15751
    outer loop
      vertex 34.6667 380.331 58.9326
      vertex 38.6667 380.4 58.5
      vertex 34.6667 380.4 58.5
    endloop
  endfacet
  facet normal 0 -0.454326 -0.890835
    outer loop
      vertex 102 378.177 57.3674
      vertex 106 378.567 57.1685
      vertex 106 378.177 57.3674
    endloop
  endfacet
  facet normal -0 -0.454326 -0.890835
    outer loop
      vertex 106 378.567 57.1685
      vertex 102 378.177 57.3674
      vertex 102 378.567 57.1685
    endloop
  endfacet
  facet normal 0 0.706764 -0.707449
    outer loop
      vertex 106 379.823 57.3674
      vertex 102 380.133 57.6771
      vertex 106 380.133 57.6771
    endloop
  endfacet
  facet normal 0 0.706764 -0.707449
    outer loop
      vertex 102 380.133 57.6771
      vertex 106 379.823 57.3674
      vertex 102 379.823 57.3674
    endloop
  endfacet
  facet normal 0 -0.891807 -0.452416
    outer loop
      vertex 102 377.867 57.6771
      vertex 106 377.669 58.0674
      vertex 102 377.669 58.0674
    endloop
  endfacet
  facet normal 0 -0.891807 -0.452416
    outer loop
      vertex 106 377.669 58.0674
      vertex 102 377.867 57.6771
      vertex 106 377.867 57.6771
    endloop
  endfacet
  facet normal 0 -0.156255 0.987717
    outer loop
      vertex 102 379 59.9
      vertex 106 378.567 59.8315
      vertex 106 379 59.9
    endloop
  endfacet
  facet normal 0 -0.156255 0.987717
    outer loop
      vertex 106 378.567 59.8315
      vertex 102 379 59.9
      vertex 102 378.567 59.8315
    endloop
  endfacet
  facet normal 0 -0.706764 0.707449
    outer loop
      vertex 102 377.867 59.3229
      vertex 106 378.177 59.6326
      vertex 102 378.177 59.6326
    endloop
  endfacet
  facet normal 0 -0.706764 0.707449
    outer loop
      vertex 106 378.177 59.6326
      vertex 102 377.867 59.3229
      vertex 106 377.867 59.3229
    endloop
  endfacet
  facet normal 0 -0.987517 0.15751
    outer loop
      vertex 102 377.6 58.5
      vertex 106 377.669 58.9326
      vertex 102 377.669 58.9326
    endloop
  endfacet
  facet normal 0 -0.987517 0.15751
    outer loop
      vertex 106 377.669 58.9326
      vertex 102 377.6 58.5
      vertex 106 377.6 58.5
    endloop
  endfacet
  facet normal 0 0.987517 0.15751
    outer loop
      vertex 106 380.4 58.5
      vertex 102 380.331 58.9326
      vertex 106 380.331 58.9326
    endloop
  endfacet
  facet normal 0 0.987517 0.15751
    outer loop
      vertex 102 380.331 58.9326
      vertex 106 380.4 58.5
      vertex 102 380.4 58.5
    endloop
  endfacet
  facet normal 1 0 0
    outer loop
      vertex 106 380.331 58.9326
      vertex 106 380.331 58.0674
      vertex 106 380.4 58.5
    endloop
  endfacet
  facet normal 1 0 0
    outer loop
      vertex 106 380.133 59.3229
      vertex 106 380.331 58.0674
      vertex 106 380.331 58.9326
    endloop
  endfacet
  facet normal 1 0 0
    outer loop
      vertex 106 380.133 59.3229
      vertex 106 380.133 57.6771
      vertex 106 380.331 58.0674
    endloop
  endfacet
  facet normal 1 0 0
    outer loop
      vertex 106 379.823 59.6326
      vertex 106 380.133 57.6771
      vertex 106 380.133 59.3229
    endloop
  endfacet
  facet normal 1 0 0
    outer loop
      vertex 106 379.823 59.6326
      vertex 106 379.823 57.3674
      vertex 106 380.133 57.6771
    endloop
  endfacet
  facet normal 1 0 0
    outer loop
      vertex 106 379.433 59.8315
      vertex 106 379.823 57.3674
      vertex 106 379.823 59.6326
    endloop
  endfacet
  facet normal 1 0 0
    outer loop
      vertex 106 379.433 59.8315
      vertex 106 379.433 57.1685
      vertex 106 379.823 57.3674
    endloop
  endfacet
  facet normal 1 0 0
    outer loop
      vertex 106 379 59.9
      vertex 106 379.433 57.1685
      vertex 106 379.433 59.8315
    endloop
  endfacet
  facet normal 1 0 0
    outer loop
      vertex 106 379 59.9
      vertex 106 379 57.1
      vertex 106 379.433 57.1685
    endloop
  endfacet
  facet normal 1 -0 0
    outer loop
      vertex 106 378.567 59.8315
      vertex 106 379 57.1
      vertex 106 379 59.9
    endloop
  endfacet
  facet normal 1 0 0
    outer loop
      vertex 106 378.567 59.8315
      vertex 106 378.567 57.1685
      vertex 106 379 57.1
    endloop
  endfacet
  facet normal 1 -0 0
    outer loop
      vertex 106 378.177 59.6326
      vertex 106 378.567 57.1685
      vertex 106 378.567 59.8315
    endloop
  endfacet
  facet normal 1 0 0
    outer loop
      vertex 106 378.177 59.6326
      vertex 106 378.177 57.3674
      vertex 106 378.567 57.1685
    endloop
  endfacet
  facet normal 1 -0 0
    outer loop
      vertex 106 377.867 59.3229
      vertex 106 378.177 57.3674
      vertex 106 378.177 59.6326
    endloop
  endfacet
  facet normal 1 0 0
    outer loop
      vertex 106 377.867 59.3229
      vertex 106 377.867 57.6771
      vertex 106 378.177 57.3674
    endloop
  endfacet
  facet normal 1 -0 0
    outer loop
      vertex 106 377.669 58.9326
      vertex 106 377.867 57.6771
      vertex 106 377.867 59.3229
    endloop
  endfacet
  facet normal 1 0 0
    outer loop
      vertex 106 377.669 58.9326
      vertex 106 377.669 58.0674
      vertex 106 377.867 57.6771
    endloop
  endfacet
  facet normal 1 0 -0
    outer loop
      vertex 106 377.669 58.0674
      vertex 106 377.669 58.9326
      vertex 106 377.6 58.5
    endloop
  endfacet
  facet normal 0 -0.156255 -0.987717
    outer loop
      vertex 102 378.567 57.1685
      vertex 106 379 57.1
      vertex 106 378.567 57.1685
    endloop
  endfacet
  facet normal -0 -0.156255 -0.987717
    outer loop
      vertex 106 379 57.1
      vertex 102 378.567 57.1685
      vertex 102 379 57.1
    endloop
  endfacet
  facet normal 0 -0.706764 -0.707449
    outer loop
      vertex 102 378.177 57.3674
      vertex 106 377.867 57.6771
      vertex 102 377.867 57.6771
    endloop
  endfacet
  facet normal 0 -0.706764 -0.707449
    outer loop
      vertex 106 377.867 57.6771
      vertex 102 378.177 57.3674
      vertex 106 378.177 57.3674
    endloop
  endfacet
  facet normal 0 0.706764 0.707449
    outer loop
      vertex 106 380.133 59.3229
      vertex 102 379.823 59.6326
      vertex 106 379.823 59.6326
    endloop
  endfacet
  facet normal 0 0.706764 0.707449
    outer loop
      vertex 102 379.823 59.6326
      vertex 106 380.133 59.3229
      vertex 102 380.133 59.3229
    endloop
  endfacet
  facet normal 0 -0.454326 0.890835
    outer loop
      vertex 102 378.567 59.8315
      vertex 106 378.177 59.6326
      vertex 106 378.567 59.8315
    endloop
  endfacet
  facet normal 0 -0.454326 0.890835
    outer loop
      vertex 106 378.177 59.6326
      vertex 102 378.567 59.8315
      vertex 102 378.177 59.6326
    endloop
  endfacet
  facet normal 0 0.891807 0.452416
    outer loop
      vertex 106 380.331 58.9326
      vertex 102 380.133 59.3229
      vertex 106 380.133 59.3229
    endloop
  endfacet
  facet normal 0 0.891807 0.452416
    outer loop
      vertex 102 380.133 59.3229
      vertex 106 380.331 58.9326
      vertex 102 380.331 58.9326
    endloop
  endfacet
  facet normal 0 0.891807 -0.452416
    outer loop
      vertex 106 380.133 57.6771
      vertex 102 380.331 58.0674
      vertex 106 380.331 58.0674
    endloop
  endfacet
  facet normal 0 0.891807 -0.452416
    outer loop
      vertex 102 380.331 58.0674
      vertex 106 380.133 57.6771
      vertex 102 380.133 57.6771
    endloop
  endfacet
  facet normal -0 0.156255 0.987717
    outer loop
      vertex 102 379.433 59.8315
      vertex 106 379 59.9
      vertex 106 379.433 59.8315
    endloop
  endfacet
  facet normal 0 0.156255 0.987717
    outer loop
      vertex 106 379 59.9
      vertex 102 379.433 59.8315
      vertex 102 379 59.9
    endloop
  endfacet
  facet normal 0 -0.987517 -0.15751
    outer loop
      vertex 102 377.669 58.0674
      vertex 106 377.6 58.5
      vertex 102 377.6 58.5
    endloop
  endfacet
  facet normal 0 -0.987517 -0.15751
    outer loop
      vertex 106 377.6 58.5
      vertex 102 377.669 58.0674
      vertex 106 377.669 58.0674
    endloop
  endfacet
  facet normal 0 0.987517 -0.15751
    outer loop
      vertex 106 380.331 58.0674
      vertex 102 380.4 58.5
      vertex 106 380.4 58.5
    endloop
  endfacet
  facet normal 0 0.987517 -0.15751
    outer loop
      vertex 102 380.4 58.5
      vertex 106 380.331 58.0674
      vertex 102 380.331 58.0674
    endloop
  endfacet
  facet normal 0 -0.891807 0.452416
    outer loop
      vertex 102 377.669 58.9326
      vertex 106 377.867 59.3229
      vertex 102 377.867 59.3229
    endloop
  endfacet
  facet normal 0 -0.891807 0.452416
    outer loop
      vertex 106 377.867 59.3229
      vertex 102 377.669 58.9326
      vertex 106 377.669 58.9326
    endloop
  endfacet
  facet normal -0 0.454326 0.890835
    outer loop
      vertex 102 379.823 59.6326
      vertex 106 379.433 59.8315
      vertex 106 379.823 59.6326
    endloop
  endfacet
  facet normal 0 0.454326 0.890835
    outer loop
      vertex 106 379.433 59.8315
      vertex 102 379.823 59.6326
      vertex 102 379.433 59.8315
    endloop
  endfacet
  facet normal 0 0.454326 -0.890835
    outer loop
      vertex 102 379.433 57.1685
      vertex 106 379.823 57.3674
      vertex 106 379.433 57.1685
    endloop
  endfacet
  facet normal 0 0.454326 -0.890835
    outer loop
      vertex 106 379.823 57.3674
      vertex 102 379.433 57.1685
      vertex 102 379.823 57.3674
    endloop
  endfacet
  facet normal -1 0 0
    outer loop
      vertex 102 380.331 58.0674
      vertex 102 380.331 58.9326
      vertex 102 380.4 58.5
    endloop
  endfacet
  facet normal -1 0 0
    outer loop
      vertex 102 380.133 57.6771
      vertex 102 380.331 58.9326
      vertex 102 380.331 58.0674
    endloop
  endfacet
  facet normal -1 0 0
    outer loop
      vertex 102 380.133 57.6771
      vertex 102 380.133 59.3229
      vertex 102 380.331 58.9326
    endloop
  endfacet
  facet normal -1 0 0
    outer loop
      vertex 102 379.823 57.3674
      vertex 102 380.133 59.3229
      vertex 102 380.133 57.6771
    endloop
  endfacet
  facet normal -1 0 0
    outer loop
      vertex 102 379.823 57.3674
      vertex 102 379.823 59.6326
      vertex 102 380.133 59.3229
    endloop
  endfacet
  facet normal -1 0 0
    outer loop
      vertex 102 379.433 57.1685
      vertex 102 379.823 59.6326
      vertex 102 379.823 57.3674
    endloop
  endfacet
  facet normal -1 0 0
    outer loop
      vertex 102 379.433 57.1685
      vertex 102 379.433 59.8315
      vertex 102 379.823 59.6326
    endloop
  endfacet
  facet normal -1 0 0
    outer loop
      vertex 102 379 57.1
      vertex 102 379.433 59.8315
      vertex 102 379.433 57.1685
    endloop
  endfacet
  facet normal -1 0 0
    outer loop
      vertex 102 379 57.1
      vertex 102 379 59.9
      vertex 102 379.433 59.8315
    endloop
  endfacet
  facet normal -1 0 0
    outer loop
      vertex 102 378.567 57.1685
      vertex 102 379 59.9
      vertex 102 379 57.1
    endloop
  endfacet
  facet normal -1 0 0
    outer loop
      vertex 102 378.567 57.1685
      vertex 102 378.567 59.8315
      vertex 102 379 59.9
    endloop
  endfacet
  facet normal -1 0 0
    outer loop
      vertex 102 378.177 57.3674
      vertex 102 378.567 59.8315
      vertex 102 378.567 57.1685
    endloop
  endfacet
  facet normal -1 0 0
    outer loop
      vertex 102 378.177 57.3674
      vertex 102 378.177 59.6326
      vertex 102 378.567 59.8315
    endloop
  endfacet
  facet normal -1 0 0
    outer loop
      vertex 102 377.867 57.6771
      vertex 102 378.177 59.6326
      vertex 102 378.177 57.3674
    endloop
  endfacet
  facet normal -1 0 0
    outer loop
      vertex 102 377.867 57.6771
      vertex 102 377.867 59.3229
      vertex 102 378.177 59.6326
    endloop
  endfacet
  facet normal -1 0 0
    outer loop
      vertex 102 377.669 58.0674
      vertex 102 377.867 59.3229
      vertex 102 377.867 57.6771
    endloop
  endfacet
  facet normal -1 0 0
    outer loop
      vertex 102 377.669 58.0674
      vertex 102 377.669 58.9326
      vertex 102 377.867 59.3229
    endloop
  endfacet
  facet normal -1 0 -0
    outer loop
      vertex 102 377.669 58.9326
      vertex 102 377.669 58.0674
      vertex 102 377.6 58.5
    endloop
  endfacet
  facet normal 0 0.156255 -0.987717
    outer loop
      vertex 102 379 57.1
      vertex 106 379.433 57.1685
      vertex 106 379 57.1
    endloop
  endfacet
  facet normal 0 0.156255 -0.987717
    outer loop
      vertex 106 379.433 57.1685
      vertex 102 379 57.1
      vertex 102 379.433 57.1685
    endloop
  endfacet
  facet normal 0 -0.454326 -0.890835
    outer loop
      vertex 169.333 378.177 57.3674
      vertex 173.333 378.567 57.1685
      vertex 173.333 378.177 57.3674
    endloop
  endfacet
  facet normal -0 -0.454326 -0.890835
    outer loop
      vertex 173.333 378.567 57.1685
      vertex 169.333 378.177 57.3674
      vertex 169.333 378.567 57.1685
    endloop
  endfacet
  facet normal 0 0.706764 -0.707449
    outer loop
      vertex 173.333 379.823 57.3674
      vertex 169.333 380.133 57.6771
      vertex 173.333 380.133 57.6771
    endloop
  endfacet
  facet normal 0 0.706764 -0.707449
    outer loop
      vertex 169.333 380.133 57.6771
      vertex 173.333 379.823 57.3674
      vertex 169.333 379.823 57.3674
    endloop
  endfacet
  facet normal 0 -0.891807 -0.452416
    outer loop
      vertex 169.333 377.867 57.6771
      vertex 173.333 377.669 58.0674
      vertex 169.333 377.669 58.0674
    endloop
  endfacet
  facet normal 0 -0.891807 -0.452416
    outer loop
      vertex 173.333 377.669 58.0674
      vertex 169.333 377.867 57.6771
      vertex 173.333 377.867 57.6771
    endloop
  endfacet
  facet normal 0 -0.156255 0.987717
    outer loop
      vertex 169.333 379 59.9
      vertex 173.333 378.567 59.8315
      vertex 173.333 379 59.9
    endloop
  endfacet
  facet normal 0 -0.156255 0.987717
    outer loop
      vertex 173.333 378.567 59.8315
      vertex 169.333 379 59.9
      vertex 169.333 378.567 59.8315
    endloop
  endfacet
  facet normal 0 -0.706764 0.707449
    outer loop
      vertex 169.333 377.867 59.3229
      vertex 173.333 378.177 59.6326
      vertex 169.333 378.177 59.6326
    endloop
  endfacet
  facet normal 0 -0.706764 0.707449
    outer loop
      vertex 173.333 378.177 59.6326
      vertex 169.333 377.867 59.3229
      vertex 173.333 377.867 59.3229
    endloop
  endfacet
  facet normal 0 -0.987517 0.15751
    outer loop
      vertex 169.333 377.6 58.5
      vertex 173.333 377.669 58.9326
      vertex 169.333 377.669 58.9326
    endloop
  endfacet
  facet normal 0 -0.987517 0.15751
    outer loop
      vertex 173.333 377.669 58.9326
      vertex 169.333 377.6 58.5
      vertex 173.333 377.6 58.5
    endloop
  endfacet
  facet normal 0 0.987517 0.15751
    outer loop
      vertex 173.333 380.4 58.5
      vertex 169.333 380.331 58.9326
      vertex 173.333 380.331 58.9326
    endloop
  endfacet
  facet normal 0 0.987517 0.15751
    outer loop
      vertex 169.333 380.331 58.9326
      vertex 173.333 380.4 58.5
      vertex 169.333 380.4 58.5
    endloop
  endfacet
  facet normal 0 -0.156255 -0.987717
    outer loop
      vertex 169.333 378.567 57.1685
      vertex 173.333 379 57.1
      vertex 173.333 378.567 57.1685
    endloop
  endfacet
  facet normal -0 -0.156255 -0.987717
    outer loop
      vertex 173.333 379 57.1
      vertex 169.333 378.567 57.1685
      vertex 169.333 379 57.1
    endloop
  endfacet
  facet normal 0 -0.706764 -0.707449
    outer loop
      vertex 169.333 378.177 57.3674
      vertex 173.333 377.867 57.6771
      vertex 169.333 377.867 57.6771
    endloop
  endfacet
  facet normal 0 -0.706764 -0.707449
    outer loop
      vertex 173.333 377.867 57.6771
      vertex 169.333 378.177 57.3674
      vertex 173.333 378.177 57.3674
    endloop
  endfacet
  facet normal 0 0.706764 0.707449
    outer loop
      vertex 173.333 380.133 59.3229
      vertex 169.333 379.823 59.6326
      vertex 173.333 379.823 59.6326
    endloop
  endfacet
  facet normal 0 0.706764 0.707449
    outer loop
      vertex 169.333 379.823 59.6326
      vertex 173.333 380.133 59.3229
      vertex 169.333 380.133 59.3229
    endloop
  endfacet
  facet normal 0 -0.454326 0.890835
    outer loop
      vertex 169.333 378.567 59.8315
      vertex 173.333 378.177 59.6326
      vertex 173.333 378.567 59.8315
    endloop
  endfacet
  facet normal 0 -0.454326 0.890835
    outer loop
      vertex 173.333 378.177 59.6326
      vertex 169.333 378.567 59.8315
      vertex 169.333 378.177 59.6326
    endloop
  endfacet
  facet normal 0 0.891807 0.452416
    outer loop
      vertex 173.333 380.331 58.9326
      vertex 169.333 380.133 59.3229
      vertex 173.333 380.133 59.3229
    endloop
  endfacet
  facet normal 0 0.891807 0.452416
    outer loop
      vertex 169.333 380.133 59.3229
      vertex 173.333 380.331 58.9326
      vertex 169.333 380.331 58.9326
    endloop
  endfacet
  facet normal 0 0.891807 -0.452416
    outer loop
      vertex 173.333 380.133 57.6771
      vertex 169.333 380.331 58.0674
      vertex 173.333 380.331 58.0674
    endloop
  endfacet
  facet normal 0 0.891807 -0.452416
    outer loop
      vertex 169.333 380.331 58.0674
      vertex 173.333 380.133 57.6771
      vertex 169.333 380.133 57.6771
    endloop
  endfacet
  facet normal -0 0.156255 0.987717
    outer loop
      vertex 169.333 379.433 59.8315
      vertex 173.333 379 59.9
      vertex 173.333 379.433 59.8315
    endloop
  endfacet
  facet normal 0 0.156255 0.987717
    outer loop
      vertex 173.333 379 59.9
      vertex 169.333 379.433 59.8315
      vertex 169.333 379 59.9
    endloop
  endfacet
  facet normal 0 -0.987517 -0.15751
    outer loop
      vertex 169.333 377.669 58.0674
      vertex 173.333 377.6 58.5
      vertex 169.333 377.6 58.5
    endloop
  endfacet
  facet normal 0 -0.987517 -0.15751
    outer loop
      vertex 173.333 377.6 58.5
      vertex 169.333 377.669 58.0674
      vertex 173.333 377.669 58.0674
    endloop
  endfacet
  facet normal 0 0.987517 -0.15751
    outer loop
      vertex 173.333 380.331 58.0674
      vertex 169.333 380.4 58.5
      vertex 173.333 380.4 58.5
    endloop
  endfacet
  facet normal 0 0.987517 -0.15751
    outer loop
      vertex 169.333 380.4 58.5
      vertex 173.333 380.331 58.0674
      vertex 169.333 380.331 58.0674
    endloop
  endfacet
  facet normal 0 -0.891807 0.452416
    outer loop
      vertex 169.333 377.669 58.9326
      vertex 173.333 377.867 59.3229
      vertex 169.333 377.867 59.3229
    endloop
  endfacet
  facet normal 0 -0.891807 0.452416
    outer loop
      vertex 173.333 377.867 59.3229
      vertex 169.333 377.669 58.9326
      vertex 173.333 377.669 58.9326
    endloop
  endfacet
  facet normal -0 0.454326 0.890835
    outer loop
      vertex 169.333 379.823 59.6326
      vertex 173.333 379.433 59.8315
      vertex 173.333 379.823 59.6326
    endloop
  endfacet
  facet normal 0 0.454326 0.890835
    outer loop
      vertex 173.333 379.433 59.8315
      vertex 169.333 379.823 59.6326
      vertex 169.333 379.433 59.8315
    endloop
  endfacet
  facet normal 0 0.454326 -0.890835
    outer loop
      vertex 169.333 379.433 57.1685
      vertex 173.333 379.823 57.3674
      vertex 173.333 379.433 57.1685
    endloop
  endfacet
  facet normal 0 0.454326 -0.890835
    outer loop
      vertex 173.333 379.823 57.3674
      vertex 169.333 379.433 57.1685
      vertex 169.333 379.823 57.3674
    endloop
  endfacet
  facet normal -1 0 0
    outer loop
      vertex 169.333 380.331 58.0674
      vertex 169.333 380.331 58.9326
      vertex 169.333 380.4 58.5
    endloop
  endfacet
  facet normal -1 0 0
    outer loop
      vertex 169.333 380.133 57.6771
      vertex 169.333 380.331 58.9326
      vertex 169.333 380.331 58.0674
    endloop
  endfacet
  facet normal -1 0 0
    outer loop
      vertex 169.333 380.133 57.6771
      vertex 169.333 380.133 59.3229
      vertex 169.333 380.331 58.9326
    endloop
  endfacet
  facet normal -1 0 0
    outer loop
      vertex 169.333 379.823 57.3674
      vertex 169.333 380.133 59.3229
      vertex 169.333 380.133 57.6771
    endloop
  endfacet
  facet normal -1 0 0
    outer loop
      vertex 169.333 379.823 57.3674
      vertex 169.333 379.823 59.6326
      vertex 169.333 380.133 59.3229
    endloop
  endfacet
  facet normal -1 0 0
    outer loop
      vertex 169.333 379.433 57.1685
      vertex 169.333 379.823 59.6326
      vertex 169.333 379.823 57.3674
    endloop
  endfacet
  facet normal -1 0 0
    outer loop
      vertex 169.333 379.433 57.1685
      vertex 169.333 379.433 59.8315
      vertex 169.333 379.823 59.6326
    endloop
  endfacet
  facet normal -1 0 0
    outer loop
      vertex 169.333 379 57.1
      vertex 169.333 379.433 59.8315
      vertex 169.333 379.433 57.1685
    endloop
  endfacet
  facet normal -1 0 0
    outer loop
      vertex 169.333 379 57.1
      vertex 169.333 379 59.9
      vertex 169.333 379.433 59.8315
    endloop
  endfacet
  facet normal -1 0 0
    outer loop
      vertex 169.333 378.567 57.1685
      vertex 169.333 379 59.9
      vertex 169.333 379 57.1
    endloop
  endfacet
  facet normal -1 0 0
    outer loop
      vertex 169.333 378.567 57.1685
      vertex 169.333 378.567 59.8315
      vertex 169.333 379 59.9
    endloop
  endfacet
  facet normal -1 0 0
    outer loop
      vertex 169.333 378.177 57.3674
      vertex 169.333 378.567 59.8315
      vertex 169.333 378.567 57.1685
    endloop
  endfacet
  facet normal -1 0 0
    outer loop
      vertex 169.333 378.177 57.3674
      vertex 169.333 378.177 59.6326
      vertex 169.333 378.567 59.8315
    endloop
  endfacet
  facet normal -1 0 0
    outer loop
      vertex 169.333 377.867 57.6771
      vertex 169.333 378.177 59.6326
      vertex 169.333 378.177 57.3674
    endloop
  endfacet
  facet normal -1 0 0
    outer loop
      vertex 169.333 377.867 57.6771
      vertex 169.333 377.867 59.3229
      vertex 169.333 378.177 59.6326
    endloop
  endfacet
  facet normal -1 0 0
    outer loop
      vertex 169.333 377.669 58.0674
      vertex 169.333 377.867 59.3229
      vertex 169.333 377.867 57.6771
    endloop
  endfacet
  facet normal -1 0 0
    outer loop
      vertex 169.333 377.669 58.0674
      vertex 169.333 377.669 58.9326
      vertex 169.333 377.867 59.3229
    endloop
  endfacet
  facet normal -1 0 -0
    outer loop
      vertex 169.333 377.669 58.9326
      vertex 169.333 377.669 58.0674
      vertex 169.333 377.6 58.5
    endloop
  endfacet
  facet normal 0 0.156255 -0.987717
    outer loop
      vertex 169.333 379 57.1
      vertex 173.333 379.433 57.1685
      vertex 173.333 379 57.1
    endloop
  endfacet
  facet normal 0 0.156255 -0.987717
    outer loop
      vertex 173.333 379.433 57.1685
      vertex 169.333 379 57.1
      vertex 169.333 379.433 57.1685
    endloop
  endfacet
  facet normal 1 0 0
    outer loop
      vertex 173.333 380.331 58.9326
      vertex 173.333 380.331 58.0674
      vertex 173.333 380.4 58.5
    endloop
  endfacet
  facet normal 1 0 0
    outer loop
      vertex 173.333 380.133 59.3229
      vertex 173.333 380.331 58.0674
      vertex 173.333 380.331 58.9326
    endloop
  endfacet
  facet normal 1 0 0
    outer loop
      vertex 173.333 380.133 59.3229
      vertex 173.333 380.133 57.6771
      vertex 173.333 380.331 58.0674
    endloop
  endfacet
  facet normal 1 0 0
    outer loop
      vertex 173.333 379.823 59.6326
      vertex 173.333 380.133 57.6771
      vertex 173.333 380.133 59.3229
    endloop
  endfacet
  facet normal 1 0 0
    outer loop
      vertex 173.333 379.823 59.6326
      vertex 173.333 379.823 57.3674
      vertex 173.333 380.133 57.6771
    endloop
  endfacet
  facet normal 1 0 0
    outer loop
      vertex 173.333 379.433 59.8315
      vertex 173.333 379.823 57.3674
      vertex 173.333 379.823 59.6326
    endloop
  endfacet
  facet normal 1 0 0
    outer loop
      vertex 173.333 379.433 59.8315
      vertex 173.333 379.433 57.1685
      vertex 173.333 379.823 57.3674
    endloop
  endfacet
  facet normal 1 0 0
    outer loop
      vertex 173.333 379 59.9
      vertex 173.333 379.433 57.1685
      vertex 173.333 379.433 59.8315
    endloop
  endfacet
  facet normal 1 0 0
    outer loop
      vertex 173.333 379 59.9
      vertex 173.333 379 57.1
      vertex 173.333 379.433 57.1685
    endloop
  endfacet
  facet normal 1 -0 0
    outer loop
      vertex 173.333 378.567 59.8315
      vertex 173.333 379 57.1
      vertex 173.333 379 59.9
    endloop
  endfacet
  facet normal 1 0 0
    outer loop
      vertex 173.333 378.567 59.8315
      vertex 173.333 378.567 57.1685
      vertex 173.333 379 57.1
    endloop
  endfacet
  facet normal 1 -0 0
    outer loop
      vertex 173.333 378.177 59.6326
      vertex 173.333 378.567 57.1685
      vertex 173.333 378.567 59.8315
    endloop
  endfacet
  facet normal 1 0 0
    outer loop
      vertex 173.333 378.177 59.6326
      vertex 173.333 378.177 57.3674
      vertex 173.333 378.567 57.1685
    endloop
  endfacet
  facet normal 1 -0 0
    outer loop
      vertex 173.333 377.867 59.3229
      vertex 173.333 378.177 57.3674
      vertex 173.333 378.177 59.6326
    endloop
  endfacet
  facet normal 1 0 0
    outer loop
      vertex 173.333 377.867 59.3229
      vertex 173.333 377.867 57.6771
      vertex 173.333 378.177 57.3674
    endloop
  endfacet
  facet normal 1 -0 0
    outer loop
      vertex 173.333 377.669 58.9326
      vertex 173.333 377.867 57.6771
      vertex 173.333 377.867 59.3229
    endloop
  endfacet
  facet normal 1 0 0
    outer loop
      vertex 173.333 377.669 58.9326
      vertex 173.333 377.669 58.0674
      vertex 173.333 377.867 57.6771
    endloop
  endfacet
  facet normal 1 0 -0
    outer loop
      vertex 173.333 377.669 58.0674
      vertex 173.333 377.669 58.9326
      vertex 173.333 377.6 58.5
    endloop
  endfacet
  facet normal 0 -0.454326 -0.890835
    outer loop
      vertex 236.667 378.177 57.3674
      vertex 240.667 378.567 57.1685
      vertex 240.667 378.177 57.3674
    endloop
  endfacet
  facet normal -0 -0.454326 -0.890835
    outer loop
      vertex 240.667 378.567 57.1685
      vertex 236.667 378.177 57.3674
      vertex 236.667 378.567 57.1685
    endloop
  endfacet
  facet normal 0 0.706764 -0.707449
    outer loop
      vertex 240.667 379.823 57.3674
      vertex 236.667 380.133 57.6771
      vertex 240.667 380.133 57.6771
    endloop
  endfacet
  facet normal 0 0.706764 -0.707449
    outer loop
      vertex 236.667 380.133 57.6771
      vertex 240.667 379.823 57.3674
      vertex 236.667 379.823 57.3674
    endloop
  endfacet
  facet normal 0 -0.891807 -0.452416
    outer loop
      vertex 236.667 377.867 57.6771
      vertex 240.667 377.669 58.0674
      vertex 236.667 377.669 58.0674
    endloop
  endfacet
  facet normal 0 -0.891807 -0.452416
    outer loop
      vertex 240.667 377.669 58.0674
      vertex 236.667 377.867 57.6771
      vertex 240.667 377.867 57.6771
    endloop
  endfacet
  facet normal 0 -0.156255 0.987717
    outer loop
      vertex 236.667 379 59.9
      vertex 240.667 378.567 59.8315
      vertex 240.667 379 59.9
    endloop
  endfacet
  facet normal 0 -0.156255 0.987717
    outer loop
      vertex 240.667 378.567 59.8315
      vertex 236.667 379 59.9
      vertex 236.667 378.567 59.8315
    endloop
  endfacet
  facet normal 0 -0.706764 0.707449
    outer loop
      vertex 236.667 377.867 59.3229
      vertex 240.667 378.177 59.6326
      vertex 236.667 378.177 59.6326
    endloop
  endfacet
  facet normal 0 -0.706764 0.707449
    outer loop
      vertex 240.667 378.177 59.6326
      vertex 236.667 377.867 59.3229
      vertex 240.667 377.867 59.3229
    endloop
  endfacet
  facet normal 0 -0.987517 0.15751
    outer loop
      vertex 236.667 377.6 58.5
      vertex 240.667 377.669 58.9326
      vertex 236.667 377.669 58.9326
    endloop
  endfacet
  facet normal 0 -0.987517 0.15751
    outer loop
      vertex 240.667 377.669 58.9326
      vertex 236.667 377.6 58.5
      vertex 240.667 377.6 58.5
    endloop
  endfacet
  facet normal 1 0 0
    outer loop
      vertex 240.667 380.331 58.9326
      vertex 240.667 380.331 58.0674
      vertex 240.667 380.4 58.5
    endloop
  endfacet
  facet normal 1 0 0
    outer loop
      vertex 240.667 380.133 59.3229
      vertex 240.667 380.331 58.0674
      vertex 240.667 380.331 58.9326
    endloop
  endfacet
  facet normal 1 0 0
    outer loop
      vertex 240.667 380.133 59.3229
      vertex 240.667 380.133 57.6771
      vertex 240.667 380.331 58.0674
    endloop
  endfacet
  facet normal 1 0 0
    outer loop
      vertex 240.667 379.823 59.6326
      vertex 240.667 380.133 57.6771
      vertex 240.667 380.133 59.3229
    endloop
  endfacet
  facet normal 1 0 0
    outer loop
      vertex 240.667 379.823 59.6326
      vertex 240.667 379.823 57.3674
      vertex 240.667 380.133 57.6771
    endloop
  endfacet
  facet normal 1 0 0
    outer loop
      vertex 240.667 379.433 59.8315
      vertex 240.667 379.823 57.3674
      vertex 240.667 379.823 59.6326
    endloop
  endfacet
  facet normal 1 0 0
    outer loop
      vertex 240.667 379.433 59.8315
      vertex 240.667 379.433 57.1685
      vertex 240.667 379.823 57.3674
    endloop
  endfacet
  facet normal 1 0 0
    outer loop
      vertex 240.667 379 59.9
      vertex 240.667 379.433 57.1685
      vertex 240.667 379.433 59.8315
    endloop
  endfacet
  facet normal 1 0 0
    outer loop
      vertex 240.667 379 59.9
      vertex 240.667 379 57.1
      vertex 240.667 379.433 57.1685
    endloop
  endfacet
  facet normal 1 -0 0
    outer loop
      vertex 240.667 378.567 59.8315
      vertex 240.667 379 57.1
      vertex 240.667 379 59.9
    endloop
  endfacet
  facet normal 1 0 0
    outer loop
      vertex 240.667 378.567 59.8315
      vertex 240.667 378.567 57.1685
      vertex 240.667 379 57.1
    endloop
  endfacet
  facet normal 1 -0 0
    outer loop
      vertex 240.667 378.177 59.6326
      vertex 240.667 378.567 57.1685
      vertex 240.667 378.567 59.8315
    endloop
  endfacet
  facet normal 1 0 0
    outer loop
      vertex 240.667 378.177 59.6326
      vertex 240.667 378.177 57.3674
      vertex 240.667 378.567 57.1685
    endloop
  endfacet
  facet normal 1 -0 0
    outer loop
      vertex 240.667 377.867 59.3229
      vertex 240.667 378.177 57.3674
      vertex 240.667 378.177 59.6326
    endloop
  endfacet
  facet normal 1 0 0
    outer loop
      vertex 240.667 377.867 59.3229
      vertex 240.667 377.867 57.6771
      vertex 240.667 378.177 57.3674
    endloop
  endfacet
  facet normal 1 -0 0
    outer loop
      vertex 240.667 377.669 58.9326
      vertex 240.667 377.867 57.6771
      vertex 240.667 377.867 59.3229
    endloop
  endfacet
  facet normal 1 0 0
    outer loop
      vertex 240.667 377.669 58.9326
      vertex 240.667 377.669 58.0674
      vertex 240.667 377.867 57.6771
    endloop
  endfacet
  facet normal 1 0 -0
    outer loop
      vertex 240.667 377.669 58.0674
      vertex 240.667 377.669 58.9326
      vertex 240.667 377.6 58.5
    endloop
  endfacet
  facet normal 0 0.987517 0.15751
    outer loop
      vertex 240.667 380.4 58.5
      vertex 236.667 380.331 58.9326
      vertex 240.667 380.331 58.9326
    endloop
  endfacet
  facet normal 0 0.987517 0.15751
    outer loop
      vertex 236.667 380.331 58.9326
      vertex 240.667 380.4 58.5
      vertex 236.667 380.4 58.5
    endloop
  endfacet
  facet normal 0 -0.156255 -0.987717
    outer loop
      vertex 236.667 378.567 57.1685
      vertex 240.667 379 57.1
      vertex 240.667 378.567 57.1685
    endloop
  endfacet
  facet normal -0 -0.156255 -0.987717
    outer loop
      vertex 240.667 379 57.1
      vertex 236.667 378.567 57.1685
      vertex 236.667 379 57.1
    endloop
  endfacet
  facet normal 0 0.454326 -0.890835
    outer loop
      vertex 236.667 379.433 57.1685
      vertex 240.667 379.823 57.3674
      vertex 240.667 379.433 57.1685
    endloop
  endfacet
  facet normal 0 0.454326 -0.890835
    outer loop
      vertex 240.667 379.823 57.3674
      vertex 236.667 379.433 57.1685
      vertex 236.667 379.823 57.3674
    endloop
  endfacet
  facet normal 0 -0.706764 -0.707449
    outer loop
      vertex 236.667 378.177 57.3674
      vertex 240.667 377.867 57.6771
      vertex 236.667 377.867 57.6771
    endloop
  endfacet
  facet normal 0 -0.706764 -0.707449
    outer loop
      vertex 240.667 377.867 57.6771
      vertex 236.667 378.177 57.3674
      vertex 240.667 378.177 57.3674
    endloop
  endfacet
  facet normal 0 0.706764 0.707449
    outer loop
      vertex 240.667 380.133 59.3229
      vertex 236.667 379.823 59.6326
      vertex 240.667 379.823 59.6326
    endloop
  endfacet
  facet normal 0 0.706764 0.707449
    outer loop
      vertex 236.667 379.823 59.6326
      vertex 240.667 380.133 59.3229
      vertex 236.667 380.133 59.3229
    endloop
  endfacet
  facet normal 0 -0.454326 0.890835
    outer loop
      vertex 236.667 378.567 59.8315
      vertex 240.667 378.177 59.6326
      vertex 240.667 378.567 59.8315
    endloop
  endfacet
  facet normal 0 -0.454326 0.890835
    outer loop
      vertex 240.667 378.177 59.6326
      vertex 236.667 378.567 59.8315
      vertex 236.667 378.177 59.6326
    endloop
  endfacet
  facet normal 0 0.891807 0.452416
    outer loop
      vertex 240.667 380.331 58.9326
      vertex 236.667 380.133 59.3229
      vertex 240.667 380.133 59.3229
    endloop
  endfacet
  facet normal 0 0.891807 0.452416
    outer loop
      vertex 236.667 380.133 59.3229
      vertex 240.667 380.331 58.9326
      vertex 236.667 380.331 58.9326
    endloop
  endfacet
  facet normal 0 0.891807 -0.452416
    outer loop
      vertex 240.667 380.133 57.6771
      vertex 236.667 380.331 58.0674
      vertex 240.667 380.331 58.0674
    endloop
  endfacet
  facet normal 0 0.891807 -0.452416
    outer loop
      vertex 236.667 380.331 58.0674
      vertex 240.667 380.133 57.6771
      vertex 236.667 380.133 57.6771
    endloop
  endfacet
  facet normal -0 0.156255 0.987717
    outer loop
      vertex 236.667 379.433 59.8315
      vertex 240.667 379 59.9
      vertex 240.667 379.433 59.8315
    endloop
  endfacet
  facet normal 0 0.156255 0.987717
    outer loop
      vertex 240.667 379 59.9
      vertex 236.667 379.433 59.8315
      vertex 236.667 379 59.9
    endloop
  endfacet
  facet normal 0 -0.987517 -0.15751
    outer loop
      vertex 236.667 377.669 58.0674
      vertex 240.667 377.6 58.5
      vertex 236.667 377.6 58.5
    endloop
  endfacet
  facet normal 0 -0.987517 -0.15751
    outer loop
      vertex 240.667 377.6 58.5
      vertex 236.667 377.669 58.0674
      vertex 240.667 377.669 58.0674
    endloop
  endfacet
  facet normal 0 0.987517 -0.15751
    outer loop
      vertex 240.667 380.331 58.0674
      vertex 236.667 380.4 58.5
      vertex 240.667 380.4 58.5
    endloop
  endfacet
  facet normal 0 0.987517 -0.15751
    outer loop
      vertex 236.667 380.4 58.5
      vertex 240.667 380.331 58.0674
      vertex 236.667 380.331 58.0674
    endloop
  endfacet
  facet normal 0 -0.891807 0.452416
    outer loop
      vertex 236.667 377.669 58.9326
      vertex 240.667 377.867 59.3229
      vertex 236.667 377.867 59.3229
    endloop
  endfacet
  facet normal 0 -0.891807 0.452416
    outer loop
      vertex 240.667 377.867 59.3229
      vertex 236.667 377.669 58.9326
      vertex 240.667 377.669 58.9326
    endloop
  endfacet
  facet normal -0 0.454326 0.890835
    outer loop
      vertex 236.667 379.823 59.6326
      vertex 240.667 379.433 59.8315
      vertex 240.667 379.823 59.6326
    endloop
  endfacet
  facet normal 0 0.454326 0.890835
    outer loop
      vertex 240.667 379.433 59.8315
      vertex 236.667 379.823 59.6326
      vertex 236.667 379.433 59.8315
    endloop
  endfacet
  facet normal -1 0 0
    outer loop
      vertex 236.667 380.331 58.0674
      vertex 236.667 380.331 58.9326
      vertex 236.667 380.4 58.5
    endloop
  endfacet
  facet normal -1 0 0
    outer loop
      vertex 236.667 380.133 57.6771
      vertex 236.667 380.331 58.9326
      vertex 236.667 380.331 58.0674
    endloop
  endfacet
  facet normal -1 0 0
    outer loop
      vertex 236.667 380.133 57.6771
      vertex 236.667 380.133 59.3229
      vertex 236.667 380.331 58.9326
    endloop
  endfacet
  facet normal -1 0 0
    outer loop
      vertex 236.667 379.823 57.3674
      vertex 236.667 380.133 59.3229
      vertex 236.667 380.133 57.6771
    endloop
  endfacet
  facet normal -1 0 0
    outer loop
      vertex 236.667 379.823 57.3674
      vertex 236.667 379.823 59.6326
      vertex 236.667 380.133 59.3229
    endloop
  endfacet
  facet normal -1 0 0
    outer loop
      vertex 236.667 379.433 57.1685
      vertex 236.667 379.823 59.6326
      vertex 236.667 379.823 57.3674
    endloop
  endfacet
  facet normal -1 0 0
    outer loop
      vertex 236.667 379.433 57.1685
      vertex 236.667 379.433 59.8315
      vertex 236.667 379.823 59.6326
    endloop
  endfacet
  facet normal -1 0 0
    outer loop
      vertex 236.667 379 57.1
      vertex 236.667 379.433 59.8315
      vertex 236.667 379.433 57.1685
    endloop
  endfacet
  facet normal -1 0 0
    outer loop
      vertex 236.667 379 57.1
      vertex 236.667 379 59.9
      vertex 236.667 379.433 59.8315
    endloop
  endfacet
  facet normal -1 0 0
    outer loop
      vertex 236.667 378.567 57.1685
      vertex 236.667 379 59.9
      vertex 236.667 379 57.1
    endloop
  endfacet
  facet normal -1 0 0
    outer loop
      vertex 236.667 378.567 57.1685
      vertex 236.667 378.567 59.8315
      vertex 236.667 379 59.9
    endloop
  endfacet
  facet normal -1 0 0
    outer loop
      vertex 236.667 378.177 57.3674
      vertex 236.667 378.567 59.8315
      vertex 236.667 378.567 57.1685
    endloop
  endfacet
  facet normal -1 0 0
    outer loop
      vertex 236.667 378.177 57.3674
      vertex 236.667 378.177 59.6326
      vertex 236.667 378.567 59.8315
    endloop
  endfacet
  facet normal -1 0 0
    outer loop
      vertex 236.667 377.867 57.6771
      vertex 236.667 378.177 59.6326
      vertex 236.667 378.177 57.3674
    endloop
  endfacet
  facet normal -1 0 0
    outer loop
      vertex 236.667 377.867 57.6771
      vertex 236.667 377.867 59.3229
      vertex 236.667 378.177 59.6326
    endloop
  endfacet
  facet normal -1 0 0
    outer loop
      vertex 236.667 377.669 58.0674
      vertex 236.667 377.867 59.3229
      vertex 236.667 377.867 57.6771
    endloop
  endfacet
  facet normal -1 0 0
    outer loop
      vertex 236.667 377.669 58.0674
      vertex 236.667 377.669 58.9326
      vertex 236.667 377.867 59.3229
    endloop
  endfacet
  facet normal -1 0 -0
    outer loop
      vertex 236.667 377.669 58.9326
      vertex 236.667 377.669 58.0674
      vertex 236.667 377.6 58.5
    endloop
  endfacet
  facet normal 0 0.156255 -0.987717
    outer loop
      vertex 236.667 379 57.1
      vertex 240.667 379.433 57.1685
      vertex 240.667 379 57.1
    endloop
  endfacet
  facet normal 0 0.156255 -0.987717
    outer loop
      vertex 240.667 379.433 57.1685
      vertex 236.667 379 57.1
      vertex 236.667 379.433 57.1685
    endloop
  endfacet
  facet normal 0 -0.454326 -0.890835
    outer loop
      vertex 304 378.177 57.3674
      vertex 308 378.567 57.1685
      vertex 308 378.177 57.3674
    endloop
  endfacet
  facet normal -0 -0.454326 -0.890835
    outer loop
      vertex 308 378.567 57.1685
      vertex 304 378.177 57.3674
      vertex 304 378.567 57.1685
    endloop
  endfacet
  facet normal 0 0.706764 -0.707449
    outer loop
      vertex 308 379.823 57.3674
      vertex 304 380.133 57.6771
      vertex 308 380.133 57.6771
    endloop
  endfacet
  facet normal 0 0.706764 -0.707449
    outer loop
      vertex 304 380.133 57.6771
      vertex 308 379.823 57.3674
      vertex 304 379.823 57.3674
    endloop
  endfacet
  facet normal 0 -0.891807 -0.452416
    outer loop
      vertex 304 377.867 57.6771
      vertex 308 377.669 58.0674
      vertex 304 377.669 58.0674
    endloop
  endfacet
  facet normal 0 -0.891807 -0.452416
    outer loop
      vertex 308 377.669 58.0674
      vertex 304 377.867 57.6771
      vertex 308 377.867 57.6771
    endloop
  endfacet
  facet normal 0 -0.156255 0.987717
    outer loop
      vertex 304 379 59.9
      vertex 308 378.567 59.8315
      vertex 308 379 59.9
    endloop
  endfacet
  facet normal 0 -0.156255 0.987717
    outer loop
      vertex 308 378.567 59.8315
      vertex 304 379 59.9
      vertex 304 378.567 59.8315
    endloop
  endfacet
  facet normal 0 -0.706764 0.707449
    outer loop
      vertex 304 377.867 59.3229
      vertex 308 378.177 59.6326
      vertex 304 378.177 59.6326
    endloop
  endfacet
  facet normal 0 -0.706764 0.707449
    outer loop
      vertex 308 378.177 59.6326
      vertex 304 377.867 59.3229
      vertex 308 377.867 59.3229
    endloop
  endfacet
  facet normal 0 -0.987517 0.15751
    outer loop
      vertex 304 377.6 58.5
      vertex 308 377.669 58.9326
      vertex 304 377.669 58.9326
    endloop
  endfacet
  facet normal 0 -0.987517 0.15751
    outer loop
      vertex 308 377.669 58.9326
      vertex 304 377.6 58.5
      vertex 308 377.6 58.5
    endloop
  endfacet
  facet normal 0 0.987517 0.15751
    outer loop
      vertex 308 380.4 58.5
      vertex 304 380.331 58.9326
      vertex 308 380.331 58.9326
    endloop
  endfacet
  facet normal 0 0.987517 0.15751
    outer loop
      vertex 304 380.331 58.9326
      vertex 308 380.4 58.5
      vertex 304 380.4 58.5
    endloop
  endfacet
  facet normal 0 -0.156255 -0.987717
    outer loop
      vertex 304 378.567 57.1685
      vertex 308 379 57.1
      vertex 308 378.567 57.1685
    endloop
  endfacet
  facet normal -0 -0.156255 -0.987717
    outer loop
      vertex 308 379 57.1
      vertex 304 378.567 57.1685
      vertex 304 379 57.1
    endloop
  endfacet
  facet normal 0 0.454326 -0.890835
    outer loop
      vertex 304 379.433 57.1685
      vertex 308 379.823 57.3674
      vertex 308 379.433 57.1685
    endloop
  endfacet
  facet normal 0 0.454326 -0.890835
    outer loop
      vertex 308 379.823 57.3674
      vertex 304 379.433 57.1685
      vertex 304 379.823 57.3674
    endloop
  endfacet
  facet normal 0 -0.706764 -0.707449
    outer loop
      vertex 304 378.177 57.3674
      vertex 308 377.867 57.6771
      vertex 304 377.867 57.6771
    endloop
  endfacet
  facet normal 0 -0.706764 -0.707449
    outer loop
      vertex 308 377.867 57.6771
      vertex 304 378.177 57.3674
      vertex 308 378.177 57.3674
    endloop
  endfacet
  facet normal 0 0.706764 0.707449
    outer loop
      vertex 308 380.133 59.3229
      vertex 304 379.823 59.6326
      vertex 308 379.823 59.6326
    endloop
  endfacet
  facet normal 0 0.706764 0.707449
    outer loop
      vertex 304 379.823 59.6326
      vertex 308 380.133 59.3229
      vertex 304 380.133 59.3229
    endloop
  endfacet
  facet normal 0 -0.454326 0.890835
    outer loop
      vertex 304 378.567 59.8315
      vertex 308 378.177 59.6326
      vertex 308 378.567 59.8315
    endloop
  endfacet
  facet normal 0 -0.454326 0.890835
    outer loop
      vertex 308 378.177 59.6326
      vertex 304 378.567 59.8315
      vertex 304 378.177 59.6326
    endloop
  endfacet
  facet normal 0 0.891807 0.452416
    outer loop
      vertex 308 380.331 58.9326
      vertex 304 380.133 59.3229
      vertex 308 380.133 59.3229
    endloop
  endfacet
  facet normal 0 0.891807 0.452416
    outer loop
      vertex 304 380.133 59.3229
      vertex 308 380.331 58.9326
      vertex 304 380.331 58.9326
    endloop
  endfacet
  facet normal 0 0.891807 -0.452416
    outer loop
      vertex 308 380.133 57.6771
      vertex 304 380.331 58.0674
      vertex 308 380.331 58.0674
    endloop
  endfacet
  facet normal 0 0.891807 -0.452416
    outer loop
      vertex 304 380.331 58.0674
      vertex 308 380.133 57.6771
      vertex 304 380.133 57.6771
    endloop
  endfacet
  facet normal -0 0.156255 0.987717
    outer loop
      vertex 304 379.433 59.8315
      vertex 308 379 59.9
      vertex 308 379.433 59.8315
    endloop
  endfacet
  facet normal 0 0.156255 0.987717
    outer loop
      vertex 308 379 59.9
      vertex 304 379.433 59.8315
      vertex 304 379 59.9
    endloop
  endfacet
  facet normal 0 -0.987517 -0.15751
    outer loop
      vertex 304 377.669 58.0674
      vertex 308 377.6 58.5
      vertex 304 377.6 58.5
    endloop
  endfacet
  facet normal 0 -0.987517 -0.15751
    outer loop
      vertex 308 377.6 58.5
      vertex 304 377.669 58.0674
      vertex 308 377.669 58.0674
    endloop
  endfacet
  facet normal 0 0.987517 -0.15751
    outer loop
      vertex 308 380.331 58.0674
      vertex 304 380.4 58.5
      vertex 308 380.4 58.5
    endloop
  endfacet
  facet normal 0 0.987517 -0.15751
    outer loop
      vertex 304 380.4 58.5
      vertex 308 380.331 58.0674
      vertex 304 380.331 58.0674
    endloop
  endfacet
  facet normal 0 -0.891807 0.452416
    outer loop
      vertex 304 377.669 58.9326
      vertex 308 377.867 59.3229
      vertex 304 377.867 59.3229
    endloop
  endfacet
  facet normal 0 -0.891807 0.452416
    outer loop
      vertex 308 377.867 59.3229
      vertex 304 377.669 58.9326
      vertex 308 377.669 58.9326
    endloop
  endfacet
  facet normal -0 0.454326 0.890835
    outer loop
      vertex 304 379.823 59.6326
      vertex 308 379.433 59.8315
      vertex 308 379.823 59.6326
    endloop
  endfacet
  facet normal 0 0.454326 0.890835
    outer loop
      vertex 308 379.433 59.8315
      vertex 304 379.823 59.6326
      vertex 304 379.433 59.8315
    endloop
  endfacet
  facet normal 1 0 0
    outer loop
      vertex 308 380.331 58.9326
      vertex 308 380.331 58.0674
      vertex 308 380.4 58.5
    endloop
  endfacet
  facet normal 1 0 0
    outer loop
      vertex 308 380.133 59.3229
      vertex 308 380.331 58.0674
      vertex 308 380.331 58.9326
    endloop
  endfacet
  facet normal 1 0 0
    outer loop
      vertex 308 380.133 59.3229
      vertex 308 380.133 57.6771
      vertex 308 380.331 58.0674
    endloop
  endfacet
  facet normal 1 0 0
    outer loop
      vertex 308 379.823 59.6326
      vertex 308 380.133 57.6771
      vertex 308 380.133 59.3229
    endloop
  endfacet
  facet normal 1 0 0
    outer loop
      vertex 308 379.823 59.6326
      vertex 308 379.823 57.3674
      vertex 308 380.133 57.6771
    endloop
  endfacet
  facet normal 1 0 0
    outer loop
      vertex 308 379.433 59.8315
      vertex 308 379.823 57.3674
      vertex 308 379.823 59.6326
    endloop
  endfacet
  facet normal 1 0 0
    outer loop
      vertex 308 379.433 59.8315
      vertex 308 379.433 57.1685
      vertex 308 379.823 57.3674
    endloop
  endfacet
  facet normal 1 0 0
    outer loop
      vertex 308 379 59.9
      vertex 308 379.433 57.1685
      vertex 308 379.433 59.8315
    endloop
  endfacet
  facet normal 1 0 0
    outer loop
      vertex 308 379 59.9
      vertex 308 379 57.1
      vertex 308 379.433 57.1685
    endloop
  endfacet
  facet normal 1 -0 0
    outer loop
      vertex 308 378.567 59.8315
      vertex 308 379 57.1
      vertex 308 379 59.9
    endloop
  endfacet
  facet normal 1 0 0
    outer loop
      vertex 308 378.567 59.8315
      vertex 308 378.567 57.1685
      vertex 308 379 57.1
    endloop
  endfacet
  facet normal 1 -0 0
    outer loop
      vertex 308 378.177 59.6326
      vertex 308 378.567 57.1685
      vertex 308 378.567 59.8315
    endloop
  endfacet
  facet normal 1 0 0
    outer loop
      vertex 308 378.177 59.6326
      vertex 308 378.177 57.3674
      vertex 308 378.567 57.1685
    endloop
  endfacet
  facet normal 1 -0 0
    outer loop
      vertex 308 377.867 59.3229
      vertex 308 378.177 57.3674
      vertex 308 378.177 59.6326
    endloop
  endfacet
  facet normal 1 0 0
    outer loop
      vertex 308 377.867 59.3229
      vertex 308 377.867 57.6771
      vertex 308 378.177 57.3674
    endloop
  endfacet
  facet normal 1 -0 0
    outer loop
      vertex 308 377.669 58.9326
      vertex 308 377.867 57.6771
      vertex 308 377.867 59.3229
    endloop
  endfacet
  facet normal 1 0 0
    outer loop
      vertex 308 377.669 58.9326
      vertex 308 377.669 58.0674
      vertex 308 377.867 57.6771
    endloop
  endfacet
  facet normal 1 0 -0
    outer loop
      vertex 308 377.669 58.0674
      vertex 308 377.669 58.9326
      vertex 308 377.6 58.5
    endloop
  endfacet
  facet normal -1 0 0
    outer loop
      vertex 304 380.331 58.0674
      vertex 304 380.331 58.9326
      vertex 304 380.4 58.5
    endloop
  endfacet
  facet normal -1 0 0
    outer loop
      vertex 304 380.133 57.6771
      vertex 304 380.331 58.9326
      vertex 304 380.331 58.0674
    endloop
  endfacet
  facet normal -1 0 0
    outer loop
      vertex 304 380.133 57.6771
      vertex 304 380.133 59.3229
      vertex 304 380.331 58.9326
    endloop
  endfacet
  facet normal -1 0 0
    outer loop
      vertex 304 379.823 57.3674
      vertex 304 380.133 59.3229
      vertex 304 380.133 57.6771
    endloop
  endfacet
  facet normal -1 0 0
    outer loop
      vertex 304 379.823 57.3674
      vertex 304 379.823 59.6326
      vertex 304 380.133 59.3229
    endloop
  endfacet
  facet normal -1 0 0
    outer loop
      vertex 304 379.433 57.1685
      vertex 304 379.823 59.6326
      vertex 304 379.823 57.3674
    endloop
  endfacet
  facet normal -1 0 0
    outer loop
      vertex 304 379.433 57.1685
      vertex 304 379.433 59.8315
      vertex 304 379.823 59.6326
    endloop
  endfacet
  facet normal -1 0 0
    outer loop
      vertex 304 379 57.1
      vertex 304 379.433 59.8315
      vertex 304 379.433 57.1685
    endloop
  endfacet
  facet normal -1 0 0
    outer loop
      vertex 304 379 57.1
      vertex 304 379 59.9
      vertex 304 379.433 59.8315
    endloop
  endfacet
  facet normal -1 0 0
    outer loop
      vertex 304 378.567 57.1685
      vertex 304 379 59.9
      vertex 304 379 57.1
    endloop
  endfacet
  facet normal -1 0 0
    outer loop
      vertex 304 378.567 57.1685
      vertex 304 378.567 59.8315
      vertex 304 379 59.9
    endloop
  endfacet
  facet normal -1 0 0
    outer loop
      vertex 304 378.177 57.3674
      vertex 304 378.567 59.8315
      vertex 304 378.567 57.1685
    endloop
  endfacet
  facet normal -1 0 0
    outer loop
      vertex 304 378.177 57.3674
      vertex 304 378.177 59.6326
      vertex 304 378.567 59.8315
    endloop
  endfacet
  facet normal -1 0 0
    outer loop
      vertex 304 377.867 57.6771
      vertex 304 378.177 59.6326
      vertex 304 378.177 57.3674
    endloop
  endfacet
  facet normal -1 0 0
    outer loop
      vertex 304 377.867 57.6771
      vertex 304 377.867 59.3229
      vertex 304 378.177 59.6326
    endloop
  endfacet
  facet normal -1 0 0
    outer loop
      vertex 304 377.669 58.0674
      vertex 304 377.867 59.3229
      vertex 304 377.867 57.6771
    endloop
  endfacet
  facet normal -1 0 0
    outer loop
      vertex 304 377.669 58.0674
      vertex 304 377.669 58.9326
      vertex 304 377.867 59.3229
    endloop
  endfacet
  facet normal -1 0 -0
    outer loop
      vertex 304 377.669 58.9326
      vertex 304 377.669 58.0674
      vertex 304 377.6 58.5
    endloop
  endfacet
  facet normal 0 0.156255 -0.987717
    outer loop
      vertex 304 379 57.1
      vertex 308 379.433 57.1685
      vertex 308 379 57.1
    endloop
  endfacet
  facet normal 0 0.156255 -0.987717
    outer loop
      vertex 308 379.433 57.1685
      vertex 304 379 57.1
      vertex 304 379.433 57.1685
    endloop
  endfacet
  facet normal 0 -0.454326 -0.890835
    outer loop
      vertex 371.333 378.177 57.3674
      vertex 375.333 378.567 57.1685
      vertex 375.333 378.177 57.3674
    endloop
  endfacet
  facet normal -0 -0.454326 -0.890835
    outer loop
      vertex 375.333 378.567 57.1685
      vertex 371.333 378.177 57.3674
      vertex 371.333 378.567 57.1685
    endloop
  endfacet
  facet normal -1 0 0
    outer loop
      vertex 371.333 380.331 58.0674
      vertex 371.333 380.331 58.9326
      vertex 371.333 380.4 58.5
    endloop
  endfacet
  facet normal -1 0 0
    outer loop
      vertex 371.333 380.133 57.6771
      vertex 371.333 380.331 58.9326
      vertex 371.333 380.331 58.0674
    endloop
  endfacet
  facet normal -1 0 0
    outer loop
      vertex 371.333 380.133 57.6771
      vertex 371.333 380.133 59.3229
      vertex 371.333 380.331 58.9326
    endloop
  endfacet
  facet normal -1 0 0
    outer loop
      vertex 371.333 379.823 57.3674
      vertex 371.333 380.133 59.3229
      vertex 371.333 380.133 57.6771
    endloop
  endfacet
  facet normal -1 0 0
    outer loop
      vertex 371.333 379.823 57.3674
      vertex 371.333 379.823 59.6326
      vertex 371.333 380.133 59.3229
    endloop
  endfacet
  facet normal -1 0 0
    outer loop
      vertex 371.333 379.433 57.1685
      vertex 371.333 379.823 59.6326
      vertex 371.333 379.823 57.3674
    endloop
  endfacet
  facet normal -1 0 0
    outer loop
      vertex 371.333 379.433 57.1685
      vertex 371.333 379.433 59.8315
      vertex 371.333 379.823 59.6326
    endloop
  endfacet
  facet normal -1 0 0
    outer loop
      vertex 371.333 379 57.1
      vertex 371.333 379.433 59.8315
      vertex 371.333 379.433 57.1685
    endloop
  endfacet
  facet normal -1 0 0
    outer loop
      vertex 371.333 379 57.1
      vertex 371.333 379 59.9
      vertex 371.333 379.433 59.8315
    endloop
  endfacet
  facet normal -1 0 0
    outer loop
      vertex 371.333 378.567 57.1685
      vertex 371.333 379 59.9
      vertex 371.333 379 57.1
    endloop
  endfacet
  facet normal -1 0 0
    outer loop
      vertex 371.333 378.567 57.1685
      vertex 371.333 378.567 59.8315
      vertex 371.333 379 59.9
    endloop
  endfacet
  facet normal -1 0 0
    outer loop
      vertex 371.333 378.177 57.3674
      vertex 371.333 378.567 59.8315
      vertex 371.333 378.567 57.1685
    endloop
  endfacet
  facet normal -1 0 0
    outer loop
      vertex 371.333 378.177 57.3674
      vertex 371.333 378.177 59.6326
      vertex 371.333 378.567 59.8315
    endloop
  endfacet
  facet normal -1 0 0
    outer loop
      vertex 371.333 377.867 57.6771
      vertex 371.333 378.177 59.6326
      vertex 371.333 378.177 57.3674
    endloop
  endfacet
  facet normal -1 0 0
    outer loop
      vertex 371.333 377.867 57.6771
      vertex 371.333 377.867 59.3229
      vertex 371.333 378.177 59.6326
    endloop
  endfacet
  facet normal -1 0 0
    outer loop
      vertex 371.333 377.669 58.0674
      vertex 371.333 377.867 59.3229
      vertex 371.333 377.867 57.6771
    endloop
  endfacet
  facet normal -1 0 0
    outer loop
      vertex 371.333 377.669 58.0674
      vertex 371.333 377.669 58.9326
      vertex 371.333 377.867 59.3229
    endloop
  endfacet
  facet normal -1 0 -0
    outer loop
      vertex 371.333 377.669 58.9326
      vertex 371.333 377.669 58.0674
      vertex 371.333 377.6 58.5
    endloop
  endfacet
  facet normal 0 0.706764 -0.707449
    outer loop
      vertex 375.333 379.823 57.3674
      vertex 371.333 380.133 57.6771
      vertex 375.333 380.133 57.6771
    endloop
  endfacet
  facet normal 0 0.706764 -0.707449
    outer loop
      vertex 371.333 380.133 57.6771
      vertex 375.333 379.823 57.3674
      vertex 371.333 379.823 57.3674
    endloop
  endfacet
  facet normal 0 -0.891807 -0.452416
    outer loop
      vertex 371.333 377.867 57.6771
      vertex 375.333 377.669 58.0674
      vertex 371.333 377.669 58.0674
    endloop
  endfacet
  facet normal 0 -0.891807 -0.452416
    outer loop
      vertex 375.333 377.669 58.0674
      vertex 371.333 377.867 57.6771
      vertex 375.333 377.867 57.6771
    endloop
  endfacet
  facet normal 0 -0.156255 0.987717
    outer loop
      vertex 371.333 379 59.9
      vertex 375.333 378.567 59.8315
      vertex 375.333 379 59.9
    endloop
  endfacet
  facet normal 0 -0.156255 0.987717
    outer loop
      vertex 375.333 378.567 59.8315
      vertex 371.333 379 59.9
      vertex 371.333 378.567 59.8315
    endloop
  endfacet
  facet normal 0 -0.706764 0.707449
    outer loop
      vertex 371.333 377.867 59.3229
      vertex 375.333 378.177 59.6326
      vertex 371.333 378.177 59.6326
    endloop
  endfacet
  facet normal 0 -0.706764 0.707449
    outer loop
      vertex 375.333 378.177 59.6326
      vertex 371.333 377.867 59.3229
      vertex 375.333 377.867 59.3229
    endloop
  endfacet
  facet normal 0 -0.987517 0.15751
    outer loop
      vertex 371.333 377.6 58.5
      vertex 375.333 377.669 58.9326
      vertex 371.333 377.669 58.9326
    endloop
  endfacet
  facet normal 0 -0.987517 0.15751
    outer loop
      vertex 375.333 377.669 58.9326
      vertex 371.333 377.6 58.5
      vertex 375.333 377.6 58.5
    endloop
  endfacet
  facet normal 1 0 0
    outer loop
      vertex 375.333 380.331 58.9326
      vertex 375.333 380.331 58.0674
      vertex 375.333 380.4 58.5
    endloop
  endfacet
  facet normal 1 0 0
    outer loop
      vertex 375.333 380.133 59.3229
      vertex 375.333 380.331 58.0674
      vertex 375.333 380.331 58.9326
    endloop
  endfacet
  facet normal 1 0 0
    outer loop
      vertex 375.333 380.133 59.3229
      vertex 375.333 380.133 57.6771
      vertex 375.333 380.331 58.0674
    endloop
  endfacet
  facet normal 1 0 0
    outer loop
      vertex 375.333 379.823 59.6326
      vertex 375.333 380.133 57.6771
      vertex 375.333 380.133 59.3229
    endloop
  endfacet
  facet normal 1 0 0
    outer loop
      vertex 375.333 379.823 59.6326
      vertex 375.333 379.823 57.3674
      vertex 375.333 380.133 57.6771
    endloop
  endfacet
  facet normal 1 0 0
    outer loop
      vertex 375.333 379.433 59.8315
      vertex 375.333 379.823 57.3674
      vertex 375.333 379.823 59.6326
    endloop
  endfacet
  facet normal 1 0 0
    outer loop
      vertex 375.333 379.433 59.8315
      vertex 375.333 379.433 57.1685
      vertex 375.333 379.823 57.3674
    endloop
  endfacet
  facet normal 1 0 0
    outer loop
      vertex 375.333 379 59.9
      vertex 375.333 379.433 57.1685
      vertex 375.333 379.433 59.8315
    endloop
  endfacet
  facet normal 1 0 0
    outer loop
      vertex 375.333 379 59.9
      vertex 375.333 379 57.1
      vertex 375.333 379.433 57.1685
    endloop
  endfacet
  facet normal 1 -0 0
    outer loop
      vertex 375.333 378.567 59.8315
      vertex 375.333 379 57.1
      vertex 375.333 379 59.9
    endloop
  endfacet
  facet normal 1 0 0
    outer loop
      vertex 375.333 378.567 59.8315
      vertex 375.333 378.567 57.1685
      vertex 375.333 379 57.1
    endloop
  endfacet
  facet normal 1 -0 0
    outer loop
      vertex 375.333 378.177 59.6326
      vertex 375.333 378.567 57.1685
      vertex 375.333 378.567 59.8315
    endloop
  endfacet
  facet normal 1 0 0
    outer loop
      vertex 375.333 378.177 59.6326
      vertex 375.333 378.177 57.3674
      vertex 375.333 378.567 57.1685
    endloop
  endfacet
  facet normal 1 -0 0
    outer loop
      vertex 375.333 377.867 59.3229
      vertex 375.333 378.177 57.3674
      vertex 375.333 378.177 59.6326
    endloop
  endfacet
  facet normal 1 0 0
    outer loop
      vertex 375.333 377.867 59.3229
      vertex 375.333 377.867 57.6771
      vertex 375.333 378.177 57.3674
    endloop
  endfacet
  facet normal 1 -0 0
    outer loop
      vertex 375.333 377.669 58.9326
      vertex 375.333 377.867 57.6771
      vertex 375.333 377.867 59.3229
    endloop
  endfacet
  facet normal 1 0 0
    outer loop
      vertex 375.333 377.669 58.9326
      vertex 375.333 377.669 58.0674
      vertex 375.333 377.867 57.6771
    endloop
  endfacet
  facet normal 1 0 -0
    outer loop
      vertex 375.333 377.669 58.0674
      vertex 375.333 377.669 58.9326
      vertex 375.333 377.6 58.5
    endloop
  endfacet
  facet normal 0 0.987517 0.15751
    outer loop
      vertex 375.333 380.4 58.5
      vertex 371.333 380.331 58.9326
      vertex 375.333 380.331 58.9326
    endloop
  endfacet
  facet normal 0 0.987517 0.15751
    outer loop
      vertex 371.333 380.331 58.9326
      vertex 375.333 380.4 58.5
      vertex 371.333 380.4 58.5
    endloop
  endfacet
  facet normal 0 -0.156255 -0.987717
    outer loop
      vertex 371.333 378.567 57.1685
      vertex 375.333 379 57.1
      vertex 375.333 378.567 57.1685
    endloop
  endfacet
  facet normal -0 -0.156255 -0.987717
    outer loop
      vertex 375.333 379 57.1
      vertex 371.333 378.567 57.1685
      vertex 371.333 379 57.1
    endloop
  endfacet
  facet normal 0 0.454326 -0.890835
    outer loop
      vertex 371.333 379.433 57.1685
      vertex 375.333 379.823 57.3674
      vertex 375.333 379.433 57.1685
    endloop
  endfacet
  facet normal 0 0.454326 -0.890835
    outer loop
      vertex 375.333 379.823 57.3674
      vertex 371.333 379.433 57.1685
      vertex 371.333 379.823 57.3674
    endloop
  endfacet
  facet normal 0 -0.706764 -0.707449
    outer loop
      vertex 371.333 378.177 57.3674
      vertex 375.333 377.867 57.6771
      vertex 371.333 377.867 57.6771
    endloop
  endfacet
  facet normal 0 -0.706764 -0.707449
    outer loop
      vertex 375.333 377.867 57.6771
      vertex 371.333 378.177 57.3674
      vertex 375.333 378.177 57.3674
    endloop
  endfacet
  facet normal 0 0.706764 0.707449
    outer loop
      vertex 375.333 380.133 59.3229
      vertex 371.333 379.823 59.6326
      vertex 375.333 379.823 59.6326
    endloop
  endfacet
  facet normal 0 0.706764 0.707449
    outer loop
      vertex 371.333 379.823 59.6326
      vertex 375.333 380.133 59.3229
      vertex 371.333 380.133 59.3229
    endloop
  endfacet
  facet normal 0 -0.454326 0.890835
    outer loop
      vertex 371.333 378.567 59.8315
      vertex 375.333 378.177 59.6326
      vertex 375.333 378.567 59.8315
    endloop
  endfacet
  facet normal 0 -0.454326 0.890835
    outer loop
      vertex 375.333 378.177 59.6326
      vertex 371.333 378.567 59.8315
      vertex 371.333 378.177 59.6326
    endloop
  endfacet
  facet normal 0 0.891807 0.452416
    outer loop
      vertex 375.333 380.331 58.9326
      vertex 371.333 380.133 59.3229
      vertex 375.333 380.133 59.3229
    endloop
  endfacet
  facet normal 0 0.891807 0.452416
    outer loop
      vertex 371.333 380.133 59.3229
      vertex 375.333 380.331 58.9326
      vertex 371.333 380.331 58.9326
    endloop
  endfacet
  facet normal 0 0.891807 -0.452416
    outer loop
      vertex 375.333 380.133 57.6771
      vertex 371.333 380.331 58.0674
      vertex 375.333 380.331 58.0674
    endloop
  endfacet
  facet normal 0 0.891807 -0.452416
    outer loop
      vertex 371.333 380.331 58.0674
      vertex 375.333 380.133 57.6771
      vertex 371.333 380.133 57.6771
    endloop
  endfacet
  facet normal -0 0.156255 0.987717
    outer loop
      vertex 371.333 379.433 59.8315
      vertex 375.333 379 59.9
      vertex 375.333 379.433 59.8315
    endloop
  endfacet
  facet normal 0 0.156255 0.987717
    outer loop
      vertex 375.333 379 59.9
      vertex 371.333 379.433 59.8315
      vertex 371.333 379 59.9
    endloop
  endfacet
  facet normal 0 -0.987517 -0.15751
    outer loop
      vertex 371.333 377.669 58.0674
      vertex 375.333 377.6 58.5
      vertex 371.333 377.6 58.5
    endloop
  endfacet
  facet normal 0 -0.987517 -0.15751
    outer loop
      vertex 375.333 377.6 58.5
      vertex 371.333 377.669 58.0674
      vertex 375.333 377.669 58.0674
    endloop
  endfacet
  facet normal 0 0.987517 -0.15751
    outer loop
      vertex 375.333 380.331 58.0674
      vertex 371.333 380.4 58.5
      vertex 375.333 380.4 58.5
    endloop
  endfacet
  facet normal 0 0.987517 -0.15751
    outer loop
      vertex 371.333 380.4 58.5
      vertex 375.333 380.331 58.0674
      vertex 371.333 380.331 58.0674
    endloop
  endfacet
  facet normal 0 -0.891807 0.452416
    outer loop
      vertex 371.333 377.669 58.9326
      vertex 375.333 377.867 59.3229
      vertex 371.333 377.867 59.3229
    endloop
  endfacet
  facet normal 0 -0.891807 0.452416
    outer loop
      vertex 375.333 377.867 59.3229
      vertex 371.333 377.669 58.9326
      vertex 375.333 377.669 58.9326
    endloop
  endfacet
  facet normal -0 0.454326 0.890835
    outer loop
      vertex 371.333 379.823 59.6326
      vertex 375.333 379.433 59.8315
      vertex 375.333 379.823 59.6326
    endloop
  endfacet
  facet normal 0 0.454326 0.890835
    outer loop
      vertex 375.333 379.433 59.8315
      vertex 371.333 379.823 59.6326
      vertex 371.333 379.433 59.8315
    endloop
  endfacet
  facet normal 0 0.156255 -0.987717
    outer loop
      vertex 371.333 379 57.1
      vertex 375.333 379.433 57.1685
      vertex 375.333 379 57.1
    endloop
  endfacet
  facet normal 0 0.156255 -0.987717
    outer loop
      vertex 375.333 379.433 57.1685
      vertex 371.333 379 57.1
      vertex 371.333 379.433 57.1685
    endloop
  endfacet
  facet normal 0 -0.454326 -0.890835
    outer loop
      vertex 34.6667 504.177 57.3674
      vertex 38.6667 504.567 57.1685
      vertex 38.6667 504.177 57.3674
    endloop
  endfacet
  facet normal -0 -0.454326 -0.890835
    outer loop
      vertex 38.6667 504.567 57.1685
      vertex 34.6667 504.177 57.3674
      vertex 34.6667 504.567 57.1685
    endloop
  endfacet
  facet normal -1 0 0
    outer loop
      vertex 34.6667 506.331 58.0674
      vertex 34.6667 506.331 58.9326
      vertex 34.6667 506.4 58.5
    endloop
  endfacet
  facet normal -1 0 0
    outer loop
      vertex 34.6667 506.133 57.6771
      vertex 34.6667 506.331 58.9326
      vertex 34.6667 506.331 58.0674
    endloop
  endfacet
  facet normal -1 0 0
    outer loop
      vertex 34.6667 506.133 57.6771
      vertex 34.6667 506.133 59.3229
      vertex 34.6667 506.331 58.9326
    endloop
  endfacet
  facet normal -1 0 0
    outer loop
      vertex 34.6667 505.823 57.3674
      vertex 34.6667 506.133 59.3229
      vertex 34.6667 506.133 57.6771
    endloop
  endfacet
  facet normal -1 0 0
    outer loop
      vertex 34.6667 505.823 57.3674
      vertex 34.6667 505.823 59.6326
      vertex 34.6667 506.133 59.3229
    endloop
  endfacet
  facet normal -1 0 0
    outer loop
      vertex 34.6667 505.433 57.1685
      vertex 34.6667 505.823 59.6326
      vertex 34.6667 505.823 57.3674
    endloop
  endfacet
  facet normal -1 0 0
    outer loop
      vertex 34.6667 505.433 57.1685
      vertex 34.6667 505.433 59.8315
      vertex 34.6667 505.823 59.6326
    endloop
  endfacet
  facet normal -1 0 0
    outer loop
      vertex 34.6667 505 57.1
      vertex 34.6667 505.433 59.8315
      vertex 34.6667 505.433 57.1685
    endloop
  endfacet
  facet normal -1 0 0
    outer loop
      vertex 34.6667 505 57.1
      vertex 34.6667 505 59.9
      vertex 34.6667 505.433 59.8315
    endloop
  endfacet
  facet normal -1 0 0
    outer loop
      vertex 34.6667 504.567 57.1685
      vertex 34.6667 505 59.9
      vertex 34.6667 505 57.1
    endloop
  endfacet
  facet normal -1 0 0
    outer loop
      vertex 34.6667 504.567 57.1685
      vertex 34.6667 504.567 59.8315
      vertex 34.6667 505 59.9
    endloop
  endfacet
  facet normal -1 0 0
    outer loop
      vertex 34.6667 504.177 57.3674
      vertex 34.6667 504.567 59.8315
      vertex 34.6667 504.567 57.1685
    endloop
  endfacet
  facet normal -1 0 0
    outer loop
      vertex 34.6667 504.177 57.3674
      vertex 34.6667 504.177 59.6326
      vertex 34.6667 504.567 59.8315
    endloop
  endfacet
  facet normal -1 0 0
    outer loop
      vertex 34.6667 503.867 57.6771
      vertex 34.6667 504.177 59.6326
      vertex 34.6667 504.177 57.3674
    endloop
  endfacet
  facet normal -1 0 0
    outer loop
      vertex 34.6667 503.867 57.6771
      vertex 34.6667 503.867 59.3229
      vertex 34.6667 504.177 59.6326
    endloop
  endfacet
  facet normal -1 0 0
    outer loop
      vertex 34.6667 503.669 58.0674
      vertex 34.6667 503.867 59.3229
      vertex 34.6667 503.867 57.6771
    endloop
  endfacet
  facet normal -1 0 0
    outer loop
      vertex 34.6667 503.669 58.0674
      vertex 34.6667 503.669 58.9326
      vertex 34.6667 503.867 59.3229
    endloop
  endfacet
  facet normal -1 0 -0
    outer loop
      vertex 34.6667 503.669 58.9326
      vertex 34.6667 503.669 58.0674
      vertex 34.6667 503.6 58.5
    endloop
  endfacet
  facet normal 0 0.706764 -0.707449
    outer loop
      vertex 38.6667 505.823 57.3674
      vertex 34.6667 506.133 57.6771
      vertex 38.6667 506.133 57.6771
    endloop
  endfacet
  facet normal 0 0.706764 -0.707449
    outer loop
      vertex 34.6667 506.133 57.6771
      vertex 38.6667 505.823 57.3674
      vertex 34.6667 505.823 57.3674
    endloop
  endfacet
  facet normal 0 -0.891807 -0.452416
    outer loop
      vertex 34.6667 503.867 57.6771
      vertex 38.6667 503.669 58.0674
      vertex 34.6667 503.669 58.0674
    endloop
  endfacet
  facet normal 0 -0.891807 -0.452416
    outer loop
      vertex 38.6667 503.669 58.0674
      vertex 34.6667 503.867 57.6771
      vertex 38.6667 503.867 57.6771
    endloop
  endfacet
  facet normal 0 -0.156255 0.987717
    outer loop
      vertex 34.6667 505 59.9
      vertex 38.6667 504.567 59.8315
      vertex 38.6667 505 59.9
    endloop
  endfacet
  facet normal 0 -0.156255 0.987717
    outer loop
      vertex 38.6667 504.567 59.8315
      vertex 34.6667 505 59.9
      vertex 34.6667 504.567 59.8315
    endloop
  endfacet
  facet normal 0 -0.706764 0.707449
    outer loop
      vertex 34.6667 503.867 59.3229
      vertex 38.6667 504.177 59.6326
      vertex 34.6667 504.177 59.6326
    endloop
  endfacet
  facet normal 0 -0.706764 0.707449
    outer loop
      vertex 38.6667 504.177 59.6326
      vertex 34.6667 503.867 59.3229
      vertex 38.6667 503.867 59.3229
    endloop
  endfacet
  facet normal 0 -0.987517 0.15751
    outer loop
      vertex 34.6667 503.6 58.5
      vertex 38.6667 503.669 58.9326
      vertex 34.6667 503.669 58.9326
    endloop
  endfacet
  facet normal 0 -0.987517 0.15751
    outer loop
      vertex 38.6667 503.669 58.9326
      vertex 34.6667 503.6 58.5
      vertex 38.6667 503.6 58.5
    endloop
  endfacet
  facet normal 0 0.987517 0.15751
    outer loop
      vertex 38.6667 506.4 58.5
      vertex 34.6667 506.331 58.9326
      vertex 38.6667 506.331 58.9326
    endloop
  endfacet
  facet normal 0 0.987517 0.15751
    outer loop
      vertex 34.6667 506.331 58.9326
      vertex 38.6667 506.4 58.5
      vertex 34.6667 506.4 58.5
    endloop
  endfacet
  facet normal 0 -0.156255 -0.987717
    outer loop
      vertex 34.6667 504.567 57.1685
      vertex 38.6667 505 57.1
      vertex 38.6667 504.567 57.1685
    endloop
  endfacet
  facet normal -0 -0.156255 -0.987717
    outer loop
      vertex 38.6667 505 57.1
      vertex 34.6667 504.567 57.1685
      vertex 34.6667 505 57.1
    endloop
  endfacet
  facet normal 0 -0.706764 -0.707449
    outer loop
      vertex 34.6667 504.177 57.3674
      vertex 38.6667 503.867 57.6771
      vertex 34.6667 503.867 57.6771
    endloop
  endfacet
  facet normal 0 -0.706764 -0.707449
    outer loop
      vertex 38.6667 503.867 57.6771
      vertex 34.6667 504.177 57.3674
      vertex 38.6667 504.177 57.3674
    endloop
  endfacet
  facet normal 0 0.706764 0.707449
    outer loop
      vertex 38.6667 506.133 59.3229
      vertex 34.6667 505.823 59.6326
      vertex 38.6667 505.823 59.6326
    endloop
  endfacet
  facet normal 0 0.706764 0.707449
    outer loop
      vertex 34.6667 505.823 59.6326
      vertex 38.6667 506.133 59.3229
      vertex 34.6667 506.133 59.3229
    endloop
  endfacet
  facet normal 0 -0.454326 0.890835
    outer loop
      vertex 34.6667 504.567 59.8315
      vertex 38.6667 504.177 59.6326
      vertex 38.6667 504.567 59.8315
    endloop
  endfacet
  facet normal 0 -0.454326 0.890835
    outer loop
      vertex 38.6667 504.177 59.6326
      vertex 34.6667 504.567 59.8315
      vertex 34.6667 504.177 59.6326
    endloop
  endfacet
  facet normal 0 0.891807 0.452416
    outer loop
      vertex 38.6667 506.331 58.9326
      vertex 34.6667 506.133 59.3229
      vertex 38.6667 506.133 59.3229
    endloop
  endfacet
  facet normal 0 0.891807 0.452416
    outer loop
      vertex 34.6667 506.133 59.3229
      vertex 38.6667 506.331 58.9326
      vertex 34.6667 506.331 58.9326
    endloop
  endfacet
  facet normal 0 0.891807 -0.452416
    outer loop
      vertex 38.6667 506.133 57.6771
      vertex 34.6667 506.331 58.0674
      vertex 38.6667 506.331 58.0674
    endloop
  endfacet
  facet normal 0 0.891807 -0.452416
    outer loop
      vertex 34.6667 506.331 58.0674
      vertex 38.6667 506.133 57.6771
      vertex 34.6667 506.133 57.6771
    endloop
  endfacet
  facet normal -0 0.156255 0.987717
    outer loop
      vertex 34.6667 505.433 59.8315
      vertex 38.6667 505 59.9
      vertex 38.6667 505.433 59.8315
    endloop
  endfacet
  facet normal 0 0.156255 0.987717
    outer loop
      vertex 38.6667 505 59.9
      vertex 34.6667 505.433 59.8315
      vertex 34.6667 505 59.9
    endloop
  endfacet
  facet normal 0 -0.987517 -0.15751
    outer loop
      vertex 34.6667 503.669 58.0674
      vertex 38.6667 503.6 58.5
      vertex 34.6667 503.6 58.5
    endloop
  endfacet
  facet normal 0 -0.987517 -0.15751
    outer loop
      vertex 38.6667 503.6 58.5
      vertex 34.6667 503.669 58.0674
      vertex 38.6667 503.669 58.0674
    endloop
  endfacet
  facet normal 0 0.987517 -0.15751
    outer loop
      vertex 38.6667 506.331 58.0674
      vertex 34.6667 506.4 58.5
      vertex 38.6667 506.4 58.5
    endloop
  endfacet
  facet normal 0 0.987517 -0.15751
    outer loop
      vertex 34.6667 506.4 58.5
      vertex 38.6667 506.331 58.0674
      vertex 34.6667 506.331 58.0674
    endloop
  endfacet
  facet normal 0 -0.891807 0.452416
    outer loop
      vertex 34.6667 503.669 58.9326
      vertex 38.6667 503.867 59.3229
      vertex 34.6667 503.867 59.3229
    endloop
  endfacet
  facet normal 0 -0.891807 0.452416
    outer loop
      vertex 38.6667 503.867 59.3229
      vertex 34.6667 503.669 58.9326
      vertex 38.6667 503.669 58.9326
    endloop
  endfacet
  facet normal -0 0.454326 0.890835
    outer loop
      vertex 34.6667 505.823 59.6326
      vertex 38.6667 505.433 59.8315
      vertex 38.6667 505.823 59.6326
    endloop
  endfacet
  facet normal 0 0.454326 0.890835
    outer loop
      vertex 38.6667 505.433 59.8315
      vertex 34.6667 505.823 59.6326
      vertex 34.6667 505.433 59.8315
    endloop
  endfacet
  facet normal 0 0.454326 -0.890835
    outer loop
      vertex 34.6667 505.433 57.1685
      vertex 38.6667 505.823 57.3674
      vertex 38.6667 505.433 57.1685
    endloop
  endfacet
  facet normal 0 0.454326 -0.890835
    outer loop
      vertex 38.6667 505.823 57.3674
      vertex 34.6667 505.433 57.1685
      vertex 34.6667 505.823 57.3674
    endloop
  endfacet
  facet normal 1 0 0
    outer loop
      vertex 38.6667 506.331 58.9326
      vertex 38.6667 506.331 58.0674
      vertex 38.6667 506.4 58.5
    endloop
  endfacet
  facet normal 1 0 0
    outer loop
      vertex 38.6667 506.133 59.3229
      vertex 38.6667 506.331 58.0674
      vertex 38.6667 506.331 58.9326
    endloop
  endfacet
  facet normal 1 0 0
    outer loop
      vertex 38.6667 506.133 59.3229
      vertex 38.6667 506.133 57.6771
      vertex 38.6667 506.331 58.0674
    endloop
  endfacet
  facet normal 1 0 0
    outer loop
      vertex 38.6667 505.823 59.6326
      vertex 38.6667 506.133 57.6771
      vertex 38.6667 506.133 59.3229
    endloop
  endfacet
  facet normal 1 0 0
    outer loop
      vertex 38.6667 505.823 59.6326
      vertex 38.6667 505.823 57.3674
      vertex 38.6667 506.133 57.6771
    endloop
  endfacet
  facet normal 1 0 0
    outer loop
      vertex 38.6667 505.433 59.8315
      vertex 38.6667 505.823 57.3674
      vertex 38.6667 505.823 59.6326
    endloop
  endfacet
  facet normal 1 0 0
    outer loop
      vertex 38.6667 505.433 59.8315
      vertex 38.6667 505.433 57.1685
      vertex 38.6667 505.823 57.3674
    endloop
  endfacet
  facet normal 1 0 0
    outer loop
      vertex 38.6667 505 59.9
      vertex 38.6667 505.433 57.1685
      vertex 38.6667 505.433 59.8315
    endloop
  endfacet
  facet normal 1 0 0
    outer loop
      vertex 38.6667 505 59.9
      vertex 38.6667 505 57.1
      vertex 38.6667 505.433 57.1685
    endloop
  endfacet
  facet normal 1 -0 0
    outer loop
      vertex 38.6667 504.567 59.8315
      vertex 38.6667 505 57.1
      vertex 38.6667 505 59.9
    endloop
  endfacet
  facet normal 1 0 0
    outer loop
      vertex 38.6667 504.567 59.8315
      vertex 38.6667 504.567 57.1685
      vertex 38.6667 505 57.1
    endloop
  endfacet
  facet normal 1 -0 0
    outer loop
      vertex 38.6667 504.177 59.6326
      vertex 38.6667 504.567 57.1685
      vertex 38.6667 504.567 59.8315
    endloop
  endfacet
  facet normal 1 0 0
    outer loop
      vertex 38.6667 504.177 59.6326
      vertex 38.6667 504.177 57.3674
      vertex 38.6667 504.567 57.1685
    endloop
  endfacet
  facet normal 1 -0 0
    outer loop
      vertex 38.6667 503.867 59.3229
      vertex 38.6667 504.177 57.3674
      vertex 38.6667 504.177 59.6326
    endloop
  endfacet
  facet normal 1 0 0
    outer loop
      vertex 38.6667 503.867 59.3229
      vertex 38.6667 503.867 57.6771
      vertex 38.6667 504.177 57.3674
    endloop
  endfacet
  facet normal 1 -0 0
    outer loop
      vertex 38.6667 503.669 58.9326
      vertex 38.6667 503.867 57.6771
      vertex 38.6667 503.867 59.3229
    endloop
  endfacet
  facet normal 1 0 0
    outer loop
      vertex 38.6667 503.669 58.9326
      vertex 38.6667 503.669 58.0674
      vertex 38.6667 503.867 57.6771
    endloop
  endfacet
  facet normal 1 0 -0
    outer loop
      vertex 38.6667 503.669 58.0674
      vertex 38.6667 503.669 58.9326
      vertex 38.6667 503.6 58.5
    endloop
  endfacet
  facet normal 0 0.156255 -0.987717
    outer loop
      vertex 34.6667 505 57.1
      vertex 38.6667 505.433 57.1685
      vertex 38.6667 505 57.1
    endloop
  endfacet
  facet normal 0 0.156255 -0.987717
    outer loop
      vertex 38.6667 505.433 57.1685
      vertex 34.6667 505 57.1
      vertex 34.6667 505.433 57.1685
    endloop
  endfacet
  facet normal 0 -0.454326 -0.890835
    outer loop
      vertex 102 504.177 57.3674
      vertex 106 504.567 57.1685
      vertex 106 504.177 57.3674
    endloop
  endfacet
  facet normal -0 -0.454326 -0.890835
    outer loop
      vertex 106 504.567 57.1685
      vertex 102 504.177 57.3674
      vertex 102 504.567 57.1685
    endloop
  endfacet
  facet normal 0 0.706764 -0.707449
    outer loop
      vertex 106 505.823 57.3674
      vertex 102 506.133 57.6771
      vertex 106 506.133 57.6771
    endloop
  endfacet
  facet normal 0 0.706764 -0.707449
    outer loop
      vertex 102 506.133 57.6771
      vertex 106 505.823 57.3674
      vertex 102 505.823 57.3674
    endloop
  endfacet
  facet normal 0 -0.891807 -0.452416
    outer loop
      vertex 102 503.867 57.6771
      vertex 106 503.669 58.0674
      vertex 102 503.669 58.0674
    endloop
  endfacet
  facet normal 0 -0.891807 -0.452416
    outer loop
      vertex 106 503.669 58.0674
      vertex 102 503.867 57.6771
      vertex 106 503.867 57.6771
    endloop
  endfacet
  facet normal 0 -0.156255 0.987717
    outer loop
      vertex 102 505 59.9
      vertex 106 504.567 59.8315
      vertex 106 505 59.9
    endloop
  endfacet
  facet normal 0 -0.156255 0.987717
    outer loop
      vertex 106 504.567 59.8315
      vertex 102 505 59.9
      vertex 102 504.567 59.8315
    endloop
  endfacet
  facet normal 0 -0.706764 0.707449
    outer loop
      vertex 102 503.867 59.3229
      vertex 106 504.177 59.6326
      vertex 102 504.177 59.6326
    endloop
  endfacet
  facet normal 0 -0.706764 0.707449
    outer loop
      vertex 106 504.177 59.6326
      vertex 102 503.867 59.3229
      vertex 106 503.867 59.3229
    endloop
  endfacet
  facet normal 0 -0.987517 0.15751
    outer loop
      vertex 102 503.6 58.5
      vertex 106 503.669 58.9326
      vertex 102 503.669 58.9326
    endloop
  endfacet
  facet normal 0 -0.987517 0.15751
    outer loop
      vertex 106 503.669 58.9326
      vertex 102 503.6 58.5
      vertex 106 503.6 58.5
    endloop
  endfacet
  facet normal 0 0.987517 0.15751
    outer loop
      vertex 106 506.4 58.5
      vertex 102 506.331 58.9326
      vertex 106 506.331 58.9326
    endloop
  endfacet
  facet normal 0 0.987517 0.15751
    outer loop
      vertex 102 506.331 58.9326
      vertex 106 506.4 58.5
      vertex 102 506.4 58.5
    endloop
  endfacet
  facet normal 0 -0.156255 -0.987717
    outer loop
      vertex 102 504.567 57.1685
      vertex 106 505 57.1
      vertex 106 504.567 57.1685
    endloop
  endfacet
  facet normal -0 -0.156255 -0.987717
    outer loop
      vertex 106 505 57.1
      vertex 102 504.567 57.1685
      vertex 102 505 57.1
    endloop
  endfacet
  facet normal 0 0.454326 -0.890835
    outer loop
      vertex 102 505.433 57.1685
      vertex 106 505.823 57.3674
      vertex 106 505.433 57.1685
    endloop
  endfacet
  facet normal 0 0.454326 -0.890835
    outer loop
      vertex 106 505.823 57.3674
      vertex 102 505.433 57.1685
      vertex 102 505.823 57.3674
    endloop
  endfacet
  facet normal 0 -0.706764 -0.707449
    outer loop
      vertex 102 504.177 57.3674
      vertex 106 503.867 57.6771
      vertex 102 503.867 57.6771
    endloop
  endfacet
  facet normal 0 -0.706764 -0.707449
    outer loop
      vertex 106 503.867 57.6771
      vertex 102 504.177 57.3674
      vertex 106 504.177 57.3674
    endloop
  endfacet
  facet normal 0 0.706764 0.707449
    outer loop
      vertex 106 506.133 59.3229
      vertex 102 505.823 59.6326
      vertex 106 505.823 59.6326
    endloop
  endfacet
  facet normal 0 0.706764 0.707449
    outer loop
      vertex 102 505.823 59.6326
      vertex 106 506.133 59.3229
      vertex 102 506.133 59.3229
    endloop
  endfacet
  facet normal 0 -0.454326 0.890835
    outer loop
      vertex 102 504.567 59.8315
      vertex 106 504.177 59.6326
      vertex 106 504.567 59.8315
    endloop
  endfacet
  facet normal 0 -0.454326 0.890835
    outer loop
      vertex 106 504.177 59.6326
      vertex 102 504.567 59.8315
      vertex 102 504.177 59.6326
    endloop
  endfacet
  facet normal 0 0.891807 0.452416
    outer loop
      vertex 106 506.331 58.9326
      vertex 102 506.133 59.3229
      vertex 106 506.133 59.3229
    endloop
  endfacet
  facet normal 0 0.891807 0.452416
    outer loop
      vertex 102 506.133 59.3229
      vertex 106 506.331 58.9326
      vertex 102 506.331 58.9326
    endloop
  endfacet
  facet normal 0 0.891807 -0.452416
    outer loop
      vertex 106 506.133 57.6771
      vertex 102 506.331 58.0674
      vertex 106 506.331 58.0674
    endloop
  endfacet
  facet normal 0 0.891807 -0.452416
    outer loop
      vertex 102 506.331 58.0674
      vertex 106 506.133 57.6771
      vertex 102 506.133 57.6771
    endloop
  endfacet
  facet normal -0 0.156255 0.987717
    outer loop
      vertex 102 505.433 59.8315
      vertex 106 505 59.9
      vertex 106 505.433 59.8315
    endloop
  endfacet
  facet normal 0 0.156255 0.987717
    outer loop
      vertex 106 505 59.9
      vertex 102 505.433 59.8315
      vertex 102 505 59.9
    endloop
  endfacet
  facet normal 0 -0.987517 -0.15751
    outer loop
      vertex 102 503.669 58.0674
      vertex 106 503.6 58.5
      vertex 102 503.6 58.5
    endloop
  endfacet
  facet normal 0 -0.987517 -0.15751
    outer loop
      vertex 106 503.6 58.5
      vertex 102 503.669 58.0674
      vertex 106 503.669 58.0674
    endloop
  endfacet
  facet normal 0 0.987517 -0.15751
    outer loop
      vertex 106 506.331 58.0674
      vertex 102 506.4 58.5
      vertex 106 506.4 58.5
    endloop
  endfacet
  facet normal 0 0.987517 -0.15751
    outer loop
      vertex 102 506.4 58.5
      vertex 106 506.331 58.0674
      vertex 102 506.331 58.0674
    endloop
  endfacet
  facet normal -1 0 0
    outer loop
      vertex 102 506.331 58.0674
      vertex 102 506.331 58.9326
      vertex 102 506.4 58.5
    endloop
  endfacet
  facet normal -1 0 0
    outer loop
      vertex 102 506.133 57.6771
      vertex 102 506.331 58.9326
      vertex 102 506.331 58.0674
    endloop
  endfacet
  facet normal -1 0 0
    outer loop
      vertex 102 506.133 57.6771
      vertex 102 506.133 59.3229
      vertex 102 506.331 58.9326
    endloop
  endfacet
  facet normal -1 0 0
    outer loop
      vertex 102 505.823 57.3674
      vertex 102 506.133 59.3229
      vertex 102 506.133 57.6771
    endloop
  endfacet
  facet normal -1 0 0
    outer loop
      vertex 102 505.823 57.3674
      vertex 102 505.823 59.6326
      vertex 102 506.133 59.3229
    endloop
  endfacet
  facet normal -1 0 0
    outer loop
      vertex 102 505.433 57.1685
      vertex 102 505.823 59.6326
      vertex 102 505.823 57.3674
    endloop
  endfacet
  facet normal -1 0 0
    outer loop
      vertex 102 505.433 57.1685
      vertex 102 505.433 59.8315
      vertex 102 505.823 59.6326
    endloop
  endfacet
  facet normal -1 0 0
    outer loop
      vertex 102 505 57.1
      vertex 102 505.433 59.8315
      vertex 102 505.433 57.1685
    endloop
  endfacet
  facet normal -1 0 0
    outer loop
      vertex 102 505 57.1
      vertex 102 505 59.9
      vertex 102 505.433 59.8315
    endloop
  endfacet
  facet normal -1 0 0
    outer loop
      vertex 102 504.567 57.1685
      vertex 102 505 59.9
      vertex 102 505 57.1
    endloop
  endfacet
  facet normal -1 0 0
    outer loop
      vertex 102 504.567 57.1685
      vertex 102 504.567 59.8315
      vertex 102 505 59.9
    endloop
  endfacet
  facet normal -1 0 0
    outer loop
      vertex 102 504.177 57.3674
      vertex 102 504.567 59.8315
      vertex 102 504.567 57.1685
    endloop
  endfacet
  facet normal -1 0 0
    outer loop
      vertex 102 504.177 57.3674
      vertex 102 504.177 59.6326
      vertex 102 504.567 59.8315
    endloop
  endfacet
  facet normal -1 0 0
    outer loop
      vertex 102 503.867 57.6771
      vertex 102 504.177 59.6326
      vertex 102 504.177 57.3674
    endloop
  endfacet
  facet normal -1 0 0
    outer loop
      vertex 102 503.867 57.6771
      vertex 102 503.867 59.3229
      vertex 102 504.177 59.6326
    endloop
  endfacet
  facet normal -1 0 0
    outer loop
      vertex 102 503.669 58.0674
      vertex 102 503.867 59.3229
      vertex 102 503.867 57.6771
    endloop
  endfacet
  facet normal -1 0 0
    outer loop
      vertex 102 503.669 58.0674
      vertex 102 503.669 58.9326
      vertex 102 503.867 59.3229
    endloop
  endfacet
  facet normal -1 0 -0
    outer loop
      vertex 102 503.669 58.9326
      vertex 102 503.669 58.0674
      vertex 102 503.6 58.5
    endloop
  endfacet
  facet normal 0 -0.891807 0.452416
    outer loop
      vertex 102 503.669 58.9326
      vertex 106 503.867 59.3229
      vertex 102 503.867 59.3229
    endloop
  endfacet
  facet normal 0 -0.891807 0.452416
    outer loop
      vertex 106 503.867 59.3229
      vertex 102 503.669 58.9326
      vertex 106 503.669 58.9326
    endloop
  endfacet
  facet normal -0 0.454326 0.890835
    outer loop
      vertex 102 505.823 59.6326
      vertex 106 505.433 59.8315
      vertex 106 505.823 59.6326
    endloop
  endfacet
  facet normal 0 0.454326 0.890835
    outer loop
      vertex 106 505.433 59.8315
      vertex 102 505.823 59.6326
      vertex 102 505.433 59.8315
    endloop
  endfacet
  facet normal 1 0 0
    outer loop
      vertex 106 506.331 58.9326
      vertex 106 506.331 58.0674
      vertex 106 506.4 58.5
    endloop
  endfacet
  facet normal 1 0 0
    outer loop
      vertex 106 506.133 59.3229
      vertex 106 506.331 58.0674
      vertex 106 506.331 58.9326
    endloop
  endfacet
  facet normal 1 0 0
    outer loop
      vertex 106 506.133 59.3229
      vertex 106 506.133 57.6771
      vertex 106 506.331 58.0674
    endloop
  endfacet
  facet normal 1 0 0
    outer loop
      vertex 106 505.823 59.6326
      vertex 106 506.133 57.6771
      vertex 106 506.133 59.3229
    endloop
  endfacet
  facet normal 1 0 0
    outer loop
      vertex 106 505.823 59.6326
      vertex 106 505.823 57.3674
      vertex 106 506.133 57.6771
    endloop
  endfacet
  facet normal 1 0 0
    outer loop
      vertex 106 505.433 59.8315
      vertex 106 505.823 57.3674
      vertex 106 505.823 59.6326
    endloop
  endfacet
  facet normal 1 0 0
    outer loop
      vertex 106 505.433 59.8315
      vertex 106 505.433 57.1685
      vertex 106 505.823 57.3674
    endloop
  endfacet
  facet normal 1 0 0
    outer loop
      vertex 106 505 59.9
      vertex 106 505.433 57.1685
      vertex 106 505.433 59.8315
    endloop
  endfacet
  facet normal 1 0 0
    outer loop
      vertex 106 505 59.9
      vertex 106 505 57.1
      vertex 106 505.433 57.1685
    endloop
  endfacet
  facet normal 1 -0 0
    outer loop
      vertex 106 504.567 59.8315
      vertex 106 505 57.1
      vertex 106 505 59.9
    endloop
  endfacet
  facet normal 1 0 0
    outer loop
      vertex 106 504.567 59.8315
      vertex 106 504.567 57.1685
      vertex 106 505 57.1
    endloop
  endfacet
  facet normal 1 -0 0
    outer loop
      vertex 106 504.177 59.6326
      vertex 106 504.567 57.1685
      vertex 106 504.567 59.8315
    endloop
  endfacet
  facet normal 1 0 0
    outer loop
      vertex 106 504.177 59.6326
      vertex 106 504.177 57.3674
      vertex 106 504.567 57.1685
    endloop
  endfacet
  facet normal 1 -0 0
    outer loop
      vertex 106 503.867 59.3229
      vertex 106 504.177 57.3674
      vertex 106 504.177 59.6326
    endloop
  endfacet
  facet normal 1 0 0
    outer loop
      vertex 106 503.867 59.3229
      vertex 106 503.867 57.6771
      vertex 106 504.177 57.3674
    endloop
  endfacet
  facet normal 1 -0 0
    outer loop
      vertex 106 503.669 58.9326
      vertex 106 503.867 57.6771
      vertex 106 503.867 59.3229
    endloop
  endfacet
  facet normal 1 0 0
    outer loop
      vertex 106 503.669 58.9326
      vertex 106 503.669 58.0674
      vertex 106 503.867 57.6771
    endloop
  endfacet
  facet normal 1 0 -0
    outer loop
      vertex 106 503.669 58.0674
      vertex 106 503.669 58.9326
      vertex 106 503.6 58.5
    endloop
  endfacet
  facet normal 0 0.156255 -0.987717
    outer loop
      vertex 102 505 57.1
      vertex 106 505.433 57.1685
      vertex 106 505 57.1
    endloop
  endfacet
  facet normal 0 0.156255 -0.987717
    outer loop
      vertex 106 505.433 57.1685
      vertex 102 505 57.1
      vertex 102 505.433 57.1685
    endloop
  endfacet
  facet normal 0 -0.454326 -0.890835
    outer loop
      vertex 169.333 504.177 57.3674
      vertex 173.333 504.567 57.1685
      vertex 173.333 504.177 57.3674
    endloop
  endfacet
  facet normal -0 -0.454326 -0.890835
    outer loop
      vertex 173.333 504.567 57.1685
      vertex 169.333 504.177 57.3674
      vertex 169.333 504.567 57.1685
    endloop
  endfacet
  facet normal 0 0.706764 -0.707449
    outer loop
      vertex 173.333 505.823 57.3674
      vertex 169.333 506.133 57.6771
      vertex 173.333 506.133 57.6771
    endloop
  endfacet
  facet normal 0 0.706764 -0.707449
    outer loop
      vertex 169.333 506.133 57.6771
      vertex 173.333 505.823 57.3674
      vertex 169.333 505.823 57.3674
    endloop
  endfacet
  facet normal 0 -0.891807 -0.452416
    outer loop
      vertex 169.333 503.867 57.6771
      vertex 173.333 503.669 58.0674
      vertex 169.333 503.669 58.0674
    endloop
  endfacet
  facet normal 0 -0.891807 -0.452416
    outer loop
      vertex 173.333 503.669 58.0674
      vertex 169.333 503.867 57.6771
      vertex 173.333 503.867 57.6771
    endloop
  endfacet
  facet normal 0 -0.156255 0.987717
    outer loop
      vertex 169.333 505 59.9
      vertex 173.333 504.567 59.8315
      vertex 173.333 505 59.9
    endloop
  endfacet
  facet normal 0 -0.156255 0.987717
    outer loop
      vertex 173.333 504.567 59.8315
      vertex 169.333 505 59.9
      vertex 169.333 504.567 59.8315
    endloop
  endfacet
  facet normal 0 -0.706764 0.707449
    outer loop
      vertex 169.333 503.867 59.3229
      vertex 173.333 504.177 59.6326
      vertex 169.333 504.177 59.6326
    endloop
  endfacet
  facet normal 0 -0.706764 0.707449
    outer loop
      vertex 173.333 504.177 59.6326
      vertex 169.333 503.867 59.3229
      vertex 173.333 503.867 59.3229
    endloop
  endfacet
  facet normal 0 -0.987517 0.15751
    outer loop
      vertex 169.333 503.6 58.5
      vertex 173.333 503.669 58.9326
      vertex 169.333 503.669 58.9326
    endloop
  endfacet
  facet normal 0 -0.987517 0.15751
    outer loop
      vertex 173.333 503.669 58.9326
      vertex 169.333 503.6 58.5
      vertex 173.333 503.6 58.5
    endloop
  endfacet
  facet normal 1 0 0
    outer loop
      vertex 173.333 506.331 58.9326
      vertex 173.333 506.331 58.0674
      vertex 173.333 506.4 58.5
    endloop
  endfacet
  facet normal 1 0 0
    outer loop
      vertex 173.333 506.133 59.3229
      vertex 173.333 506.331 58.0674
      vertex 173.333 506.331 58.9326
    endloop
  endfacet
  facet normal 1 0 0
    outer loop
      vertex 173.333 506.133 59.3229
      vertex 173.333 506.133 57.6771
      vertex 173.333 506.331 58.0674
    endloop
  endfacet
  facet normal 1 0 0
    outer loop
      vertex 173.333 505.823 59.6326
      vertex 173.333 506.133 57.6771
      vertex 173.333 506.133 59.3229
    endloop
  endfacet
  facet normal 1 0 0
    outer loop
      vertex 173.333 505.823 59.6326
      vertex 173.333 505.823 57.3674
      vertex 173.333 506.133 57.6771
    endloop
  endfacet
  facet normal 1 0 0
    outer loop
      vertex 173.333 505.433 59.8315
      vertex 173.333 505.823 57.3674
      vertex 173.333 505.823 59.6326
    endloop
  endfacet
  facet normal 1 0 0
    outer loop
      vertex 173.333 505.433 59.8315
      vertex 173.333 505.433 57.1685
      vertex 173.333 505.823 57.3674
    endloop
  endfacet
  facet normal 1 0 0
    outer loop
      vertex 173.333 505 59.9
      vertex 173.333 505.433 57.1685
      vertex 173.333 505.433 59.8315
    endloop
  endfacet
  facet normal 1 0 0
    outer loop
      vertex 173.333 505 59.9
      vertex 173.333 505 57.1
      vertex 173.333 505.433 57.1685
    endloop
  endfacet
  facet normal 1 -0 0
    outer loop
      vertex 173.333 504.567 59.8315
      vertex 173.333 505 57.1
      vertex 173.333 505 59.9
    endloop
  endfacet
  facet normal 1 0 0
    outer loop
      vertex 173.333 504.567 59.8315
      vertex 173.333 504.567 57.1685
      vertex 173.333 505 57.1
    endloop
  endfacet
  facet normal 1 -0 0
    outer loop
      vertex 173.333 504.177 59.6326
      vertex 173.333 504.567 57.1685
      vertex 173.333 504.567 59.8315
    endloop
  endfacet
  facet normal 1 0 0
    outer loop
      vertex 173.333 504.177 59.6326
      vertex 173.333 504.177 57.3674
      vertex 173.333 504.567 57.1685
    endloop
  endfacet
  facet normal 1 -0 0
    outer loop
      vertex 173.333 503.867 59.3229
      vertex 173.333 504.177 57.3674
      vertex 173.333 504.177 59.6326
    endloop
  endfacet
  facet normal 1 0 0
    outer loop
      vertex 173.333 503.867 59.3229
      vertex 173.333 503.867 57.6771
      vertex 173.333 504.177 57.3674
    endloop
  endfacet
  facet normal 1 -0 0
    outer loop
      vertex 173.333 503.669 58.9326
      vertex 173.333 503.867 57.6771
      vertex 173.333 503.867 59.3229
    endloop
  endfacet
  facet normal 1 0 0
    outer loop
      vertex 173.333 503.669 58.9326
      vertex 173.333 503.669 58.0674
      vertex 173.333 503.867 57.6771
    endloop
  endfacet
  facet normal 1 0 -0
    outer loop
      vertex 173.333 503.669 58.0674
      vertex 173.333 503.669 58.9326
      vertex 173.333 503.6 58.5
    endloop
  endfacet
  facet normal 0 0.987517 0.15751
    outer loop
      vertex 173.333 506.4 58.5
      vertex 169.333 506.331 58.9326
      vertex 173.333 506.331 58.9326
    endloop
  endfacet
  facet normal 0 0.987517 0.15751
    outer loop
      vertex 169.333 506.331 58.9326
      vertex 173.333 506.4 58.5
      vertex 169.333 506.4 58.5
    endloop
  endfacet
  facet normal 0 -0.156255 -0.987717
    outer loop
      vertex 169.333 504.567 57.1685
      vertex 173.333 505 57.1
      vertex 173.333 504.567 57.1685
    endloop
  endfacet
  facet normal -0 -0.156255 -0.987717
    outer loop
      vertex 173.333 505 57.1
      vertex 169.333 504.567 57.1685
      vertex 169.333 505 57.1
    endloop
  endfacet
  facet normal 0 -0.706764 -0.707449
    outer loop
      vertex 169.333 504.177 57.3674
      vertex 173.333 503.867 57.6771
      vertex 169.333 503.867 57.6771
    endloop
  endfacet
  facet normal 0 -0.706764 -0.707449
    outer loop
      vertex 173.333 503.867 57.6771
      vertex 169.333 504.177 57.3674
      vertex 173.333 504.177 57.3674
    endloop
  endfacet
  facet normal 0 0.706764 0.707449
    outer loop
      vertex 173.333 506.133 59.3229
      vertex 169.333 505.823 59.6326
      vertex 173.333 505.823 59.6326
    endloop
  endfacet
  facet normal 0 0.706764 0.707449
    outer loop
      vertex 169.333 505.823 59.6326
      vertex 173.333 506.133 59.3229
      vertex 169.333 506.133 59.3229
    endloop
  endfacet
  facet normal 0 -0.454326 0.890835
    outer loop
      vertex 169.333 504.567 59.8315
      vertex 173.333 504.177 59.6326
      vertex 173.333 504.567 59.8315
    endloop
  endfacet
  facet normal 0 -0.454326 0.890835
    outer loop
      vertex 173.333 504.177 59.6326
      vertex 169.333 504.567 59.8315
      vertex 169.333 504.177 59.6326
    endloop
  endfacet
  facet normal 0 0.891807 0.452416
    outer loop
      vertex 173.333 506.331 58.9326
      vertex 169.333 506.133 59.3229
      vertex 173.333 506.133 59.3229
    endloop
  endfacet
  facet normal 0 0.891807 0.452416
    outer loop
      vertex 169.333 506.133 59.3229
      vertex 173.333 506.331 58.9326
      vertex 169.333 506.331 58.9326
    endloop
  endfacet
  facet normal 0 0.891807 -0.452416
    outer loop
      vertex 173.333 506.133 57.6771
      vertex 169.333 506.331 58.0674
      vertex 173.333 506.331 58.0674
    endloop
  endfacet
  facet normal 0 0.891807 -0.452416
    outer loop
      vertex 169.333 506.331 58.0674
      vertex 173.333 506.133 57.6771
      vertex 169.333 506.133 57.6771
    endloop
  endfacet
  facet normal -0 0.156255 0.987717
    outer loop
      vertex 169.333 505.433 59.8315
      vertex 173.333 505 59.9
      vertex 173.333 505.433 59.8315
    endloop
  endfacet
  facet normal 0 0.156255 0.987717
    outer loop
      vertex 173.333 505 59.9
      vertex 169.333 505.433 59.8315
      vertex 169.333 505 59.9
    endloop
  endfacet
  facet normal 0 -0.987517 -0.15751
    outer loop
      vertex 169.333 503.669 58.0674
      vertex 173.333 503.6 58.5
      vertex 169.333 503.6 58.5
    endloop
  endfacet
  facet normal 0 -0.987517 -0.15751
    outer loop
      vertex 173.333 503.6 58.5
      vertex 169.333 503.669 58.0674
      vertex 173.333 503.669 58.0674
    endloop
  endfacet
  facet normal 0 0.987517 -0.15751
    outer loop
      vertex 173.333 506.331 58.0674
      vertex 169.333 506.4 58.5
      vertex 173.333 506.4 58.5
    endloop
  endfacet
  facet normal 0 0.987517 -0.15751
    outer loop
      vertex 169.333 506.4 58.5
      vertex 173.333 506.331 58.0674
      vertex 169.333 506.331 58.0674
    endloop
  endfacet
  facet normal 0 -0.891807 0.452416
    outer loop
      vertex 169.333 503.669 58.9326
      vertex 173.333 503.867 59.3229
      vertex 169.333 503.867 59.3229
    endloop
  endfacet
  facet normal 0 -0.891807 0.452416
    outer loop
      vertex 173.333 503.867 59.3229
      vertex 169.333 503.669 58.9326
      vertex 173.333 503.669 58.9326
    endloop
  endfacet
  facet normal -0 0.454326 0.890835
    outer loop
      vertex 169.333 505.823 59.6326
      vertex 173.333 505.433 59.8315
      vertex 173.333 505.823 59.6326
    endloop
  endfacet
  facet normal 0 0.454326 0.890835
    outer loop
      vertex 173.333 505.433 59.8315
      vertex 169.333 505.823 59.6326
      vertex 169.333 505.433 59.8315
    endloop
  endfacet
  facet normal 0 0.454326 -0.890835
    outer loop
      vertex 169.333 505.433 57.1685
      vertex 173.333 505.823 57.3674
      vertex 173.333 505.433 57.1685
    endloop
  endfacet
  facet normal 0 0.454326 -0.890835
    outer loop
      vertex 173.333 505.823 57.3674
      vertex 169.333 505.433 57.1685
      vertex 169.333 505.823 57.3674
    endloop
  endfacet
  facet normal -1 0 0
    outer loop
      vertex 169.333 506.331 58.0674
      vertex 169.333 506.331 58.9326
      vertex 169.333 506.4 58.5
    endloop
  endfacet
  facet normal -1 0 0
    outer loop
      vertex 169.333 506.133 57.6771
      vertex 169.333 506.331 58.9326
      vertex 169.333 506.331 58.0674
    endloop
  endfacet
  facet normal -1 0 0
    outer loop
      vertex 169.333 506.133 57.6771
      vertex 169.333 506.133 59.3229
      vertex 169.333 506.331 58.9326
    endloop
  endfacet
  facet normal -1 0 0
    outer loop
      vertex 169.333 505.823 57.3674
      vertex 169.333 506.133 59.3229
      vertex 169.333 506.133 57.6771
    endloop
  endfacet
  facet normal -1 0 0
    outer loop
      vertex 169.333 505.823 57.3674
      vertex 169.333 505.823 59.6326
      vertex 169.333 506.133 59.3229
    endloop
  endfacet
  facet normal -1 0 0
    outer loop
      vertex 169.333 505.433 57.1685
      vertex 169.333 505.823 59.6326
      vertex 169.333 505.823 57.3674
    endloop
  endfacet
  facet normal -1 0 0
    outer loop
      vertex 169.333 505.433 57.1685
      vertex 169.333 505.433 59.8315
      vertex 169.333 505.823 59.6326
    endloop
  endfacet
  facet normal -1 0 0
    outer loop
      vertex 169.333 505 57.1
      vertex 169.333 505.433 59.8315
      vertex 169.333 505.433 57.1685
    endloop
  endfacet
  facet normal -1 0 0
    outer loop
      vertex 169.333 505 57.1
      vertex 169.333 505 59.9
      vertex 169.333 505.433 59.8315
    endloop
  endfacet
  facet normal -1 0 0
    outer loop
      vertex 169.333 504.567 57.1685
      vertex 169.333 505 59.9
      vertex 169.333 505 57.1
    endloop
  endfacet
  facet normal -1 0 0
    outer loop
      vertex 169.333 504.567 57.1685
      vertex 169.333 504.567 59.8315
      vertex 169.333 505 59.9
    endloop
  endfacet
  facet normal -1 0 0
    outer loop
      vertex 169.333 504.177 57.3674
      vertex 169.333 504.567 59.8315
      vertex 169.333 504.567 57.1685
    endloop
  endfacet
  facet normal -1 0 0
    outer loop
      vertex 169.333 504.177 57.3674
      vertex 169.333 504.177 59.6326
      vertex 169.333 504.567 59.8315
    endloop
  endfacet
  facet normal -1 0 0
    outer loop
      vertex 169.333 503.867 57.6771
      vertex 169.333 504.177 59.6326
      vertex 169.333 504.177 57.3674
    endloop
  endfacet
  facet normal -1 0 0
    outer loop
      vertex 169.333 503.867 57.6771
      vertex 169.333 503.867 59.3229
      vertex 169.333 504.177 59.6326
    endloop
  endfacet
  facet normal -1 0 0
    outer loop
      vertex 169.333 503.669 58.0674
      vertex 169.333 503.867 59.3229
      vertex 169.333 503.867 57.6771
    endloop
  endfacet
  facet normal -1 0 0
    outer loop
      vertex 169.333 503.669 58.0674
      vertex 169.333 503.669 58.9326
      vertex 169.333 503.867 59.3229
    endloop
  endfacet
  facet normal -1 0 -0
    outer loop
      vertex 169.333 503.669 58.9326
      vertex 169.333 503.669 58.0674
      vertex 169.333 503.6 58.5
    endloop
  endfacet
  facet normal 0 0.156255 -0.987717
    outer loop
      vertex 169.333 505 57.1
      vertex 173.333 505.433 57.1685
      vertex 173.333 505 57.1
    endloop
  endfacet
  facet normal 0 0.156255 -0.987717
    outer loop
      vertex 173.333 505.433 57.1685
      vertex 169.333 505 57.1
      vertex 169.333 505.433 57.1685
    endloop
  endfacet
  facet normal 0 -0.454326 -0.890835
    outer loop
      vertex 236.667 504.177 57.3674
      vertex 240.667 504.567 57.1685
      vertex 240.667 504.177 57.3674
    endloop
  endfacet
  facet normal -0 -0.454326 -0.890835
    outer loop
      vertex 240.667 504.567 57.1685
      vertex 236.667 504.177 57.3674
      vertex 236.667 504.567 57.1685
    endloop
  endfacet
  facet normal 0 0.706764 -0.707449
    outer loop
      vertex 240.667 505.823 57.3674
      vertex 236.667 506.133 57.6771
      vertex 240.667 506.133 57.6771
    endloop
  endfacet
  facet normal 0 0.706764 -0.707449
    outer loop
      vertex 236.667 506.133 57.6771
      vertex 240.667 505.823 57.3674
      vertex 236.667 505.823 57.3674
    endloop
  endfacet
  facet normal 0 -0.891807 -0.452416
    outer loop
      vertex 236.667 503.867 57.6771
      vertex 240.667 503.669 58.0674
      vertex 236.667 503.669 58.0674
    endloop
  endfacet
  facet normal 0 -0.891807 -0.452416
    outer loop
      vertex 240.667 503.669 58.0674
      vertex 236.667 503.867 57.6771
      vertex 240.667 503.867 57.6771
    endloop
  endfacet
  facet normal 0 -0.156255 0.987717
    outer loop
      vertex 236.667 505 59.9
      vertex 240.667 504.567 59.8315
      vertex 240.667 505 59.9
    endloop
  endfacet
  facet normal 0 -0.156255 0.987717
    outer loop
      vertex 240.667 504.567 59.8315
      vertex 236.667 505 59.9
      vertex 236.667 504.567 59.8315
    endloop
  endfacet
  facet normal 0 -0.706764 0.707449
    outer loop
      vertex 236.667 503.867 59.3229
      vertex 240.667 504.177 59.6326
      vertex 236.667 504.177 59.6326
    endloop
  endfacet
  facet normal 0 -0.706764 0.707449
    outer loop
      vertex 240.667 504.177 59.6326
      vertex 236.667 503.867 59.3229
      vertex 240.667 503.867 59.3229
    endloop
  endfacet
  facet normal 0 -0.987517 0.15751
    outer loop
      vertex 236.667 503.6 58.5
      vertex 240.667 503.669 58.9326
      vertex 236.667 503.669 58.9326
    endloop
  endfacet
  facet normal 0 -0.987517 0.15751
    outer loop
      vertex 240.667 503.669 58.9326
      vertex 236.667 503.6 58.5
      vertex 240.667 503.6 58.5
    endloop
  endfacet
  facet normal 0 0.987517 0.15751
    outer loop
      vertex 240.667 506.4 58.5
      vertex 236.667 506.331 58.9326
      vertex 240.667 506.331 58.9326
    endloop
  endfacet
  facet normal 0 0.987517 0.15751
    outer loop
      vertex 236.667 506.331 58.9326
      vertex 240.667 506.4 58.5
      vertex 236.667 506.4 58.5
    endloop
  endfacet
  facet normal 0 -0.156255 -0.987717
    outer loop
      vertex 236.667 504.567 57.1685
      vertex 240.667 505 57.1
      vertex 240.667 504.567 57.1685
    endloop
  endfacet
  facet normal -0 -0.156255 -0.987717
    outer loop
      vertex 240.667 505 57.1
      vertex 236.667 504.567 57.1685
      vertex 236.667 505 57.1
    endloop
  endfacet
  facet normal 0 -0.706764 -0.707449
    outer loop
      vertex 236.667 504.177 57.3674
      vertex 240.667 503.867 57.6771
      vertex 236.667 503.867 57.6771
    endloop
  endfacet
  facet normal 0 -0.706764 -0.707449
    outer loop
      vertex 240.667 503.867 57.6771
      vertex 236.667 504.177 57.3674
      vertex 240.667 504.177 57.3674
    endloop
  endfacet
  facet normal 0 0.706764 0.707449
    outer loop
      vertex 240.667 506.133 59.3229
      vertex 236.667 505.823 59.6326
      vertex 240.667 505.823 59.6326
    endloop
  endfacet
  facet normal 0 0.706764 0.707449
    outer loop
      vertex 236.667 505.823 59.6326
      vertex 240.667 506.133 59.3229
      vertex 236.667 506.133 59.3229
    endloop
  endfacet
  facet normal 0 -0.454326 0.890835
    outer loop
      vertex 236.667 504.567 59.8315
      vertex 240.667 504.177 59.6326
      vertex 240.667 504.567 59.8315
    endloop
  endfacet
  facet normal 0 -0.454326 0.890835
    outer loop
      vertex 240.667 504.177 59.6326
      vertex 236.667 504.567 59.8315
      vertex 236.667 504.177 59.6326
    endloop
  endfacet
  facet normal 0 0.891807 0.452416
    outer loop
      vertex 240.667 506.331 58.9326
      vertex 236.667 506.133 59.3229
      vertex 240.667 506.133 59.3229
    endloop
  endfacet
  facet normal 0 0.891807 0.452416
    outer loop
      vertex 236.667 506.133 59.3229
      vertex 240.667 506.331 58.9326
      vertex 236.667 506.331 58.9326
    endloop
  endfacet
  facet normal 0 0.891807 -0.452416
    outer loop
      vertex 240.667 506.133 57.6771
      vertex 236.667 506.331 58.0674
      vertex 240.667 506.331 58.0674
    endloop
  endfacet
  facet normal 0 0.891807 -0.452416
    outer loop
      vertex 236.667 506.331 58.0674
      vertex 240.667 506.133 57.6771
      vertex 236.667 506.133 57.6771
    endloop
  endfacet
  facet normal -0 0.156255 0.987717
    outer loop
      vertex 236.667 505.433 59.8315
      vertex 240.667 505 59.9
      vertex 240.667 505.433 59.8315
    endloop
  endfacet
  facet normal 0 0.156255 0.987717
    outer loop
      vertex 240.667 505 59.9
      vertex 236.667 505.433 59.8315
      vertex 236.667 505 59.9
    endloop
  endfacet
  facet normal -1 0 0
    outer loop
      vertex 236.667 506.331 58.0674
      vertex 236.667 506.331 58.9326
      vertex 236.667 506.4 58.5
    endloop
  endfacet
  facet normal -1 0 0
    outer loop
      vertex 236.667 506.133 57.6771
      vertex 236.667 506.331 58.9326
      vertex 236.667 506.331 58.0674
    endloop
  endfacet
  facet normal -1 0 0
    outer loop
      vertex 236.667 506.133 57.6771
      vertex 236.667 506.133 59.3229
      vertex 236.667 506.331 58.9326
    endloop
  endfacet
  facet normal -1 0 0
    outer loop
      vertex 236.667 505.823 57.3674
      vertex 236.667 506.133 59.3229
      vertex 236.667 506.133 57.6771
    endloop
  endfacet
  facet normal -1 0 0
    outer loop
      vertex 236.667 505.823 57.3674
      vertex 236.667 505.823 59.6326
      vertex 236.667 506.133 59.3229
    endloop
  endfacet
  facet normal -1 0 0
    outer loop
      vertex 236.667 505.433 57.1685
      vertex 236.667 505.823 59.6326
      vertex 236.667 505.823 57.3674
    endloop
  endfacet
  facet normal -1 0 0
    outer loop
      vertex 236.667 505.433 57.1685
      vertex 236.667 505.433 59.8315
      vertex 236.667 505.823 59.6326
    endloop
  endfacet
  facet normal -1 0 0
    outer loop
      vertex 236.667 505 57.1
      vertex 236.667 505.433 59.8315
      vertex 236.667 505.433 57.1685
    endloop
  endfacet
  facet normal -1 0 0
    outer loop
      vertex 236.667 505 57.1
      vertex 236.667 505 59.9
      vertex 236.667 505.433 59.8315
    endloop
  endfacet
  facet normal -1 0 0
    outer loop
      vertex 236.667 504.567 57.1685
      vertex 236.667 505 59.9
      vertex 236.667 505 57.1
    endloop
  endfacet
  facet normal -1 0 0
    outer loop
      vertex 236.667 504.567 57.1685
      vertex 236.667 504.567 59.8315
      vertex 236.667 505 59.9
    endloop
  endfacet
  facet normal -1 0 0
    outer loop
      vertex 236.667 504.177 57.3674
      vertex 236.667 504.567 59.8315
      vertex 236.667 504.567 57.1685
    endloop
  endfacet
  facet normal -1 0 0
    outer loop
      vertex 236.667 504.177 57.3674
      vertex 236.667 504.177 59.6326
      vertex 236.667 504.567 59.8315
    endloop
  endfacet
  facet normal -1 0 0
    outer loop
      vertex 236.667 503.867 57.6771
      vertex 236.667 504.177 59.6326
      vertex 236.667 504.177 57.3674
    endloop
  endfacet
  facet normal -1 0 0
    outer loop
      vertex 236.667 503.867 57.6771
      vertex 236.667 503.867 59.3229
      vertex 236.667 504.177 59.6326
    endloop
  endfacet
  facet normal -1 0 0
    outer loop
      vertex 236.667 503.669 58.0674
      vertex 236.667 503.867 59.3229
      vertex 236.667 503.867 57.6771
    endloop
  endfacet
  facet normal -1 0 0
    outer loop
      vertex 236.667 503.669 58.0674
      vertex 236.667 503.669 58.9326
      vertex 236.667 503.867 59.3229
    endloop
  endfacet
  facet normal -1 0 -0
    outer loop
      vertex 236.667 503.669 58.9326
      vertex 236.667 503.669 58.0674
      vertex 236.667 503.6 58.5
    endloop
  endfacet
  facet normal 0 -0.987517 -0.15751
    outer loop
      vertex 236.667 503.669 58.0674
      vertex 240.667 503.6 58.5
      vertex 236.667 503.6 58.5
    endloop
  endfacet
  facet normal 0 -0.987517 -0.15751
    outer loop
      vertex 240.667 503.6 58.5
      vertex 236.667 503.669 58.0674
      vertex 240.667 503.669 58.0674
    endloop
  endfacet
  facet normal 0 0.987517 -0.15751
    outer loop
      vertex 240.667 506.331 58.0674
      vertex 236.667 506.4 58.5
      vertex 240.667 506.4 58.5
    endloop
  endfacet
  facet normal 0 0.987517 -0.15751
    outer loop
      vertex 236.667 506.4 58.5
      vertex 240.667 506.331 58.0674
      vertex 236.667 506.331 58.0674
    endloop
  endfacet
  facet normal 0 -0.891807 0.452416
    outer loop
      vertex 236.667 503.669 58.9326
      vertex 240.667 503.867 59.3229
      vertex 236.667 503.867 59.3229
    endloop
  endfacet
  facet normal 0 -0.891807 0.452416
    outer loop
      vertex 240.667 503.867 59.3229
      vertex 236.667 503.669 58.9326
      vertex 240.667 503.669 58.9326
    endloop
  endfacet
  facet normal -0 0.454326 0.890835
    outer loop
      vertex 236.667 505.823 59.6326
      vertex 240.667 505.433 59.8315
      vertex 240.667 505.823 59.6326
    endloop
  endfacet
  facet normal 0 0.454326 0.890835
    outer loop
      vertex 240.667 505.433 59.8315
      vertex 236.667 505.823 59.6326
      vertex 236.667 505.433 59.8315
    endloop
  endfacet
  facet normal 0 0.454326 -0.890835
    outer loop
      vertex 236.667 505.433 57.1685
      vertex 240.667 505.823 57.3674
      vertex 240.667 505.433 57.1685
    endloop
  endfacet
  facet normal 0 0.454326 -0.890835
    outer loop
      vertex 240.667 505.823 57.3674
      vertex 236.667 505.433 57.1685
      vertex 236.667 505.823 57.3674
    endloop
  endfacet
  facet normal 0 0.156255 -0.987717
    outer loop
      vertex 236.667 505 57.1
      vertex 240.667 505.433 57.1685
      vertex 240.667 505 57.1
    endloop
  endfacet
  facet normal 0 0.156255 -0.987717
    outer loop
      vertex 240.667 505.433 57.1685
      vertex 236.667 505 57.1
      vertex 236.667 505.433 57.1685
    endloop
  endfacet
  facet normal 1 0 0
    outer loop
      vertex 240.667 506.331 58.9326
      vertex 240.667 506.331 58.0674
      vertex 240.667 506.4 58.5
    endloop
  endfacet
  facet normal 1 0 0
    outer loop
      vertex 240.667 506.133 59.3229
      vertex 240.667 506.331 58.0674
      vertex 240.667 506.331 58.9326
    endloop
  endfacet
  facet normal 1 0 0
    outer loop
      vertex 240.667 506.133 59.3229
      vertex 240.667 506.133 57.6771
      vertex 240.667 506.331 58.0674
    endloop
  endfacet
  facet normal 1 0 0
    outer loop
      vertex 240.667 505.823 59.6326
      vertex 240.667 506.133 57.6771
      vertex 240.667 506.133 59.3229
    endloop
  endfacet
  facet normal 1 0 0
    outer loop
      vertex 240.667 505.823 59.6326
      vertex 240.667 505.823 57.3674
      vertex 240.667 506.133 57.6771
    endloop
  endfacet
  facet normal 1 0 0
    outer loop
      vertex 240.667 505.433 59.8315
      vertex 240.667 505.823 57.3674
      vertex 240.667 505.823 59.6326
    endloop
  endfacet
  facet normal 1 0 0
    outer loop
      vertex 240.667 505.433 59.8315
      vertex 240.667 505.433 57.1685
      vertex 240.667 505.823 57.3674
    endloop
  endfacet
  facet normal 1 0 0
    outer loop
      vertex 240.667 505 59.9
      vertex 240.667 505.433 57.1685
      vertex 240.667 505.433 59.8315
    endloop
  endfacet
  facet normal 1 0 0
    outer loop
      vertex 240.667 505 59.9
      vertex 240.667 505 57.1
      vertex 240.667 505.433 57.1685
    endloop
  endfacet
  facet normal 1 -0 0
    outer loop
      vertex 240.667 504.567 59.8315
      vertex 240.667 505 57.1
      vertex 240.667 505 59.9
    endloop
  endfacet
  facet normal 1 0 0
    outer loop
      vertex 240.667 504.567 59.8315
      vertex 240.667 504.567 57.1685
      vertex 240.667 505 57.1
    endloop
  endfacet
  facet normal 1 -0 0
    outer loop
      vertex 240.667 504.177 59.6326
      vertex 240.667 504.567 57.1685
      vertex 240.667 504.567 59.8315
    endloop
  endfacet
  facet normal 1 0 0
    outer loop
      vertex 240.667 504.177 59.6326
      vertex 240.667 504.177 57.3674
      vertex 240.667 504.567 57.1685
    endloop
  endfacet
  facet normal 1 -0 0
    outer loop
      vertex 240.667 503.867 59.3229
      vertex 240.667 504.177 57.3674
      vertex 240.667 504.177 59.6326
    endloop
  endfacet
  facet normal 1 0 0
    outer loop
      vertex 240.667 503.867 59.3229
      vertex 240.667 503.867 57.6771
      vertex 240.667 504.177 57.3674
    endloop
  endfacet
  facet normal 1 -0 0
    outer loop
      vertex 240.667 503.669 58.9326
      vertex 240.667 503.867 57.6771
      vertex 240.667 503.867 59.3229
    endloop
  endfacet
  facet normal 1 0 0
    outer loop
      vertex 240.667 503.669 58.9326
      vertex 240.667 503.669 58.0674
      vertex 240.667 503.867 57.6771
    endloop
  endfacet
  facet normal 1 0 -0
    outer loop
      vertex 240.667 503.669 58.0674
      vertex 240.667 503.669 58.9326
      vertex 240.667 503.6 58.5
    endloop
  endfacet
  facet normal 0 -0.454326 -0.890835
    outer loop
      vertex 304 504.177 57.3674
      vertex 308 504.567 57.1685
      vertex 308 504.177 57.3674
    endloop
  endfacet
  facet normal -0 -0.454326 -0.890835
    outer loop
      vertex 308 504.567 57.1685
      vertex 304 504.177 57.3674
      vertex 304 504.567 57.1685
    endloop
  endfacet
  facet normal 0 0.706764 -0.707449
    outer loop
      vertex 308 505.823 57.3674
      vertex 304 506.133 57.6771
      vertex 308 506.133 57.6771
    endloop
  endfacet
  facet normal 0 0.706764 -0.707449
    outer loop
      vertex 304 506.133 57.6771
      vertex 308 505.823 57.3674
      vertex 304 505.823 57.3674
    endloop
  endfacet
  facet normal 0 -0.891807 -0.452416
    outer loop
      vertex 304 503.867 57.6771
      vertex 308 503.669 58.0674
      vertex 304 503.669 58.0674
    endloop
  endfacet
  facet normal 0 -0.891807 -0.452416
    outer loop
      vertex 308 503.669 58.0674
      vertex 304 503.867 57.6771
      vertex 308 503.867 57.6771
    endloop
  endfacet
  facet normal 0 -0.156255 0.987717
    outer loop
      vertex 304 505 59.9
      vertex 308 504.567 59.8315
      vertex 308 505 59.9
    endloop
  endfacet
  facet normal 0 -0.156255 0.987717
    outer loop
      vertex 308 504.567 59.8315
      vertex 304 505 59.9
      vertex 304 504.567 59.8315
    endloop
  endfacet
  facet normal 0 -0.706764 0.707449
    outer loop
      vertex 304 503.867 59.3229
      vertex 308 504.177 59.6326
      vertex 304 504.177 59.6326
    endloop
  endfacet
  facet normal 0 -0.706764 0.707449
    outer loop
      vertex 308 504.177 59.6326
      vertex 304 503.867 59.3229
      vertex 308 503.867 59.3229
    endloop
  endfacet
  facet normal 0 -0.987517 0.15751
    outer loop
      vertex 304 503.6 58.5
      vertex 308 503.669 58.9326
      vertex 304 503.669 58.9326
    endloop
  endfacet
  facet normal 0 -0.987517 0.15751
    outer loop
      vertex 308 503.669 58.9326
      vertex 304 503.6 58.5
      vertex 308 503.6 58.5
    endloop
  endfacet
  facet normal 0 0.987517 0.15751
    outer loop
      vertex 308 506.4 58.5
      vertex 304 506.331 58.9326
      vertex 308 506.331 58.9326
    endloop
  endfacet
  facet normal 0 0.987517 0.15751
    outer loop
      vertex 304 506.331 58.9326
      vertex 308 506.4 58.5
      vertex 304 506.4 58.5
    endloop
  endfacet
  facet normal 0 -0.156255 -0.987717
    outer loop
      vertex 304 504.567 57.1685
      vertex 308 505 57.1
      vertex 308 504.567 57.1685
    endloop
  endfacet
  facet normal -0 -0.156255 -0.987717
    outer loop
      vertex 308 505 57.1
      vertex 304 504.567 57.1685
      vertex 304 505 57.1
    endloop
  endfacet
  facet normal 0 0.454326 -0.890835
    outer loop
      vertex 304 505.433 57.1685
      vertex 308 505.823 57.3674
      vertex 308 505.433 57.1685
    endloop
  endfacet
  facet normal 0 0.454326 -0.890835
    outer loop
      vertex 308 505.823 57.3674
      vertex 304 505.433 57.1685
      vertex 304 505.823 57.3674
    endloop
  endfacet
  facet normal 0 -0.706764 -0.707449
    outer loop
      vertex 304 504.177 57.3674
      vertex 308 503.867 57.6771
      vertex 304 503.867 57.6771
    endloop
  endfacet
  facet normal 0 -0.706764 -0.707449
    outer loop
      vertex 308 503.867 57.6771
      vertex 304 504.177 57.3674
      vertex 308 504.177 57.3674
    endloop
  endfacet
  facet normal 0 0.706764 0.707449
    outer loop
      vertex 308 506.133 59.3229
      vertex 304 505.823 59.6326
      vertex 308 505.823 59.6326
    endloop
  endfacet
  facet normal 0 0.706764 0.707449
    outer loop
      vertex 304 505.823 59.6326
      vertex 308 506.133 59.3229
      vertex 304 506.133 59.3229
    endloop
  endfacet
  facet normal 0 -0.454326 0.890835
    outer loop
      vertex 304 504.567 59.8315
      vertex 308 504.177 59.6326
      vertex 308 504.567 59.8315
    endloop
  endfacet
  facet normal 0 -0.454326 0.890835
    outer loop
      vertex 308 504.177 59.6326
      vertex 304 504.567 59.8315
      vertex 304 504.177 59.6326
    endloop
  endfacet
  facet normal 0 0.891807 0.452416
    outer loop
      vertex 308 506.331 58.9326
      vertex 304 506.133 59.3229
      vertex 308 506.133 59.3229
    endloop
  endfacet
  facet normal 0 0.891807 0.452416
    outer loop
      vertex 304 506.133 59.3229
      vertex 308 506.331 58.9326
      vertex 304 506.331 58.9326
    endloop
  endfacet
  facet normal 0 0.891807 -0.452416
    outer loop
      vertex 308 506.133 57.6771
      vertex 304 506.331 58.0674
      vertex 308 506.331 58.0674
    endloop
  endfacet
  facet normal 0 0.891807 -0.452416
    outer loop
      vertex 304 506.331 58.0674
      vertex 308 506.133 57.6771
      vertex 304 506.133 57.6771
    endloop
  endfacet
  facet normal -0 0.156255 0.987717
    outer loop
      vertex 304 505.433 59.8315
      vertex 308 505 59.9
      vertex 308 505.433 59.8315
    endloop
  endfacet
  facet normal 0 0.156255 0.987717
    outer loop
      vertex 308 505 59.9
      vertex 304 505.433 59.8315
      vertex 304 505 59.9
    endloop
  endfacet
  facet normal -1 0 0
    outer loop
      vertex 304 506.331 58.0674
      vertex 304 506.331 58.9326
      vertex 304 506.4 58.5
    endloop
  endfacet
  facet normal -1 0 0
    outer loop
      vertex 304 506.133 57.6771
      vertex 304 506.331 58.9326
      vertex 304 506.331 58.0674
    endloop
  endfacet
  facet normal -1 0 0
    outer loop
      vertex 304 506.133 57.6771
      vertex 304 506.133 59.3229
      vertex 304 506.331 58.9326
    endloop
  endfacet
  facet normal -1 0 0
    outer loop
      vertex 304 505.823 57.3674
      vertex 304 506.133 59.3229
      vertex 304 506.133 57.6771
    endloop
  endfacet
  facet normal -1 0 0
    outer loop
      vertex 304 505.823 57.3674
      vertex 304 505.823 59.6326
      vertex 304 506.133 59.3229
    endloop
  endfacet
  facet normal -1 0 0
    outer loop
      vertex 304 505.433 57.1685
      vertex 304 505.823 59.6326
      vertex 304 505.823 57.3674
    endloop
  endfacet
  facet normal -1 0 0
    outer loop
      vertex 304 505.433 57.1685
      vertex 304 505.433 59.8315
      vertex 304 505.823 59.6326
    endloop
  endfacet
  facet normal -1 0 0
    outer loop
      vertex 304 505 57.1
      vertex 304 505.433 59.8315
      vertex 304 505.433 57.1685
    endloop
  endfacet
  facet normal -1 0 0
    outer loop
      vertex 304 505 57.1
      vertex 304 505 59.9
      vertex 304 505.433 59.8315
    endloop
  endfacet
  facet normal -1 0 0
    outer loop
      vertex 304 504.567 57.1685
      vertex 304 505 59.9
      vertex 304 505 57.1
    endloop
  endfacet
  facet normal -1 0 0
    outer loop
      vertex 304 504.567 57.1685
      vertex 304 504.567 59.8315
      vertex 304 505 59.9
    endloop
  endfacet
  facet normal -1 0 0
    outer loop
      vertex 304 504.177 57.3674
      vertex 304 504.567 59.8315
      vertex 304 504.567 57.1685
    endloop
  endfacet
  facet normal -1 0 0
    outer loop
      vertex 304 504.177 57.3674
      vertex 304 504.177 59.6326
      vertex 304 504.567 59.8315
    endloop
  endfacet
  facet normal -1 0 0
    outer loop
      vertex 304 503.867 57.6771
      vertex 304 504.177 59.6326
      vertex 304 504.177 57.3674
    endloop
  endfacet
  facet normal -1 0 0
    outer loop
      vertex 304 503.867 57.6771
      vertex 304 503.867 59.3229
      vertex 304 504.177 59.6326
    endloop
  endfacet
  facet normal -1 0 0
    outer loop
      vertex 304 503.669 58.0674
      vertex 304 503.867 59.3229
      vertex 304 503.867 57.6771
    endloop
  endfacet
  facet normal -1 0 0
    outer loop
      vertex 304 503.669 58.0674
      vertex 304 503.669 58.9326
      vertex 304 503.867 59.3229
    endloop
  endfacet
  facet normal -1 0 -0
    outer loop
      vertex 304 503.669 58.9326
      vertex 304 503.669 58.0674
      vertex 304 503.6 58.5
    endloop
  endfacet
  facet normal 0 -0.987517 -0.15751
    outer loop
      vertex 304 503.669 58.0674
      vertex 308 503.6 58.5
      vertex 304 503.6 58.5
    endloop
  endfacet
  facet normal 0 -0.987517 -0.15751
    outer loop
      vertex 308 503.6 58.5
      vertex 304 503.669 58.0674
      vertex 308 503.669 58.0674
    endloop
  endfacet
  facet normal 0 0.987517 -0.15751
    outer loop
      vertex 308 506.331 58.0674
      vertex 304 506.4 58.5
      vertex 308 506.4 58.5
    endloop
  endfacet
  facet normal 0 0.987517 -0.15751
    outer loop
      vertex 304 506.4 58.5
      vertex 308 506.331 58.0674
      vertex 304 506.331 58.0674
    endloop
  endfacet
  facet normal 0 -0.891807 0.452416
    outer loop
      vertex 304 503.669 58.9326
      vertex 308 503.867 59.3229
      vertex 304 503.867 59.3229
    endloop
  endfacet
  facet normal 0 -0.891807 0.452416
    outer loop
      vertex 308 503.867 59.3229
      vertex 304 503.669 58.9326
      vertex 308 503.669 58.9326
    endloop
  endfacet
  facet normal -0 0.454326 0.890835
    outer loop
      vertex 304 505.823 59.6326
      vertex 308 505.433 59.8315
      vertex 308 505.823 59.6326
    endloop
  endfacet
  facet normal 0 0.454326 0.890835
    outer loop
      vertex 308 505.433 59.8315
      vertex 304 505.823 59.6326
      vertex 304 505.433 59.8315
    endloop
  endfacet
  facet normal 0 0.156255 -0.987717
    outer loop
      vertex 304 505 57.1
      vertex 308 505.433 57.1685
      vertex 308 505 57.1
    endloop
  endfacet
  facet normal 0 0.156255 -0.987717
    outer loop
      vertex 308 505.433 57.1685
      vertex 304 505 57.1
      vertex 304 505.433 57.1685
    endloop
  endfacet
  facet normal 1 0 0
    outer loop
      vertex 308 506.331 58.9326
      vertex 308 506.331 58.0674
      vertex 308 506.4 58.5
    endloop
  endfacet
  facet normal 1 0 0
    outer loop
      vertex 308 506.133 59.3229
      vertex 308 506.331 58.0674
      vertex 308 506.331 58.9326
    endloop
  endfacet
  facet normal 1 0 0
    outer loop
      vertex 308 506.133 59.3229
      vertex 308 506.133 57.6771
      vertex 308 506.331 58.0674
    endloop
  endfacet
  facet normal 1 0 0
    outer loop
      vertex 308 505.823 59.6326
      vertex 308 506.133 57.6771
      vertex 308 506.133 59.3229
    endloop
  endfacet
  facet normal 1 0 0
    outer loop
      vertex 308 505.823 59.6326
      vertex 308 505.823 57.3674
      vertex 308 506.133 57.6771
    endloop
  endfacet
  facet normal 1 0 0
    outer loop
      vertex 308 505.433 59.8315
      vertex 308 505.823 57.3674
      vertex 308 505.823 59.6326
    endloop
  endfacet
  facet normal 1 0 0
    outer loop
      vertex 308 505.433 59.8315
      vertex 308 505.433 57.1685
      vertex 308 505.823 57.3674
    endloop
  endfacet
  facet normal 1 0 0
    outer loop
      vertex 308 505 59.9
      vertex 308 505.433 57.1685
      vertex 308 505.433 59.8315
    endloop
  endfacet
  facet normal 1 0 0
    outer loop
      vertex 308 505 59.9
      vertex 308 505 57.1
      vertex 308 505.433 57.1685
    endloop
  endfacet
  facet normal 1 -0 0
    outer loop
      vertex 308 504.567 59.8315
      vertex 308 505 57.1
      vertex 308 505 59.9
    endloop
  endfacet
  facet normal 1 0 0
    outer loop
      vertex 308 504.567 59.8315
      vertex 308 504.567 57.1685
      vertex 308 505 57.1
    endloop
  endfacet
  facet normal 1 -0 0
    outer loop
      vertex 308 504.177 59.6326
      vertex 308 504.567 57.1685
      vertex 308 504.567 59.8315
    endloop
  endfacet
  facet normal 1 0 0
    outer loop
      vertex 308 504.177 59.6326
      vertex 308 504.177 57.3674
      vertex 308 504.567 57.1685
    endloop
  endfacet
  facet normal 1 -0 0
    outer loop
      vertex 308 503.867 59.3229
      vertex 308 504.177 57.3674
      vertex 308 504.177 59.6326
    endloop
  endfacet
  facet normal 1 0 0
    outer loop
      vertex 308 503.867 59.3229
      vertex 308 503.867 57.6771
      vertex 308 504.177 57.3674
    endloop
  endfacet
  facet normal 1 -0 0
    outer loop
      vertex 308 503.669 58.9326
      vertex 308 503.867 57.6771
      vertex 308 503.867 59.3229
    endloop
  endfacet
  facet normal 1 0 0
    outer loop
      vertex 308 503.669 58.9326
      vertex 308 503.669 58.0674
      vertex 308 503.867 57.6771
    endloop
  endfacet
  facet normal 1 0 -0
    outer loop
      vertex 308 503.669 58.0674
      vertex 308 503.669 58.9326
      vertex 308 503.6 58.5
    endloop
  endfacet
  facet normal 1 0 0
    outer loop
      vertex 375.333 506.331 58.9326
      vertex 375.333 506.331 58.0674
      vertex 375.333 506.4 58.5
    endloop
  endfacet
  facet normal 1 0 0
    outer loop
      vertex 375.333 506.133 59.3229
      vertex 375.333 506.331 58.0674
      vertex 375.333 506.331 58.9326
    endloop
  endfacet
  facet normal 1 0 0
    outer loop
      vertex 375.333 506.133 59.3229
      vertex 375.333 506.133 57.6771
      vertex 375.333 506.331 58.0674
    endloop
  endfacet
  facet normal 1 0 0
    outer loop
      vertex 375.333 505.823 59.6326
      vertex 375.333 506.133 57.6771
      vertex 375.333 506.133 59.3229
    endloop
  endfacet
  facet normal 1 0 0
    outer loop
      vertex 375.333 505.823 59.6326
      vertex 375.333 505.823 57.3674
      vertex 375.333 506.133 57.6771
    endloop
  endfacet
  facet normal 1 0 0
    outer loop
      vertex 375.333 505.433 59.8315
      vertex 375.333 505.823 57.3674
      vertex 375.333 505.823 59.6326
    endloop
  endfacet
  facet normal 1 0 0
    outer loop
      vertex 375.333 505.433 59.8315
      vertex 375.333 505.433 57.1685
      vertex 375.333 505.823 57.3674
    endloop
  endfacet
  facet normal 1 0 0
    outer loop
      vertex 375.333 505 59.9
      vertex 375.333 505.433 57.1685
      vertex 375.333 505.433 59.8315
    endloop
  endfacet
  facet normal 1 0 0
    outer loop
      vertex 375.333 505 59.9
      vertex 375.333 505 57.1
      vertex 375.333 505.433 57.1685
    endloop
  endfacet
  facet normal 1 -0 0
    outer loop
      vertex 375.333 504.567 59.8315
      vertex 375.333 505 57.1
      vertex 375.333 505 59.9
    endloop
  endfacet
  facet normal 1 0 0
    outer loop
      vertex 375.333 504.567 59.8315
      vertex 375.333 504.567 57.1685
      vertex 375.333 505 57.1
    endloop
  endfacet
  facet normal 1 -0 0
    outer loop
      vertex 375.333 504.177 59.6326
      vertex 375.333 504.567 57.1685
      vertex 375.333 504.567 59.8315
    endloop
  endfacet
  facet normal 1 0 0
    outer loop
      vertex 375.333 504.177 59.6326
      vertex 375.333 504.177 57.3674
      vertex 375.333 504.567 57.1685
    endloop
  endfacet
  facet normal 1 -0 0
    outer loop
      vertex 375.333 503.867 59.3229
      vertex 375.333 504.177 57.3674
      vertex 375.333 504.177 59.6326
    endloop
  endfacet
  facet normal 1 0 0
    outer loop
      vertex 375.333 503.867 59.3229
      vertex 375.333 503.867 57.6771
      vertex 375.333 504.177 57.3674
    endloop
  endfacet
  facet normal 1 -0 0
    outer loop
      vertex 375.333 503.669 58.9326
      vertex 375.333 503.867 57.6771
      vertex 375.333 503.867 59.3229
    endloop
  endfacet
  facet normal 1 0 0
    outer loop
      vertex 375.333 503.669 58.9326
      vertex 375.333 503.669 58.0674
      vertex 375.333 503.867 57.6771
    endloop
  endfacet
  facet normal 1 0 -0
    outer loop
      vertex 375.333 503.669 58.0674
      vertex 375.333 503.669 58.9326
      vertex 375.333 503.6 58.5
    endloop
  endfacet
  facet normal 0 -0.454326 -0.890835
    outer loop
      vertex 371.333 504.177 57.3674
      vertex 375.333 504.567 57.1685
      vertex 375.333 504.177 57.3674
    endloop
  endfacet
  facet normal -0 -0.454326 -0.890835
    outer loop
      vertex 375.333 504.567 57.1685
      vertex 371.333 504.177 57.3674
      vertex 371.333 504.567 57.1685
    endloop
  endfacet
  facet normal 0 0.706764 -0.707449
    outer loop
      vertex 375.333 505.823 57.3674
      vertex 371.333 506.133 57.6771
      vertex 375.333 506.133 57.6771
    endloop
  endfacet
  facet normal 0 0.706764 -0.707449
    outer loop
      vertex 371.333 506.133 57.6771
      vertex 375.333 505.823 57.3674
      vertex 371.333 505.823 57.3674
    endloop
  endfacet
  facet normal 0 -0.891807 -0.452416
    outer loop
      vertex 371.333 503.867 57.6771
      vertex 375.333 503.669 58.0674
      vertex 371.333 503.669 58.0674
    endloop
  endfacet
  facet normal 0 -0.891807 -0.452416
    outer loop
      vertex 375.333 503.669 58.0674
      vertex 371.333 503.867 57.6771
      vertex 375.333 503.867 57.6771
    endloop
  endfacet
  facet normal 0 -0.156255 0.987717
    outer loop
      vertex 371.333 505 59.9
      vertex 375.333 504.567 59.8315
      vertex 375.333 505 59.9
    endloop
  endfacet
  facet normal 0 -0.156255 0.987717
    outer loop
      vertex 375.333 504.567 59.8315
      vertex 371.333 505 59.9
      vertex 371.333 504.567 59.8315
    endloop
  endfacet
  facet normal 0 -0.706764 0.707449
    outer loop
      vertex 371.333 503.867 59.3229
      vertex 375.333 504.177 59.6326
      vertex 371.333 504.177 59.6326
    endloop
  endfacet
  facet normal 0 -0.706764 0.707449
    outer loop
      vertex 375.333 504.177 59.6326
      vertex 371.333 503.867 59.3229
      vertex 375.333 503.867 59.3229
    endloop
  endfacet
  facet normal 0 -0.987517 0.15751
    outer loop
      vertex 371.333 503.6 58.5
      vertex 375.333 503.669 58.9326
      vertex 371.333 503.669 58.9326
    endloop
  endfacet
  facet normal 0 -0.987517 0.15751
    outer loop
      vertex 375.333 503.669 58.9326
      vertex 371.333 503.6 58.5
      vertex 375.333 503.6 58.5
    endloop
  endfacet
  facet normal 0 0.987517 0.15751
    outer loop
      vertex 375.333 506.4 58.5
      vertex 371.333 506.331 58.9326
      vertex 375.333 506.331 58.9326
    endloop
  endfacet
  facet normal 0 0.987517 0.15751
    outer loop
      vertex 371.333 506.331 58.9326
      vertex 375.333 506.4 58.5
      vertex 371.333 506.4 58.5
    endloop
  endfacet
  facet normal 0 -0.156255 -0.987717
    outer loop
      vertex 371.333 504.567 57.1685
      vertex 375.333 505 57.1
      vertex 375.333 504.567 57.1685
    endloop
  endfacet
  facet normal -0 -0.156255 -0.987717
    outer loop
      vertex 375.333 505 57.1
      vertex 371.333 504.567 57.1685
      vertex 371.333 505 57.1
    endloop
  endfacet
  facet normal 0 -0.706764 -0.707449
    outer loop
      vertex 371.333 504.177 57.3674
      vertex 375.333 503.867 57.6771
      vertex 371.333 503.867 57.6771
    endloop
  endfacet
  facet normal 0 -0.706764 -0.707449
    outer loop
      vertex 375.333 503.867 57.6771
      vertex 371.333 504.177 57.3674
      vertex 375.333 504.177 57.3674
    endloop
  endfacet
  facet normal 0 0.706764 0.707449
    outer loop
      vertex 375.333 506.133 59.3229
      vertex 371.333 505.823 59.6326
      vertex 375.333 505.823 59.6326
    endloop
  endfacet
  facet normal 0 0.706764 0.707449
    outer loop
      vertex 371.333 505.823 59.6326
      vertex 375.333 506.133 59.3229
      vertex 371.333 506.133 59.3229
    endloop
  endfacet
  facet normal 0 -0.454326 0.890835
    outer loop
      vertex 371.333 504.567 59.8315
      vertex 375.333 504.177 59.6326
      vertex 375.333 504.567 59.8315
    endloop
  endfacet
  facet normal 0 -0.454326 0.890835
    outer loop
      vertex 375.333 504.177 59.6326
      vertex 371.333 504.567 59.8315
      vertex 371.333 504.177 59.6326
    endloop
  endfacet
  facet normal 0 0.891807 0.452416
    outer loop
      vertex 375.333 506.331 58.9326
      vertex 371.333 506.133 59.3229
      vertex 375.333 506.133 59.3229
    endloop
  endfacet
  facet normal 0 0.891807 0.452416
    outer loop
      vertex 371.333 506.133 59.3229
      vertex 375.333 506.331 58.9326
      vertex 371.333 506.331 58.9326
    endloop
  endfacet
  facet normal 0 0.891807 -0.452416
    outer loop
      vertex 375.333 506.133 57.6771
      vertex 371.333 506.331 58.0674
      vertex 375.333 506.331 58.0674
    endloop
  endfacet
  facet normal 0 0.891807 -0.452416
    outer loop
      vertex 371.333 506.331 58.0674
      vertex 375.333 506.133 57.6771
      vertex 371.333 506.133 57.6771
    endloop
  endfacet
  facet normal -0 0.156255 0.987717
    outer loop
      vertex 371.333 505.433 59.8315
      vertex 375.333 505 59.9
      vertex 375.333 505.433 59.8315
    endloop
  endfacet
  facet normal 0 0.156255 0.987717
    outer loop
      vertex 375.333 505 59.9
      vertex 371.333 505.433 59.8315
      vertex 371.333 505 59.9
    endloop
  endfacet
  facet normal -1 0 0
    outer loop
      vertex 371.333 506.331 58.0674
      vertex 371.333 506.331 58.9326
      vertex 371.333 506.4 58.5
    endloop
  endfacet
  facet normal -1 0 0
    outer loop
      vertex 371.333 506.133 57.6771
      vertex 371.333 506.331 58.9326
      vertex 371.333 506.331 58.0674
    endloop
  endfacet
  facet normal -1 0 0
    outer loop
      vertex 371.333 506.133 57.6771
      vertex 371.333 506.133 59.3229
      vertex 371.333 506.331 58.9326
    endloop
  endfacet
  facet normal -1 0 0
    outer loop
      vertex 371.333 505.823 57.3674
      vertex 371.333 506.133 59.3229
      vertex 371.333 506.133 57.6771
    endloop
  endfacet
  facet normal -1 0 0
    outer loop
      vertex 371.333 505.823 57.3674
      vertex 371.333 505.823 59.6326
      vertex 371.333 506.133 59.3229
    endloop
  endfacet
  facet normal -1 0 0
    outer loop
      vertex 371.333 505.433 57.1685
      vertex 371.333 505.823 59.6326
      vertex 371.333 505.823 57.3674
    endloop
  endfacet
  facet normal -1 0 0
    outer loop
      vertex 371.333 505.433 57.1685
      vertex 371.333 505.433 59.8315
      vertex 371.333 505.823 59.6326
    endloop
  endfacet
  facet normal -1 0 0
    outer loop
      vertex 371.333 505 57.1
      vertex 371.333 505.433 59.8315
      vertex 371.333 505.433 57.1685
    endloop
  endfacet
  facet normal -1 0 0
    outer loop
      vertex 371.333 505 57.1
      vertex 371.333 505 59.9
      vertex 371.333 505.433 59.8315
    endloop
  endfacet
  facet normal -1 0 0
    outer loop
      vertex 371.333 504.567 57.1685
      vertex 371.333 505 59.9
      vertex 371.333 505 57.1
    endloop
  endfacet
  facet normal -1 0 0
    outer loop
      vertex 371.333 504.567 57.1685
      vertex 371.333 504.567 59.8315
      vertex 371.333 505 59.9
    endloop
  endfacet
  facet normal -1 0 0
    outer loop
      vertex 371.333 504.177 57.3674
      vertex 371.333 504.567 59.8315
      vertex 371.333 504.567 57.1685
    endloop
  endfacet
  facet normal -1 0 0
    outer loop
      vertex 371.333 504.177 57.3674
      vertex 371.333 504.177 59.6326
      vertex 371.333 504.567 59.8315
    endloop
  endfacet
  facet normal -1 0 0
    outer loop
      vertex 371.333 503.867 57.6771
      vertex 371.333 504.177 59.6326
      vertex 371.333 504.177 57.3674
    endloop
  endfacet
  facet normal -1 0 0
    outer loop
      vertex 371.333 503.867 57.6771
      vertex 371.333 503.867 59.3229
      vertex 371.333 504.177 59.6326
    endloop
  endfacet
  facet normal -1 0 0
    outer loop
      vertex 371.333 503.669 58.0674
      vertex 371.333 503.867 59.3229
      vertex 371.333 503.867 57.6771
    endloop
  endfacet
  facet normal -1 0 0
    outer loop
      vertex 371.333 503.669 58.0674
      vertex 371.333 503.669 58.9326
      vertex 371.333 503.867 59.3229
    endloop
  endfacet
  facet normal -1 0 -0
    outer loop
      vertex 371.333 503.669 58.9326
      vertex 371.333 503.669 58.0674
      vertex 371.333 503.6 58.5
    endloop
  endfacet
  facet normal 0 -0.987517 -0.15751
    outer loop
      vertex 371.333 503.669 58.0674
      vertex 375.333 503.6 58.5
      vertex 371.333 503.6 58.5
    endloop
  endfacet
  facet normal 0 -0.987517 -0.15751
    outer loop
      vertex 375.333 503.6 58.5
      vertex 371.333 503.669 58.0674
      vertex 375.333 503.669 58.0674
    endloop
  endfacet
  facet normal 0 0.987517 -0.15751
    outer loop
      vertex 375.333 506.331 58.0674
      vertex 371.333 506.4 58.5
      vertex 375.333 506.4 58.5
    endloop
  endfacet
  facet normal 0 0.987517 -0.15751
    outer loop
      vertex 371.333 506.4 58.5
      vertex 375.333 506.331 58.0674
      vertex 371.333 506.331 58.0674
    endloop
  endfacet
  facet normal 0 -0.891807 0.452416
    outer loop
      vertex 371.333 503.669 58.9326
      vertex 375.333 503.867 59.3229
      vertex 371.333 503.867 59.3229
    endloop
  endfacet
  facet normal 0 -0.891807 0.452416
    outer loop
      vertex 375.333 503.867 59.3229
      vertex 371.333 503.669 58.9326
      vertex 375.333 503.669 58.9326
    endloop
  endfacet
  facet normal -0 0.454326 0.890835
    outer loop
      vertex 371.333 505.823 59.6326
      vertex 375.333 505.433 59.8315
      vertex 375.333 505.823 59.6326
    endloop
  endfacet
  facet normal 0 0.454326 0.890835
    outer loop
      vertex 375.333 505.433 59.8315
      vertex 371.333 505.823 59.6326
      vertex 371.333 505.433 59.8315
    endloop
  endfacet
  facet normal 0 0.454326 -0.890835
    outer loop
      vertex 371.333 505.433 57.1685
      vertex 375.333 505.823 57.3674
      vertex 375.333 505.433 57.1685
    endloop
  endfacet
  facet normal 0 0.454326 -0.890835
    outer loop
      vertex 375.333 505.823 57.3674
      vertex 371.333 505.433 57.1685
      vertex 371.333 505.823 57.3674
    endloop
  endfacet
  facet normal 0 0.156255 -0.987717
    outer loop
      vertex 371.333 505 57.1
      vertex 375.333 505.433 57.1685
      vertex 375.333 505 57.1
    endloop
  endfacet
  facet normal 0 0.156255 -0.987717
    outer loop
      vertex 375.333 505.433 57.1685
      vertex 371.333 505 57.1
      vertex 371.333 505.433 57.1685
    endloop
  endfacet
endsolid OpenSCAD_Model
