solid OpenSCAD_Model
  facet normal 1 -0 0
    outer loop
      vertex 135.133 0 117
      vertex 135.133 2 59.25
      vertex 135.133 2 117
    endloop
  endfacet
  facet normal 1 0 0
    outer loop
      vertex 135.133 2 59.25
      vertex 135.133 0 117
      vertex 135.133 2 57.75
    endloop
  endfacet
  facet normal 1 0 0
    outer loop
      vertex 135.133 0 0
      vertex 135.133 2 57.75
      vertex 135.133 0 117
    endloop
  endfacet
  facet normal 1 0 0
    outer loop
      vertex 135.133 2 57.75
      vertex 135.133 0 0
      vertex 135.133 2 29.85
    endloop
  endfacet
  facet normal 1 0 0
    outer loop
      vertex 135.133 2 29.85
      vertex 135.133 0 0
      vertex 135.133 2 28.35
    endloop
  endfacet
  facet normal 1 0 0
    outer loop
      vertex 135.133 2 28.35
      vertex 135.133 0 0
      vertex 135.133 2 0
    endloop
  endfacet
  facet normal 1 -0 0
    outer loop
      vertex 135.133 2 59.25
      vertex 135.133 3.5 57.75
      vertex 135.133 3.5 59.25
    endloop
  endfacet
  facet normal 1 0 0
    outer loop
      vertex 135.133 3.5 57.75
      vertex 135.133 2 59.25
      vertex 135.133 2 57.75
    endloop
  endfacet
  facet normal 1 -0 0
    outer loop
      vertex 135.133 2 29.85
      vertex 135.133 3.5 28.35
      vertex 135.133 3.5 29.85
    endloop
  endfacet
  facet normal 1 0 0
    outer loop
      vertex 135.133 3.5 28.35
      vertex 135.133 2 29.85
      vertex 135.133 2 28.35
    endloop
  endfacet
  facet normal -0 0 1
    outer loop
      vertex 98.3243 0.599999 58.2
      vertex 99.0056 0 58.2
      vertex 99.0056 0.599999 58.2
    endloop
  endfacet
  facet normal 0 0 1
    outer loop
      vertex 99.0056 0 58.2
      vertex 98.3243 0.599999 58.2
      vertex 98.3243 0 58.2
    endloop
  endfacet
  facet normal 0 0 -1
    outer loop
      vertex 70.0667 0 0
      vertex 135.133 2 0
      vertex 135.133 0 0
    endloop
  endfacet
  facet normal -0 0 -1
    outer loop
      vertex 135.133 2 0
      vertex 70.0667 0 0
      vertex 70.0667 2 0
    endloop
  endfacet
  facet normal -1 0 0
    outer loop
      vertex 70.0667 -0.236373 58.0983
      vertex 70.0667 0 57.6842
      vertex 70.0667 -0.0517216 57.7359
    endloop
  endfacet
  facet normal -1 0 0
    outer loop
      vertex 70.0667 0 57.6842
      vertex 70.0667 -0.236373 58.0983
      vertex 70.0667 0 59.3158
    endloop
  endfacet
  facet normal -1 0 0
    outer loop
      vertex 70.0667 -0.299999 58.5
      vertex 70.0667 0 59.3158
      vertex 70.0667 -0.236373 58.0983
    endloop
  endfacet
  facet normal -1 0 0
    outer loop
      vertex 70.0667 0 59.3158
      vertex 70.0667 -0.236373 58.9017
      vertex 70.0667 -0.0517216 59.2641
    endloop
  endfacet
  facet normal -1 0 0
    outer loop
      vertex 70.0667 0 59.3158
      vertex 70.0667 -0.299999 58.5
      vertex 70.0667 -0.236373 58.9017
    endloop
  endfacet
  facet normal -1 0 0
    outer loop
      vertex 70.0667 -0.236373 28.6983
      vertex 70.0667 0 28.2842
      vertex 70.0667 -0.0517216 28.3359
    endloop
  endfacet
  facet normal -1 0 0
    outer loop
      vertex 70.0667 0 28.2842
      vertex 70.0667 -0.236373 28.6983
      vertex 70.0667 0 29.9158
    endloop
  endfacet
  facet normal -1 0 0
    outer loop
      vertex 70.0667 -0.299999 29.1
      vertex 70.0667 0 29.9158
      vertex 70.0667 -0.236373 28.6983
    endloop
  endfacet
  facet normal -1 0 0
    outer loop
      vertex 70.0667 0 29.9158
      vertex 70.0667 -0.236373 29.5017
      vertex 70.0667 -0.0517216 29.8641
    endloop
  endfacet
  facet normal -1 0 0
    outer loop
      vertex 70.0667 0 29.9158
      vertex 70.0667 -0.299999 29.1
      vertex 70.0667 -0.236373 29.5017
    endloop
  endfacet
  facet normal -1 0 0
    outer loop
      vertex 70.0667 0 28.2842
      vertex 70.0667 2 28.2842
      vertex 70.0667 2 0
    endloop
  endfacet
  facet normal -1 0 0
    outer loop
      vertex 70.0667 2 28.2842
      vertex 70.0667 0 28.2842
      vertex 70.0667 2 29.9158
    endloop
  endfacet
  facet normal -1 0 0
    outer loop
      vertex 70.0667 2 29.9158
      vertex 70.0667 0 29.9158
      vertex 70.0667 2 57.6842
    endloop
  endfacet
  facet normal -1 0 0
    outer loop
      vertex 70.0667 0 57.6842
      vertex 70.0667 2 57.6842
      vertex 70.0667 0 29.9158
    endloop
  endfacet
  facet normal -1 0 0
    outer loop
      vertex 70.0667 0 28.2842
      vertex 70.0667 2 0
      vertex 70.0667 0 0
    endloop
  endfacet
  facet normal -1 -0 0
    outer loop
      vertex 70.0667 2 29.9158
      vertex 70.0667 0 28.2842
      vertex 70.0667 0 29.9158
    endloop
  endfacet
  facet normal -1 0 0
    outer loop
      vertex 70.0667 2 57.6842
      vertex 70.0667 0 57.6842
      vertex 70.0667 2 59.3158
    endloop
  endfacet
  facet normal -1 0 0
    outer loop
      vertex 70.0667 0 59.3158
      vertex 70.0667 2 59.3158
      vertex 70.0667 0 57.6842
    endloop
  endfacet
  facet normal -1 0 0
    outer loop
      vertex 70.0667 2 59.3158
      vertex 70.0667 0 59.3158
      vertex 70.0667 2 117
    endloop
  endfacet
  facet normal -1 -0 0
    outer loop
      vertex 70.0667 2 117
      vertex 70.0667 0 59.3158
      vertex 70.0667 0 117
    endloop
  endfacet
  facet normal -1 0 0
    outer loop
      vertex 70.0667 2 28.2842
      vertex 70.0667 2.3 29.1
      vertex 70.0667 2.23637 28.6983
    endloop
  endfacet
  facet normal -1 0 0
    outer loop
      vertex 70.0667 2 28.2842
      vertex 70.0667 2.23637 28.6983
      vertex 70.0667 2.05172 28.3359
    endloop
  endfacet
  facet normal -1 -0 0
    outer loop
      vertex 70.0667 2.3 29.1
      vertex 70.0667 2 28.2842
      vertex 70.0667 2.23637 29.5017
    endloop
  endfacet
  facet normal -1 0 0
    outer loop
      vertex 70.0667 2 29.9158
      vertex 70.0667 2.23637 29.5017
      vertex 70.0667 2 28.2842
    endloop
  endfacet
  facet normal -1 0 0
    outer loop
      vertex 70.0667 2.23637 29.5017
      vertex 70.0667 2 29.9158
      vertex 70.0667 2.05172 29.8641
    endloop
  endfacet
  facet normal -1 0 0
    outer loop
      vertex 70.0667 2 57.6842
      vertex 70.0667 2.3 58.5
      vertex 70.0667 2.23637 58.0983
    endloop
  endfacet
  facet normal -1 0 0
    outer loop
      vertex 70.0667 2 57.6842
      vertex 70.0667 2.23637 58.0983
      vertex 70.0667 2.05172 57.7359
    endloop
  endfacet
  facet normal -1 -0 0
    outer loop
      vertex 70.0667 2.3 58.5
      vertex 70.0667 2 57.6842
      vertex 70.0667 2.23637 58.9017
    endloop
  endfacet
  facet normal -1 0 0
    outer loop
      vertex 70.0667 2 59.3158
      vertex 70.0667 2.23637 58.9017
      vertex 70.0667 2 57.6842
    endloop
  endfacet
  facet normal -1 0 0
    outer loop
      vertex 70.0667 2.23637 58.9017
      vertex 70.0667 2 59.3158
      vertex 70.0667 2.05172 59.2641
    endloop
  endfacet
  facet normal 0 1 -0
    outer loop
      vertex 135.133 2 0
      vertex 133.633 2 28.35
      vertex 135.133 2 28.35
    endloop
  endfacet
  facet normal 0 1 0
    outer loop
      vertex 133.633 2 28.35
      vertex 135.133 2 0
      vertex 74.0667 2 28.2842
    endloop
  endfacet
  facet normal 0 1 0
    outer loop
      vertex 70.0667 2 0
      vertex 74.0667 2 28.2842
      vertex 135.133 2 0
    endloop
  endfacet
  facet normal 0 1 0
    outer loop
      vertex 74.0667 2 28.2842
      vertex 70.0667 2 0
      vertex 70.0667 2 28.2842
    endloop
  endfacet
  facet normal 0 1 0
    outer loop
      vertex 133.633 2 29.85
      vertex 133.633 2 57.75
      vertex 135.133 2 57.75
    endloop
  endfacet
  facet normal 0 1 0
    outer loop
      vertex 74.0667 2 57.6842
      vertex 74.0667 2 29.9158
      vertex 70.0667 2 57.6842
    endloop
  endfacet
  facet normal 0 1 0
    outer loop
      vertex 133.633 2 57.75
      vertex 133.633 2 29.85
      vertex 74.0667 2 57.6842
    endloop
  endfacet
  facet normal 0 1 0
    outer loop
      vertex 133.633 2 29.85
      vertex 135.133 2 57.75
      vertex 135.133 2 29.85
    endloop
  endfacet
  facet normal 0 1 0
    outer loop
      vertex 74.0667 2 57.6842
      vertex 133.633 2 29.85
      vertex 74.0667 2 29.9158
    endloop
  endfacet
  facet normal 0 1 -0
    outer loop
      vertex 133.633 2 28.35
      vertex 74.0667 2 29.9158
      vertex 133.633 2 29.85
    endloop
  endfacet
  facet normal 0 1 0
    outer loop
      vertex 74.0667 2 29.9158
      vertex 133.633 2 28.35
      vertex 74.0667 2 28.2842
    endloop
  endfacet
  facet normal 0 1 0
    outer loop
      vertex 135.133 2 117
      vertex 74.0667 2 59.3158
      vertex 70.0667 2 117
    endloop
  endfacet
  facet normal 0 1 0
    outer loop
      vertex 133.633 2 59.25
      vertex 135.133 2 117
      vertex 135.133 2 59.25
    endloop
  endfacet
  facet normal 0 1 0
    outer loop
      vertex 135.133 2 117
      vertex 133.633 2 59.25
      vertex 74.0667 2 59.3158
    endloop
  endfacet
  facet normal 0 1 -0
    outer loop
      vertex 133.633 2 57.75
      vertex 74.0667 2 59.3158
      vertex 133.633 2 59.25
    endloop
  endfacet
  facet normal 0 1 0
    outer loop
      vertex 74.0667 2 59.3158
      vertex 133.633 2 57.75
      vertex 74.0667 2 57.6842
    endloop
  endfacet
  facet normal 0 1 0
    outer loop
      vertex 70.0667 2 117
      vertex 74.0667 2 59.3158
      vertex 70.0667 2 59.3158
    endloop
  endfacet
  facet normal 0 1 0
    outer loop
      vertex 70.0667 2 57.6842
      vertex 74.0667 2 29.9158
      vertex 70.0667 2 29.9158
    endloop
  endfacet
  facet normal 0 -1 0
    outer loop
      vertex 70.0667 0 28.2842
      vertex 70.0667 0 0
      vertex 74.0667 0 28.2842
    endloop
  endfacet
  facet normal 0 -1 0
    outer loop
      vertex 70.0667 0 57.6842
      vertex 70.0667 0 29.9158
      vertex 74.0667 0 57.6842
    endloop
  endfacet
  facet normal 0 -1 0
    outer loop
      vertex 74.0667 0 59.3158
      vertex 98.3243 0 58.2
      vertex 99.0056 0 59.2431
    endloop
  endfacet
  facet normal 0 -1 0
    outer loop
      vertex 74.0667 0 29.9158
      vertex 98.3243 0 58.2
      vertex 74.0667 0 57.6842
    endloop
  endfacet
  facet normal 0 -1 0
    outer loop
      vertex 74.0667 0 57.6842
      vertex 98.3243 0 58.2
      vertex 74.0667 0 59.3158
    endloop
  endfacet
  facet normal 0 -1 0
    outer loop
      vertex 70.0667 0 117
      vertex 106.138 0 65.7001
      vertex 135.133 0 117
    endloop
  endfacet
  facet normal 0 -1 0
    outer loop
      vertex 70.0667 0 117
      vertex 105.609 0 65.4853
      vertex 106.138 0 65.7001
    endloop
  endfacet
  facet normal 0 -1 0
    outer loop
      vertex 70.0667 0 117
      vertex 105.524 0 65.4414
      vertex 105.609 0 65.4853
    endloop
  endfacet
  facet normal 0 -1 0
    outer loop
      vertex 70.0667 0 117
      vertex 104.9 0 65.036
      vertex 105.524 0 65.4414
    endloop
  endfacet
  facet normal 0 -1 0
    outer loop
      vertex 70.0667 0 117
      vertex 104.823 0 64.9743
      vertex 104.9 0 65.036
    endloop
  endfacet
  facet normal 0 -1 0
    outer loop
      vertex 74.0667 0 59.3158
      vertex 104.823 0 64.9743
      vertex 70.0667 0 117
    endloop
  endfacet
  facet normal 0 -1 0
    outer loop
      vertex 104.823 0 64.9743
      vertex 74.0667 0 59.3158
      vertex 104.307 0 64.4712
    endloop
  endfacet
  facet normal 0 -1 0
    outer loop
      vertex 104.307 0 64.4712
      vertex 74.0667 0 59.3158
      vertex 104.241 0 64.3918
    endloop
  endfacet
  facet normal 0 -1 0
    outer loop
      vertex 99.0056 0 59.2431
      vertex 104.241 0 64.3918
      vertex 74.0667 0 59.3158
    endloop
  endfacet
  facet normal 0 -1 0
    outer loop
      vertex 104.241 0 64.3918
      vertex 99.0056 0 59.2431
      vertex 103.847 0 63.8028
    endloop
  endfacet
  facet normal 0 -1 0
    outer loop
      vertex 103.847 0 63.8028
      vertex 99.0056 0 59.2431
      vertex 103.799 0 63.7133
    endloop
  endfacet
  facet normal 0 -1 0
    outer loop
      vertex 103.799 0 63.7133
      vertex 99.0056 0 59.2431
      vertex 103.52 0 63.0283
    endloop
  endfacet
  facet normal 0 -1 0
    outer loop
      vertex 103.51 0 62.5734
      vertex 103.802 0 62.1877
      vertex 103.813 0 62.4243
    endloop
  endfacet
  facet normal 0 -1 0
    outer loop
      vertex 99.0056 0 59.2431
      vertex 103.802 0 62.1877
      vertex 103.51 0 62.5734
    endloop
  endfacet
  facet normal 0 -1 -0
    outer loop
      vertex 103.437 0 62.6689
      vertex 99.0056 0 59.2431
      vertex 103.51 0 62.5734
    endloop
  endfacet
  facet normal 0 -1 0
    outer loop
      vertex 103.493 0 62.9402
      vertex 99.0056 0 59.2431
      vertex 103.437 0 62.6689
    endloop
  endfacet
  facet normal 0 -1 0
    outer loop
      vertex 103.52 0 63.0283
      vertex 99.0056 0 59.2431
      vertex 103.493 0 62.9402
    endloop
  endfacet
  facet normal 0 -1 0
    outer loop
      vertex 74.0667 0 59.3158
      vertex 70.0667 0 117
      vertex 70.0667 0 59.3158
    endloop
  endfacet
  facet normal 0 -1 0
    outer loop
      vertex 106.504 0 65.3338
      vertex 135.133 0 117
      vertex 106.138 0 65.7001
    endloop
  endfacet
  facet normal 0 -1 0
    outer loop
      vertex 106.504 0 62.9189
      vertex 135.133 0 117
      vertex 106.504 0 65.3338
    endloop
  endfacet
  facet normal 0 -1 0
    outer loop
      vertex 106.37 0 62.6772
      vertex 106.504 0 62.9189
      vertex 106.39 0 62.7209
    endloop
  endfacet
  facet normal 0 -1 0
    outer loop
      vertex 106.257 0 62.3485
      vertex 106.504 0 62.9189
      vertex 106.37 0 62.6772
    endloop
  endfacet
  facet normal 0 -1 0
    outer loop
      vertex 106.249 0 62.3152
      vertex 106.504 0 62.9189
      vertex 106.257 0 62.3485
    endloop
  endfacet
  facet normal 0 -1 -0
    outer loop
      vertex 106.504 0 62.9189
      vertex 106.249 0 62.3152
      vertex 135.133 0 0
    endloop
  endfacet
  facet normal 0 -1 -0
    outer loop
      vertex 103.802 0 62.1877
      vertex 99.0056 0 59.2431
      vertex 103.891 0 62.0695
    endloop
  endfacet
  facet normal 0 -1 0
    outer loop
      vertex 99.0056 0 58.2
      vertex 103.891 0 62.0695
      vertex 99.0056 0 59.2431
    endloop
  endfacet
  facet normal 0 -1 -0
    outer loop
      vertex 103.891 0 62.0695
      vertex 99.0056 0 58.2
      vertex 105.728 0 61.9387
    endloop
  endfacet
  facet normal 0 -1 0
    outer loop
      vertex 74.0667 0 29.9158
      vertex 74.0667 0 57.6842
      vertex 70.0667 0 29.9158
    endloop
  endfacet
  facet normal 0 -1 -0
    outer loop
      vertex 98.3243 0 58.2
      vertex 74.0667 0 29.9158
      vertex 99.0056 0 58.2
    endloop
  endfacet
  facet normal 0 -1 0
    outer loop
      vertex 74.0667 0 28.2842
      vertex 99.0056 0 58.2
      vertex 74.0667 0 29.9158
    endloop
  endfacet
  facet normal 0 -1 0
    outer loop
      vertex 135.133 0 0
      vertex 99.0056 0 58.2
      vertex 74.0667 0 28.2842
    endloop
  endfacet
  facet normal 0 -1 0
    outer loop
      vertex 99.0056 0 58.2
      vertex 135.133 0 0
      vertex 105.728 0 61.9387
    endloop
  endfacet
  facet normal 0 -1 0
    outer loop
      vertex 135.133 0 0
      vertex 74.0667 0 28.2842
      vertex 70.0667 0 0
    endloop
  endfacet
  facet normal 0 -1 0
    outer loop
      vertex 106.504 0 62.9189
      vertex 135.133 0 0
      vertex 135.133 0 117
    endloop
  endfacet
  facet normal 0 -1 0
    outer loop
      vertex 105.728 0 61.9387
      vertex 135.133 0 0
      vertex 106.249 0 62.3152
    endloop
  endfacet
  facet normal 0 -1 0
    outer loop
      vertex 103.797 0 63.1048
      vertex 103.853 0 63.0506
      vertex 103.806 0 63.1098
    endloop
  endfacet
  facet normal 0 -1 0
    outer loop
      vertex 103.716 0 62.9432
      vertex 103.853 0 63.0506
      vertex 103.797 0 63.1048
    endloop
  endfacet
  facet normal 0 -1 0
    outer loop
      vertex 103.853 0 63.0506
      vertex 103.716 0 62.9432
      vertex 103.845 0 62.9509
    endloop
  endfacet
  facet normal 0 -1 0
    outer loop
      vertex 103.705 0 62.9238
      vertex 103.845 0 62.9509
      vertex 103.716 0 62.9432
    endloop
  endfacet
  facet normal 0 -1 0
    outer loop
      vertex 103.705 0 62.9238
      vertex 103.83 0 62.715
      vertex 103.845 0 62.9509
    endloop
  endfacet
  facet normal 0 -1 0
    outer loop
      vertex 103.51 0 62.5734
      vertex 103.83 0 62.715
      vertex 103.705 0 62.9238
    endloop
  endfacet
  facet normal 0 -1 0
    outer loop
      vertex 103.83 0 62.715
      vertex 103.51 0 62.5734
      vertex 103.813 0 62.4243
    endloop
  endfacet
  facet normal 1 0 0
    outer loop
      vertex 74.0667 -0.236373 29.5017
      vertex 74.0667 0 29.9158
      vertex 74.0667 -0.0517216 29.8641
    endloop
  endfacet
  facet normal 1 0 0
    outer loop
      vertex 74.0667 0 29.9158
      vertex 74.0667 -0.236373 29.5017
      vertex 74.0667 0 28.2842
    endloop
  endfacet
  facet normal 1 -0 0
    outer loop
      vertex 74.0667 -0.299999 29.1
      vertex 74.0667 0 28.2842
      vertex 74.0667 -0.236373 29.5017
    endloop
  endfacet
  facet normal 1 0 0
    outer loop
      vertex 74.0667 0 28.2842
      vertex 74.0667 -0.236373 28.6983
      vertex 74.0667 -0.0517216 28.3359
    endloop
  endfacet
  facet normal 1 0 0
    outer loop
      vertex 74.0667 0 28.2842
      vertex 74.0667 -0.299999 29.1
      vertex 74.0667 -0.236373 28.6983
    endloop
  endfacet
  facet normal 1 0 0
    outer loop
      vertex 74.0667 2 29.9158
      vertex 74.0667 2.3 29.1
      vertex 74.0667 2.23637 29.5017
    endloop
  endfacet
  facet normal 1 0 0
    outer loop
      vertex 74.0667 2 29.9158
      vertex 74.0667 2.23637 29.5017
      vertex 74.0667 2.05172 29.8641
    endloop
  endfacet
  facet normal 1 0 0
    outer loop
      vertex 74.0667 2.3 29.1
      vertex 74.0667 2 29.9158
      vertex 74.0667 2.23637 28.6983
    endloop
  endfacet
  facet normal 1 0 0
    outer loop
      vertex 74.0667 2 28.2842
      vertex 74.0667 2.23637 28.6983
      vertex 74.0667 2 29.9158
    endloop
  endfacet
  facet normal 1 0 0
    outer loop
      vertex 74.0667 2.23637 28.6983
      vertex 74.0667 2 28.2842
      vertex 74.0667 2.05172 28.3359
    endloop
  endfacet
  facet normal 0 -0.891007 -0.453989
    outer loop
      vertex 70.0667 -0.0517216 28.3359
      vertex 74.0667 -0.236373 28.6983
      vertex 70.0667 -0.236373 28.6983
    endloop
  endfacet
  facet normal 0 -0.891007 -0.453989
    outer loop
      vertex 74.0667 -0.236373 28.6983
      vertex 70.0667 -0.0517216 28.3359
      vertex 74.0667 -0.0517216 28.3359
    endloop
  endfacet
  facet normal 0 0.891009 0.453987
    outer loop
      vertex 74.0667 2.23637 29.5017
      vertex 70.0667 2.05172 29.8641
      vertex 74.0667 2.05172 29.8641
    endloop
  endfacet
  facet normal 0 0.891009 0.453987
    outer loop
      vertex 70.0667 2.05172 29.8641
      vertex 74.0667 2.23637 29.5017
      vertex 70.0667 2.23637 29.5017
    endloop
  endfacet
  facet normal 0 0.987686 -0.156451
    outer loop
      vertex 74.0667 2.23637 28.6983
      vertex 70.0667 2.3 29.1
      vertex 74.0667 2.3 29.1
    endloop
  endfacet
  facet normal 0 0.987686 -0.156451
    outer loop
      vertex 70.0667 2.3 29.1
      vertex 74.0667 2.23637 28.6983
      vertex 70.0667 2.23637 28.6983
    endloop
  endfacet
  facet normal 0 0.70697 -0.707244
    outer loop
      vertex 74.0667 2 28.2842
      vertex 70.0667 2.05172 28.3359
      vertex 74.0667 2.05172 28.3359
    endloop
  endfacet
  facet normal 0 0.70697 -0.707244
    outer loop
      vertex 70.0667 2.05172 28.3359
      vertex 74.0667 2 28.2842
      vertex 70.0667 2 28.2842
    endloop
  endfacet
  facet normal 0 -0.706959 -0.707254
    outer loop
      vertex 70.0667 0 28.2842
      vertex 74.0667 -0.0517216 28.3359
      vertex 70.0667 -0.0517216 28.3359
    endloop
  endfacet
  facet normal 0 -0.706959 -0.707254
    outer loop
      vertex 74.0667 -0.0517216 28.3359
      vertex 70.0667 0 28.2842
      vertex 74.0667 0 28.2842
    endloop
  endfacet
  facet normal 0 0.891009 -0.453987
    outer loop
      vertex 74.0667 2.05172 28.3359
      vertex 70.0667 2.23637 28.6983
      vertex 74.0667 2.23637 28.6983
    endloop
  endfacet
  facet normal 0 0.891009 -0.453987
    outer loop
      vertex 70.0667 2.23637 28.6983
      vertex 74.0667 2.05172 28.3359
      vertex 70.0667 2.05172 28.3359
    endloop
  endfacet
  facet normal 0 -0.706959 0.707254
    outer loop
      vertex 70.0667 -0.0517216 29.8641
      vertex 74.0667 0 29.9158
      vertex 70.0667 0 29.9158
    endloop
  endfacet
  facet normal 0 -0.706959 0.707254
    outer loop
      vertex 74.0667 0 29.9158
      vertex 70.0667 -0.0517216 29.8641
      vertex 74.0667 -0.0517216 29.8641
    endloop
  endfacet
  facet normal 0 0.987686 0.156451
    outer loop
      vertex 74.0667 2.3 29.1
      vertex 70.0667 2.23637 29.5017
      vertex 74.0667 2.23637 29.5017
    endloop
  endfacet
  facet normal 0 0.987686 0.156451
    outer loop
      vertex 70.0667 2.23637 29.5017
      vertex 74.0667 2.3 29.1
      vertex 70.0667 2.3 29.1
    endloop
  endfacet
  facet normal 0 -0.891007 0.453989
    outer loop
      vertex 70.0667 -0.236373 29.5017
      vertex 74.0667 -0.0517216 29.8641
      vertex 70.0667 -0.0517216 29.8641
    endloop
  endfacet
  facet normal 0 -0.891007 0.453989
    outer loop
      vertex 74.0667 -0.0517216 29.8641
      vertex 70.0667 -0.236373 29.5017
      vertex 74.0667 -0.236373 29.5017
    endloop
  endfacet
  facet normal 0 0.70697 0.707244
    outer loop
      vertex 74.0667 2.05172 29.8641
      vertex 70.0667 2 29.9158
      vertex 74.0667 2 29.9158
    endloop
  endfacet
  facet normal 0 0.70697 0.707244
    outer loop
      vertex 70.0667 2 29.9158
      vertex 74.0667 2.05172 29.8641
      vertex 70.0667 2.05172 29.8641
    endloop
  endfacet
  facet normal 0 -0.987687 0.156442
    outer loop
      vertex 70.0667 -0.299999 29.1
      vertex 74.0667 -0.236373 29.5017
      vertex 70.0667 -0.236373 29.5017
    endloop
  endfacet
  facet normal 0 -0.987687 0.156442
    outer loop
      vertex 74.0667 -0.236373 29.5017
      vertex 70.0667 -0.299999 29.1
      vertex 74.0667 -0.299999 29.1
    endloop
  endfacet
  facet normal 0 -0.987687 -0.156442
    outer loop
      vertex 70.0667 -0.236373 28.6983
      vertex 74.0667 -0.299999 29.1
      vertex 70.0667 -0.299999 29.1
    endloop
  endfacet
  facet normal 0 -0.987687 -0.156442
    outer loop
      vertex 74.0667 -0.299999 29.1
      vertex 70.0667 -0.236373 28.6983
      vertex 74.0667 -0.236373 28.6983
    endloop
  endfacet
  facet normal -0 0 1
    outer loop
      vertex 133.633 3.5 29.85
      vertex 135.133 2 29.85
      vertex 135.133 3.5 29.85
    endloop
  endfacet
  facet normal 0 0 1
    outer loop
      vertex 135.133 2 29.85
      vertex 133.633 3.5 29.85
      vertex 133.633 2 29.85
    endloop
  endfacet
  facet normal 0 0 -1
    outer loop
      vertex 133.633 2 28.35
      vertex 135.133 3.5 28.35
      vertex 135.133 2 28.35
    endloop
  endfacet
  facet normal -0 0 -1
    outer loop
      vertex 135.133 3.5 28.35
      vertex 133.633 2 28.35
      vertex 133.633 3.5 28.35
    endloop
  endfacet
  facet normal -1 0 0
    outer loop
      vertex 133.633 2 28.35
      vertex 133.633 3.5 29.85
      vertex 133.633 3.5 28.35
    endloop
  endfacet
  facet normal -1 -0 0
    outer loop
      vertex 133.633 3.5 29.85
      vertex 133.633 2 28.35
      vertex 133.633 2 29.85
    endloop
  endfacet
  facet normal 0 1 -0
    outer loop
      vertex 135.133 3.5 28.35
      vertex 133.633 3.5 29.85
      vertex 135.133 3.5 29.85
    endloop
  endfacet
  facet normal 0 1 0
    outer loop
      vertex 133.633 3.5 29.85
      vertex 135.133 3.5 28.35
      vertex 133.633 3.5 28.35
    endloop
  endfacet
  facet normal 1 -0 0
    outer loop
      vertex 266.467 0 117
      vertex 266.467 2 59.25
      vertex 266.467 2 117
    endloop
  endfacet
  facet normal 1 0 0
    outer loop
      vertex 266.467 2 59.25
      vertex 266.467 0 117
      vertex 266.467 2 57.75
    endloop
  endfacet
  facet normal 1 0 0
    outer loop
      vertex 266.467 0 0
      vertex 266.467 2 57.75
      vertex 266.467 0 117
    endloop
  endfacet
  facet normal 1 0 0
    outer loop
      vertex 266.467 2 57.75
      vertex 266.467 0 0
      vertex 266.467 2 29.85
    endloop
  endfacet
  facet normal 1 0 0
    outer loop
      vertex 266.467 2 29.85
      vertex 266.467 0 0
      vertex 266.467 2 28.35
    endloop
  endfacet
  facet normal 1 0 0
    outer loop
      vertex 266.467 2 28.35
      vertex 266.467 0 0
      vertex 266.467 2 0
    endloop
  endfacet
  facet normal 1 -0 0
    outer loop
      vertex 266.467 2 59.25
      vertex 266.467 3.5 57.75
      vertex 266.467 3.5 59.25
    endloop
  endfacet
  facet normal 1 0 0
    outer loop
      vertex 266.467 3.5 57.75
      vertex 266.467 2 59.25
      vertex 266.467 2 57.75
    endloop
  endfacet
  facet normal 1 -0 0
    outer loop
      vertex 266.467 2 29.85
      vertex 266.467 3.5 28.35
      vertex 266.467 3.5 29.85
    endloop
  endfacet
  facet normal 1 0 0
    outer loop
      vertex 266.467 3.5 28.35
      vertex 266.467 2 29.85
      vertex 266.467 2 28.35
    endloop
  endfacet
  facet normal -0 0 1
    outer loop
      vertex 202.93 0.599999 58.2
      vertex 203.007 0 58.2
      vertex 203.007 0.599999 58.2
    endloop
  endfacet
  facet normal 0 0 1
    outer loop
      vertex 203.007 0 58.2
      vertex 202.93 0.599999 58.2
      vertex 202.93 0 58.2
    endloop
  endfacet
  facet normal 0 0 -1
    outer loop
      vertex 135.733 0 0
      vertex 266.467 2 0
      vertex 266.467 0 0
    endloop
  endfacet
  facet normal -0 0 -1
    outer loop
      vertex 266.467 2 0
      vertex 135.733 0 0
      vertex 135.733 2 0
    endloop
  endfacet
  facet normal -1 0 0
    outer loop
      vertex 135.733 -0.236373 58.0983
      vertex 135.733 0 57.6842
      vertex 135.733 -0.0517216 57.7359
    endloop
  endfacet
  facet normal -1 0 0
    outer loop
      vertex 135.733 0 57.6842
      vertex 135.733 -0.236373 58.0983
      vertex 135.733 0 59.3158
    endloop
  endfacet
  facet normal -1 0 0
    outer loop
      vertex 135.733 -0.299999 58.5
      vertex 135.733 0 59.3158
      vertex 135.733 -0.236373 58.0983
    endloop
  endfacet
  facet normal -1 0 0
    outer loop
      vertex 135.733 0 59.3158
      vertex 135.733 -0.236373 58.9017
      vertex 135.733 -0.0517216 59.2641
    endloop
  endfacet
  facet normal -1 0 0
    outer loop
      vertex 135.733 0 59.3158
      vertex 135.733 -0.299999 58.5
      vertex 135.733 -0.236373 58.9017
    endloop
  endfacet
  facet normal -1 0 0
    outer loop
      vertex 135.733 -0.236373 28.6983
      vertex 135.733 0 28.2842
      vertex 135.733 -0.0517216 28.3359
    endloop
  endfacet
  facet normal -1 0 0
    outer loop
      vertex 135.733 0 28.2842
      vertex 135.733 -0.236373 28.6983
      vertex 135.733 0 29.9158
    endloop
  endfacet
  facet normal -1 0 0
    outer loop
      vertex 135.733 -0.299999 29.1
      vertex 135.733 0 29.9158
      vertex 135.733 -0.236373 28.6983
    endloop
  endfacet
  facet normal -1 0 0
    outer loop
      vertex 135.733 0 29.9158
      vertex 135.733 -0.236373 29.5017
      vertex 135.733 -0.0517216 29.8641
    endloop
  endfacet
  facet normal -1 0 0
    outer loop
      vertex 135.733 0 29.9158
      vertex 135.733 -0.299999 29.1
      vertex 135.733 -0.236373 29.5017
    endloop
  endfacet
  facet normal -1 0 0
    outer loop
      vertex 135.733 0 28.2842
      vertex 135.733 2 28.2842
      vertex 135.733 2 0
    endloop
  endfacet
  facet normal -1 0 0
    outer loop
      vertex 135.733 2 28.2842
      vertex 135.733 0 28.2842
      vertex 135.733 2 29.9158
    endloop
  endfacet
  facet normal -1 0 0
    outer loop
      vertex 135.733 2 29.9158
      vertex 135.733 0 29.9158
      vertex 135.733 2 57.6842
    endloop
  endfacet
  facet normal -1 0 0
    outer loop
      vertex 135.733 0 57.6842
      vertex 135.733 2 57.6842
      vertex 135.733 0 29.9158
    endloop
  endfacet
  facet normal -1 0 0
    outer loop
      vertex 135.733 0 28.2842
      vertex 135.733 2 0
      vertex 135.733 0 0
    endloop
  endfacet
  facet normal -1 -0 0
    outer loop
      vertex 135.733 2 29.9158
      vertex 135.733 0 28.2842
      vertex 135.733 0 29.9158
    endloop
  endfacet
  facet normal -1 0 0
    outer loop
      vertex 135.733 2 57.6842
      vertex 135.733 0 57.6842
      vertex 135.733 2 59.3158
    endloop
  endfacet
  facet normal -1 0 0
    outer loop
      vertex 135.733 0 59.3158
      vertex 135.733 2 59.3158
      vertex 135.733 0 57.6842
    endloop
  endfacet
  facet normal -1 0 0
    outer loop
      vertex 135.733 2 59.3158
      vertex 135.733 0 59.3158
      vertex 135.733 2 117
    endloop
  endfacet
  facet normal -1 -0 0
    outer loop
      vertex 135.733 2 117
      vertex 135.733 0 59.3158
      vertex 135.733 0 117
    endloop
  endfacet
  facet normal -1 0 0
    outer loop
      vertex 135.733 2 28.2842
      vertex 135.733 2.3 29.1
      vertex 135.733 2.23637 28.6983
    endloop
  endfacet
  facet normal -1 0 0
    outer loop
      vertex 135.733 2 28.2842
      vertex 135.733 2.23637 28.6983
      vertex 135.733 2.05172 28.3359
    endloop
  endfacet
  facet normal -1 -0 0
    outer loop
      vertex 135.733 2.3 29.1
      vertex 135.733 2 28.2842
      vertex 135.733 2.23637 29.5017
    endloop
  endfacet
  facet normal -1 0 0
    outer loop
      vertex 135.733 2 29.9158
      vertex 135.733 2.23637 29.5017
      vertex 135.733 2 28.2842
    endloop
  endfacet
  facet normal -1 0 0
    outer loop
      vertex 135.733 2.23637 29.5017
      vertex 135.733 2 29.9158
      vertex 135.733 2.05172 29.8641
    endloop
  endfacet
  facet normal -1 0 0
    outer loop
      vertex 135.733 2 57.6842
      vertex 135.733 2.3 58.5
      vertex 135.733 2.23637 58.0983
    endloop
  endfacet
  facet normal -1 0 0
    outer loop
      vertex 135.733 2 57.6842
      vertex 135.733 2.23637 58.0983
      vertex 135.733 2.05172 57.7359
    endloop
  endfacet
  facet normal -1 -0 0
    outer loop
      vertex 135.733 2.3 58.5
      vertex 135.733 2 57.6842
      vertex 135.733 2.23637 58.9017
    endloop
  endfacet
  facet normal -1 0 0
    outer loop
      vertex 135.733 2 59.3158
      vertex 135.733 2.23637 58.9017
      vertex 135.733 2 57.6842
    endloop
  endfacet
  facet normal -1 0 0
    outer loop
      vertex 135.733 2.23637 58.9017
      vertex 135.733 2 59.3158
      vertex 135.733 2.05172 59.2641
    endloop
  endfacet
  facet normal 0 1 -0
    outer loop
      vertex 266.467 2 0
      vertex 264.967 2 28.35
      vertex 266.467 2 28.35
    endloop
  endfacet
  facet normal 0 1 0
    outer loop
      vertex 264.967 2 28.35
      vertex 266.467 2 0
      vertex 139.733 2 28.2842
    endloop
  endfacet
  facet normal 0 1 0
    outer loop
      vertex 135.733 2 0
      vertex 139.733 2 28.2842
      vertex 266.467 2 0
    endloop
  endfacet
  facet normal 0 1 0
    outer loop
      vertex 139.733 2 28.2842
      vertex 135.733 2 0
      vertex 135.733 2 28.2842
    endloop
  endfacet
  facet normal 0 1 0
    outer loop
      vertex 264.967 2 29.85
      vertex 264.967 2 57.75
      vertex 266.467 2 57.75
    endloop
  endfacet
  facet normal 0 1 0
    outer loop
      vertex 139.733 2 57.6842
      vertex 139.733 2 29.9158
      vertex 135.733 2 57.6842
    endloop
  endfacet
  facet normal 0 1 0
    outer loop
      vertex 264.967 2 57.75
      vertex 264.967 2 29.85
      vertex 139.733 2 57.6842
    endloop
  endfacet
  facet normal 0 1 0
    outer loop
      vertex 264.967 2 29.85
      vertex 266.467 2 57.75
      vertex 266.467 2 29.85
    endloop
  endfacet
  facet normal 0 1 0
    outer loop
      vertex 139.733 2 57.6842
      vertex 264.967 2 29.85
      vertex 139.733 2 29.9158
    endloop
  endfacet
  facet normal 0 1 -0
    outer loop
      vertex 264.967 2 28.35
      vertex 139.733 2 29.9158
      vertex 264.967 2 29.85
    endloop
  endfacet
  facet normal 0 1 0
    outer loop
      vertex 139.733 2 29.9158
      vertex 264.967 2 28.35
      vertex 139.733 2 28.2842
    endloop
  endfacet
  facet normal 0 1 0
    outer loop
      vertex 266.467 2 117
      vertex 139.733 2 59.3158
      vertex 135.733 2 117
    endloop
  endfacet
  facet normal 0 1 0
    outer loop
      vertex 264.967 2 59.25
      vertex 266.467 2 117
      vertex 266.467 2 59.25
    endloop
  endfacet
  facet normal 0 1 0
    outer loop
      vertex 266.467 2 117
      vertex 264.967 2 59.25
      vertex 139.733 2 59.3158
    endloop
  endfacet
  facet normal 0 1 -0
    outer loop
      vertex 264.967 2 57.75
      vertex 139.733 2 59.3158
      vertex 264.967 2 59.25
    endloop
  endfacet
  facet normal 0 1 0
    outer loop
      vertex 139.733 2 59.3158
      vertex 264.967 2 57.75
      vertex 139.733 2 57.6842
    endloop
  endfacet
  facet normal 0 1 0
    outer loop
      vertex 135.733 2 117
      vertex 139.733 2 59.3158
      vertex 135.733 2 59.3158
    endloop
  endfacet
  facet normal 0 1 0
    outer loop
      vertex 135.733 2 57.6842
      vertex 139.733 2 29.9158
      vertex 135.733 2 29.9158
    endloop
  endfacet
  facet normal 0 -1 0
    outer loop
      vertex 135.733 0 28.2842
      vertex 135.733 0 0
      vertex 139.733 0 28.2842
    endloop
  endfacet
  facet normal 0 -1 0
    outer loop
      vertex 135.733 0 57.6842
      vertex 135.733 0 29.9158
      vertex 139.733 0 57.6842
    endloop
  endfacet
  facet normal 0 -1 0
    outer loop
      vertex 135.733 0 117
      vertex 205.072 0 65.8338
      vertex 266.467 0 117
    endloop
  endfacet
  facet normal 0 -1 0
    outer loop
      vertex 197.006 0 65.8291
      vertex 135.733 0 117
      vertex 196.833 0 65.8291
    endloop
  endfacet
  facet normal 0 -1 0
    outer loop
      vertex 135.733 0 117
      vertex 196.338 0 65.3338
      vertex 196.833 0 65.8291
    endloop
  endfacet
  facet normal 0 -1 0
    outer loop
      vertex 139.733 0 59.3158
      vertex 196.338 0 65.3338
      vertex 135.733 0 117
    endloop
  endfacet
  facet normal 0 -1 -0
    outer loop
      vertex 196.338 0 65.3338
      vertex 139.733 0 59.3158
      vertex 196.338 0 63.984
    endloop
  endfacet
  facet normal 0 -1 0
    outer loop
      vertex 202.93 0 58.2
      vertex 197.506 0 63.484
      vertex 196.838 0 63.484
    endloop
  endfacet
  facet normal 0 -1 0
    outer loop
      vertex 197.506 0 63.484
      vertex 202.17 0 61.5678
      vertex 202.302 0 63.484
    endloop
  endfacet
  facet normal -0 -1 0
    outer loop
      vertex 203.393 0 63.3882
      vertex 202.302 0 63.484
      vertex 202.387 0 61.9027
    endloop
  endfacet
  facet normal 0 -1 0
    outer loop
      vertex 202.302 0 63.484
      vertex 203.393 0 63.3882
      vertex 203.295 0 63.484
    endloop
  endfacet
  facet normal 0 -1 0
    outer loop
      vertex 203.295 0 63.484
      vertex 203.393 0 63.3882
      vertex 203.396 0 63.4108
    endloop
  endfacet
  facet normal 0 -1 0
    outer loop
      vertex 202.302 0 63.484
      vertex 202.381 0 61.894
      vertex 202.387 0 61.9027
    endloop
  endfacet
  facet normal 0 -1 -0
    outer loop
      vertex 202.302 0 63.484
      vertex 202.17 0 61.5678
      vertex 202.381 0 61.894
    endloop
  endfacet
  facet normal 0 -1 0
    outer loop
      vertex 197.506 0 63.484
      vertex 202.264 0 61.1897
      vertex 202.17 0 61.5678
    endloop
  endfacet
  facet normal 0 -1 0
    outer loop
      vertex 197.506 0 63.484
      vertex 202.293 0 61.1075
      vertex 202.264 0 61.1897
    endloop
  endfacet
  facet normal 0 -1 0
    outer loop
      vertex 197.506 0 63.484
      vertex 202.48 0 60.6874
      vertex 202.293 0 61.1075
    endloop
  endfacet
  facet normal 0 -1 0
    outer loop
      vertex 197.506 0 63.484
      vertex 202.93 0 58.2
      vertex 202.48 0 60.6874
    endloop
  endfacet
  facet normal 0 -1 0
    outer loop
      vertex 202.48 0 60.6874
      vertex 202.93 0 58.2
      vertex 202.521 0 60.6127
    endloop
  endfacet
  facet normal 0 -1 0
    outer loop
      vertex 202.521 0 60.6127
      vertex 202.93 0 58.2
      vertex 202.786 0 60.218
    endloop
  endfacet
  facet normal 0 -1 0
    outer loop
      vertex 202.786 0 60.218
      vertex 202.93 0 58.2
      vertex 202.837 0 60.1534
    endloop
  endfacet
  facet normal -0 -1 0
    outer loop
      vertex 202.952 0 58.2217
      vertex 202.837 0 60.1534
      vertex 202.93 0 58.2
    endloop
  endfacet
  facet normal 0 -1 0
    outer loop
      vertex 202.837 0 60.1534
      vertex 202.952 0 58.2217
      vertex 203.163 0 59.808
    endloop
  endfacet
  facet normal -0 -1 0
    outer loop
      vertex 203.024 0 58.2806
      vertex 203.163 0 59.808
      vertex 202.952 0 58.2217
    endloop
  endfacet
  facet normal 0 -1 0
    outer loop
      vertex 139.733 0 57.6842
      vertex 196.338 0 63.984
      vertex 139.733 0 59.3158
    endloop
  endfacet
  facet normal 0 -1 0
    outer loop
      vertex 139.733 0 59.3158
      vertex 135.733 0 117
      vertex 135.733 0 59.3158
    endloop
  endfacet
  facet normal 0 -1 0
    outer loop
      vertex 205.613 0 65.8338
      vertex 266.467 0 117
      vertex 205.072 0 65.8338
    endloop
  endfacet
  facet normal 0 -1 0
    outer loop
      vertex 206.113 0 65.3338
      vertex 266.467 0 117
      vertex 205.613 0 65.8338
    endloop
  endfacet
  facet normal 0 -1 0
    outer loop
      vertex 206.113 0 63.9245
      vertex 266.467 0 117
      vertex 206.113 0 65.3338
    endloop
  endfacet
  facet normal 0 -1 0
    outer loop
      vertex 206.013 0 63.888
      vertex 206.113 0 63.9245
      vertex 206.109 0 63.924
    endloop
  endfacet
  facet normal 0 -1 0
    outer loop
      vertex 205.449 0 63.4946
      vertex 206.013 0 63.888
      vertex 205.531 0 63.581
    endloop
  endfacet
  facet normal 0 -1 0
    outer loop
      vertex 205.155 0 62.9761
      vertex 206.013 0 63.888
      vertex 205.449 0 63.4946
    endloop
  endfacet
  facet normal 0 -1 -0
    outer loop
      vertex 206.013 0 63.888
      vertex 205.155 0 62.9761
      vertex 206.113 0 63.9245
    endloop
  endfacet
  facet normal 0 -1 0
    outer loop
      vertex 205.126 0 62.8872
      vertex 206.113 0 63.9245
      vertex 205.155 0 62.9761
    endloop
  endfacet
  facet normal 0 -1 0
    outer loop
      vertex 205.021 0 62.1083
      vertex 206.113 0 63.9245
      vertex 205.126 0 62.8872
    endloop
  endfacet
  facet normal 0 -1 0
    outer loop
      vertex 206.113 0 63.9245
      vertex 205.021 0 62.1083
      vertex 205.045 0 61.8534
    endloop
  endfacet
  facet normal 0 -1 0
    outer loop
      vertex 205.045 0 61.8534
      vertex 205.021 0 62.1083
      vertex 205.02 0 62.0429
    endloop
  endfacet
  facet normal 0 -1 -0
    outer loop
      vertex 206.113 0 63.9245
      vertex 205.045 0 61.8534
      vertex 266.467 0 0
    endloop
  endfacet
  facet normal 0 -1 0
    outer loop
      vertex 266.467 0 0
      vertex 205.045 0 61.8534
      vertex 204.724 0 61.3291
    endloop
  endfacet
  facet normal 0 -1 0
    outer loop
      vertex 266.467 0 0
      vertex 204.724 0 61.3291
      vertex 204.289 0 60.6079
    endloop
  endfacet
  facet normal 0 -1 0
    outer loop
      vertex 266.467 0 0
      vertex 204.289 0 60.6079
      vertex 204.286 0 60.6037
    endloop
  endfacet
  facet normal 0 -1 0
    outer loop
      vertex 266.467 0 0
      vertex 204.286 0 60.6037
      vertex 203.873 0 59.8905
    endloop
  endfacet
  facet normal 0 -1 0
    outer loop
      vertex 266.467 0 0
      vertex 203.873 0 59.8905
      vertex 203.869 0 59.8839
    endloop
  endfacet
  facet normal 0 -1 0
    outer loop
      vertex 266.467 0 0
      vertex 203.869 0 59.8839
      vertex 203.636 0 59.4515
    endloop
  endfacet
  facet normal 0 -1 0
    outer loop
      vertex 139.733 0 29.9158
      vertex 196.338 0 63.984
      vertex 139.733 0 57.6842
    endloop
  endfacet
  facet normal -0 -1 0
    outer loop
      vertex 203.054 0 58.3011
      vertex 203.163 0 59.808
      vertex 203.024 0 58.2806
    endloop
  endfacet
  facet normal 0 -1 0
    outer loop
      vertex 203.007 0 58.2
      vertex 203.636 0 59.4515
      vertex 203.054 0 58.3011
    endloop
  endfacet
  facet normal 0 -1 -0
    outer loop
      vertex 203.636 0 59.4515
      vertex 203.007 0 58.2
      vertex 266.467 0 0
    endloop
  endfacet
  facet normal 0 -1 -0
    outer loop
      vertex 196.838 0 63.484
      vertex 139.733 0 29.9158
      vertex 202.93 0 58.2
    endloop
  endfacet
  facet normal 0 -1 0
    outer loop
      vertex 139.733 0 28.2842
      vertex 202.93 0 58.2
      vertex 139.733 0 29.9158
    endloop
  endfacet
  facet normal 0 -1 0
    outer loop
      vertex 135.733 0 0
      vertex 202.93 0 58.2
      vertex 139.733 0 28.2842
    endloop
  endfacet
  facet normal 0 -1 0
    outer loop
      vertex 266.467 0 0
      vertex 202.93 0 58.2
      vertex 135.733 0 0
    endloop
  endfacet
  facet normal 0 -1 0
    outer loop
      vertex 206.113 0 63.9245
      vertex 266.467 0 0
      vertex 266.467 0 117
    endloop
  endfacet
  facet normal 0 -1 0
    outer loop
      vertex 202.93 0 58.2
      vertex 266.467 0 0
      vertex 203.007 0 58.2
    endloop
  endfacet
  facet normal 0 -1 0
    outer loop
      vertex 135.733 0 117
      vertex 197.006 0 65.8291
      vertex 205.072 0 65.8338
    endloop
  endfacet
  facet normal 0 -1 0
    outer loop
      vertex 197.006 0 65.8291
      vertex 204.889 0 65.7969
      vertex 205.072 0 65.8338
    endloop
  endfacet
  facet normal 0 -1 0
    outer loop
      vertex 197.006 0 65.8291
      vertex 204.807 0 65.7727
      vertex 204.889 0 65.7969
    endloop
  endfacet
  facet normal 0 -1 0
    outer loop
      vertex 197.006 0 65.8291
      vertex 204.078 0 65.489
      vertex 204.807 0 65.7727
    endloop
  endfacet
  facet normal 0 -1 0
    outer loop
      vertex 197.006 0 65.8291
      vertex 203.988 0 65.4427
      vertex 204.078 0 65.489
    endloop
  endfacet
  facet normal 0 -1 0
    outer loop
      vertex 203.389 0 65.0553
      vertex 197.006 0 65.8291
      vertex 197.506 0 65.3291
    endloop
  endfacet
  facet normal 0 -1 0
    outer loop
      vertex 197.006 0 65.8291
      vertex 203.389 0 65.0553
      vertex 203.988 0 65.4427
    endloop
  endfacet
  facet normal 0 -1 0
    outer loop
      vertex 197.506 0 65.3291
      vertex 203.304 0 64.986
      vertex 203.389 0 65.0553
    endloop
  endfacet
  facet normal 0 -1 0
    outer loop
      vertex 197.506 0 65.3291
      vertex 202.839 0 64.5125
      vertex 203.304 0 64.986
    endloop
  endfacet
  facet normal 0 -1 0
    outer loop
      vertex 197.506 0 65.3291
      vertex 202.767 0 64.4198
      vertex 202.839 0 64.5125
    endloop
  endfacet
  facet normal 0 -1 0
    outer loop
      vertex 197.506 0 65.3291
      vertex 202.439 0 63.8733
      vertex 202.767 0 64.4198
    endloop
  endfacet
  facet normal 0 -1 0
    outer loop
      vertex 197.506 0 65.3291
      vertex 202.391 0 63.7661
      vertex 202.439 0 63.8733
    endloop
  endfacet
  facet normal 0 -1 0
    outer loop
      vertex 197.506 0 63.484
      vertex 202.391 0 63.7661
      vertex 197.506 0 65.3291
    endloop
  endfacet
  facet normal 0 -1 0
    outer loop
      vertex 202.391 0 63.7661
      vertex 197.506 0 63.484
      vertex 202.302 0 63.484
    endloop
  endfacet
  facet normal 0 -1 -0
    outer loop
      vertex 203.597 0 59.4751
      vertex 203.054 0 58.3011
      vertex 203.636 0 59.4515
    endloop
  endfacet
  facet normal 0 -1 -0
    outer loop
      vertex 203.228 0 59.7498
      vertex 203.054 0 58.3011
      vertex 203.597 0 59.4751
    endloop
  endfacet
  facet normal 0 -1 -0
    outer loop
      vertex 203.163 0 59.808
      vertex 203.054 0 58.3011
      vertex 203.228 0 59.7498
    endloop
  endfacet
  facet normal 0 -1 0
    outer loop
      vertex 139.733 0 29.9158
      vertex 139.733 0 57.6842
      vertex 135.733 0 29.9158
    endloop
  endfacet
  facet normal 0 -1 -0
    outer loop
      vertex 196.338 0 63.984
      vertex 139.733 0 29.9158
      vertex 196.838 0 63.484
    endloop
  endfacet
  facet normal 0 0.70697 -0.707244
    outer loop
      vertex 139.733 2 28.2842
      vertex 135.733 2.05172 28.3359
      vertex 139.733 2.05172 28.3359
    endloop
  endfacet
  facet normal 0 0.70697 -0.707244
    outer loop
      vertex 135.733 2.05172 28.3359
      vertex 139.733 2 28.2842
      vertex 135.733 2 28.2842
    endloop
  endfacet
  facet normal 0 -0.891007 -0.453989
    outer loop
      vertex 135.733 -0.0517216 28.3359
      vertex 139.733 -0.236373 28.6983
      vertex 135.733 -0.236373 28.6983
    endloop
  endfacet
  facet normal 0 -0.891007 -0.453989
    outer loop
      vertex 139.733 -0.236373 28.6983
      vertex 135.733 -0.0517216 28.3359
      vertex 139.733 -0.0517216 28.3359
    endloop
  endfacet
  facet normal 0 -0.891007 0.453989
    outer loop
      vertex 135.733 -0.236373 29.5017
      vertex 139.733 -0.0517216 29.8641
      vertex 135.733 -0.0517216 29.8641
    endloop
  endfacet
  facet normal 0 -0.891007 0.453989
    outer loop
      vertex 139.733 -0.0517216 29.8641
      vertex 135.733 -0.236373 29.5017
      vertex 139.733 -0.236373 29.5017
    endloop
  endfacet
  facet normal 0 0.987686 0.156451
    outer loop
      vertex 139.733 2.3 29.1
      vertex 135.733 2.23637 29.5017
      vertex 139.733 2.23637 29.5017
    endloop
  endfacet
  facet normal 0 0.987686 0.156451
    outer loop
      vertex 135.733 2.23637 29.5017
      vertex 139.733 2.3 29.1
      vertex 135.733 2.3 29.1
    endloop
  endfacet
  facet normal 0 0.891009 0.453987
    outer loop
      vertex 139.733 2.23637 29.5017
      vertex 135.733 2.05172 29.8641
      vertex 139.733 2.05172 29.8641
    endloop
  endfacet
  facet normal 0 0.891009 0.453987
    outer loop
      vertex 135.733 2.05172 29.8641
      vertex 139.733 2.23637 29.5017
      vertex 135.733 2.23637 29.5017
    endloop
  endfacet
  facet normal 0 -0.987687 0.156442
    outer loop
      vertex 135.733 -0.299999 29.1
      vertex 139.733 -0.236373 29.5017
      vertex 135.733 -0.236373 29.5017
    endloop
  endfacet
  facet normal 0 -0.987687 0.156442
    outer loop
      vertex 139.733 -0.236373 29.5017
      vertex 135.733 -0.299999 29.1
      vertex 139.733 -0.299999 29.1
    endloop
  endfacet
  facet normal 1 0 0
    outer loop
      vertex 139.733 2 29.9158
      vertex 139.733 2.3 29.1
      vertex 139.733 2.23637 29.5017
    endloop
  endfacet
  facet normal 1 0 0
    outer loop
      vertex 139.733 2 29.9158
      vertex 139.733 2.23637 29.5017
      vertex 139.733 2.05172 29.8641
    endloop
  endfacet
  facet normal 1 0 0
    outer loop
      vertex 139.733 2.3 29.1
      vertex 139.733 2 29.9158
      vertex 139.733 2.23637 28.6983
    endloop
  endfacet
  facet normal 1 0 0
    outer loop
      vertex 139.733 2 28.2842
      vertex 139.733 2.23637 28.6983
      vertex 139.733 2 29.9158
    endloop
  endfacet
  facet normal 1 0 0
    outer loop
      vertex 139.733 2.23637 28.6983
      vertex 139.733 2 28.2842
      vertex 139.733 2.05172 28.3359
    endloop
  endfacet
  facet normal 1 0 0
    outer loop
      vertex 139.733 -0.236373 29.5017
      vertex 139.733 0 29.9158
      vertex 139.733 -0.0517216 29.8641
    endloop
  endfacet
  facet normal 1 0 0
    outer loop
      vertex 139.733 0 29.9158
      vertex 139.733 -0.236373 29.5017
      vertex 139.733 0 28.2842
    endloop
  endfacet
  facet normal 1 -0 0
    outer loop
      vertex 139.733 -0.299999 29.1
      vertex 139.733 0 28.2842
      vertex 139.733 -0.236373 29.5017
    endloop
  endfacet
  facet normal 1 0 0
    outer loop
      vertex 139.733 0 28.2842
      vertex 139.733 -0.236373 28.6983
      vertex 139.733 -0.0517216 28.3359
    endloop
  endfacet
  facet normal 1 0 0
    outer loop
      vertex 139.733 0 28.2842
      vertex 139.733 -0.299999 29.1
      vertex 139.733 -0.236373 28.6983
    endloop
  endfacet
  facet normal 0 -0.706959 0.707254
    outer loop
      vertex 135.733 -0.0517216 29.8641
      vertex 139.733 0 29.9158
      vertex 135.733 0 29.9158
    endloop
  endfacet
  facet normal 0 -0.706959 0.707254
    outer loop
      vertex 139.733 0 29.9158
      vertex 135.733 -0.0517216 29.8641
      vertex 139.733 -0.0517216 29.8641
    endloop
  endfacet
  facet normal 0 0.987686 -0.156451
    outer loop
      vertex 139.733 2.23637 28.6983
      vertex 135.733 2.3 29.1
      vertex 139.733 2.3 29.1
    endloop
  endfacet
  facet normal 0 0.987686 -0.156451
    outer loop
      vertex 135.733 2.3 29.1
      vertex 139.733 2.23637 28.6983
      vertex 135.733 2.23637 28.6983
    endloop
  endfacet
  facet normal 0 -0.987687 -0.156442
    outer loop
      vertex 135.733 -0.236373 28.6983
      vertex 139.733 -0.299999 29.1
      vertex 135.733 -0.299999 29.1
    endloop
  endfacet
  facet normal 0 -0.987687 -0.156442
    outer loop
      vertex 139.733 -0.299999 29.1
      vertex 135.733 -0.236373 28.6983
      vertex 139.733 -0.236373 28.6983
    endloop
  endfacet
  facet normal 0 0.70697 0.707244
    outer loop
      vertex 139.733 2.05172 29.8641
      vertex 135.733 2 29.9158
      vertex 139.733 2 29.9158
    endloop
  endfacet
  facet normal 0 0.70697 0.707244
    outer loop
      vertex 135.733 2 29.9158
      vertex 139.733 2.05172 29.8641
      vertex 135.733 2.05172 29.8641
    endloop
  endfacet
  facet normal 0 0.891009 -0.453987
    outer loop
      vertex 139.733 2.05172 28.3359
      vertex 135.733 2.23637 28.6983
      vertex 139.733 2.23637 28.6983
    endloop
  endfacet
  facet normal 0 0.891009 -0.453987
    outer loop
      vertex 135.733 2.23637 28.6983
      vertex 139.733 2.05172 28.3359
      vertex 135.733 2.05172 28.3359
    endloop
  endfacet
  facet normal 0 -0.706959 -0.707254
    outer loop
      vertex 135.733 0 28.2842
      vertex 139.733 -0.0517216 28.3359
      vertex 135.733 -0.0517216 28.3359
    endloop
  endfacet
  facet normal 0 -0.706959 -0.707254
    outer loop
      vertex 139.733 -0.0517216 28.3359
      vertex 135.733 0 28.2842
      vertex 139.733 0 28.2842
    endloop
  endfacet
  facet normal -0 0 1
    outer loop
      vertex 264.967 3.5 29.85
      vertex 266.467 2 29.85
      vertex 266.467 3.5 29.85
    endloop
  endfacet
  facet normal 0 0 1
    outer loop
      vertex 266.467 2 29.85
      vertex 264.967 3.5 29.85
      vertex 264.967 2 29.85
    endloop
  endfacet
  facet normal 0 0 -1
    outer loop
      vertex 264.967 2 28.35
      vertex 266.467 3.5 28.35
      vertex 266.467 2 28.35
    endloop
  endfacet
  facet normal -0 0 -1
    outer loop
      vertex 266.467 3.5 28.35
      vertex 264.967 2 28.35
      vertex 264.967 3.5 28.35
    endloop
  endfacet
  facet normal -1 0 0
    outer loop
      vertex 264.967 2 28.35
      vertex 264.967 3.5 29.85
      vertex 264.967 3.5 28.35
    endloop
  endfacet
  facet normal -1 -0 0
    outer loop
      vertex 264.967 3.5 29.85
      vertex 264.967 2 28.35
      vertex 264.967 2 29.85
    endloop
  endfacet
  facet normal 0 1 -0
    outer loop
      vertex 266.467 3.5 28.35
      vertex 264.967 3.5 29.85
      vertex 266.467 3.5 29.85
    endloop
  endfacet
  facet normal 0 1 0
    outer loop
      vertex 264.967 3.5 29.85
      vertex 266.467 3.5 28.35
      vertex 264.967 3.5 28.35
    endloop
  endfacet
  facet normal -0 0 1
    outer loop
      vertex 70.0667 2 117
      vertex 135.133 0 117
      vertex 135.133 2 117
    endloop
  endfacet
  facet normal 0 0 1
    outer loop
      vertex 135.133 0 117
      vertex 70.0667 2 117
      vertex 70.0667 0 117
    endloop
  endfacet
  facet normal 0 0.987686 0.156451
    outer loop
      vertex 74.0667 2.3 58.5
      vertex 70.0667 2.23637 58.9017
      vertex 74.0667 2.23637 58.9017
    endloop
  endfacet
  facet normal 0 0.987686 0.156451
    outer loop
      vertex 70.0667 2.23637 58.9017
      vertex 74.0667 2.3 58.5
      vertex 70.0667 2.3 58.5
    endloop
  endfacet
  facet normal 0 -0.706959 -0.707254
    outer loop
      vertex 70.0667 -0.0517216 57.7359
      vertex 74.0667 0 57.6842
      vertex 74.0667 -0.0517216 57.7359
    endloop
  endfacet
  facet normal -0 -0.706959 -0.707254
    outer loop
      vertex 74.0667 0 57.6842
      vertex 70.0667 -0.0517216 57.7359
      vertex 70.0667 0 57.6842
    endloop
  endfacet
  facet normal 0 0.891009 0.453987
    outer loop
      vertex 74.0667 2.23637 58.9017
      vertex 70.0667 2.05172 59.2641
      vertex 74.0667 2.05172 59.2641
    endloop
  endfacet
  facet normal 0 0.891009 0.453987
    outer loop
      vertex 70.0667 2.05172 59.2641
      vertex 74.0667 2.23637 58.9017
      vertex 70.0667 2.23637 58.9017
    endloop
  endfacet
  facet normal 0 -0.987687 0.156442
    outer loop
      vertex 70.0667 -0.299999 58.5
      vertex 74.0667 -0.236373 58.9017
      vertex 70.0667 -0.236373 58.9017
    endloop
  endfacet
  facet normal 0 -0.987687 0.156442
    outer loop
      vertex 74.0667 -0.236373 58.9017
      vertex 70.0667 -0.299999 58.5
      vertex 74.0667 -0.299999 58.5
    endloop
  endfacet
  facet normal 0 0.987686 -0.156451
    outer loop
      vertex 74.0667 2.23637 58.0983
      vertex 70.0667 2.3 58.5
      vertex 74.0667 2.3 58.5
    endloop
  endfacet
  facet normal 0 0.987686 -0.156451
    outer loop
      vertex 70.0667 2.3 58.5
      vertex 74.0667 2.23637 58.0983
      vertex 70.0667 2.23637 58.0983
    endloop
  endfacet
  facet normal 0 -0.891007 -0.453989
    outer loop
      vertex 70.0667 -0.0517216 57.7359
      vertex 74.0667 -0.236373 58.0983
      vertex 70.0667 -0.236373 58.0983
    endloop
  endfacet
  facet normal 0 -0.891007 -0.453989
    outer loop
      vertex 74.0667 -0.236373 58.0983
      vertex 70.0667 -0.0517216 57.7359
      vertex 74.0667 -0.0517216 57.7359
    endloop
  endfacet
  facet normal 0 -0.891007 0.453989
    outer loop
      vertex 70.0667 -0.236373 58.9017
      vertex 74.0667 -0.0517216 59.2641
      vertex 70.0667 -0.0517216 59.2641
    endloop
  endfacet
  facet normal 0 -0.891007 0.453989
    outer loop
      vertex 74.0667 -0.0517216 59.2641
      vertex 70.0667 -0.236373 58.9017
      vertex 74.0667 -0.236373 58.9017
    endloop
  endfacet
  facet normal 0 -0.706959 0.707254
    outer loop
      vertex 70.0667 0 59.3158
      vertex 74.0667 -0.0517216 59.2641
      vertex 74.0667 0 59.3158
    endloop
  endfacet
  facet normal 0 -0.706959 0.707254
    outer loop
      vertex 74.0667 -0.0517216 59.2641
      vertex 70.0667 0 59.3158
      vertex 70.0667 -0.0517216 59.2641
    endloop
  endfacet
  facet normal 1 0 0
    outer loop
      vertex 74.0667 2 59.3158
      vertex 74.0667 2.3 58.5
      vertex 74.0667 2.23637 58.9017
    endloop
  endfacet
  facet normal 1 0 0
    outer loop
      vertex 74.0667 2 59.3158
      vertex 74.0667 2.23637 58.9017
      vertex 74.0667 2.05172 59.2641
    endloop
  endfacet
  facet normal 1 0 0
    outer loop
      vertex 74.0667 2.3 58.5
      vertex 74.0667 2 59.3158
      vertex 74.0667 2.23637 58.0983
    endloop
  endfacet
  facet normal 1 0 0
    outer loop
      vertex 74.0667 2 57.6842
      vertex 74.0667 2.23637 58.0983
      vertex 74.0667 2 59.3158
    endloop
  endfacet
  facet normal 1 0 0
    outer loop
      vertex 74.0667 2.23637 58.0983
      vertex 74.0667 2 57.6842
      vertex 74.0667 2.05172 57.7359
    endloop
  endfacet
  facet normal 1 0 0
    outer loop
      vertex 74.0667 -0.236373 58.9017
      vertex 74.0667 0 59.3158
      vertex 74.0667 -0.0517216 59.2641
    endloop
  endfacet
  facet normal 1 0 0
    outer loop
      vertex 74.0667 0 59.3158
      vertex 74.0667 -0.236373 58.9017
      vertex 74.0667 0 57.6842
    endloop
  endfacet
  facet normal 1 -0 0
    outer loop
      vertex 74.0667 -0.299999 58.5
      vertex 74.0667 0 57.6842
      vertex 74.0667 -0.236373 58.9017
    endloop
  endfacet
  facet normal 1 0 0
    outer loop
      vertex 74.0667 0 57.6842
      vertex 74.0667 -0.236373 58.0983
      vertex 74.0667 -0.0517216 57.7359
    endloop
  endfacet
  facet normal 1 0 0
    outer loop
      vertex 74.0667 0 57.6842
      vertex 74.0667 -0.299999 58.5
      vertex 74.0667 -0.236373 58.0983
    endloop
  endfacet
  facet normal 0 0.891009 -0.453987
    outer loop
      vertex 74.0667 2.05172 57.7359
      vertex 70.0667 2.23637 58.0983
      vertex 74.0667 2.23637 58.0983
    endloop
  endfacet
  facet normal 0 0.891009 -0.453987
    outer loop
      vertex 70.0667 2.23637 58.0983
      vertex 74.0667 2.05172 57.7359
      vertex 70.0667 2.05172 57.7359
    endloop
  endfacet
  facet normal 0 -0.987687 -0.156442
    outer loop
      vertex 70.0667 -0.236373 58.0983
      vertex 74.0667 -0.299999 58.5
      vertex 70.0667 -0.299999 58.5
    endloop
  endfacet
  facet normal 0 -0.987687 -0.156442
    outer loop
      vertex 74.0667 -0.299999 58.5
      vertex 70.0667 -0.236373 58.0983
      vertex 74.0667 -0.236373 58.0983
    endloop
  endfacet
  facet normal 0 0.70697 -0.707244
    outer loop
      vertex 70.0667 2 57.6842
      vertex 74.0667 2.05172 57.7359
      vertex 74.0667 2 57.6842
    endloop
  endfacet
  facet normal 0 0.70697 -0.707244
    outer loop
      vertex 74.0667 2.05172 57.7359
      vertex 70.0667 2 57.6842
      vertex 70.0667 2.05172 57.7359
    endloop
  endfacet
  facet normal -0 0.70697 0.707244
    outer loop
      vertex 70.0667 2.05172 59.2641
      vertex 74.0667 2 59.3158
      vertex 74.0667 2.05172 59.2641
    endloop
  endfacet
  facet normal 0 0.70697 0.707244
    outer loop
      vertex 74.0667 2 59.3158
      vertex 70.0667 2.05172 59.2641
      vertex 70.0667 2 59.3158
    endloop
  endfacet
  facet normal -0 0 1
    outer loop
      vertex 133.633 3.5 59.25
      vertex 135.133 2 59.25
      vertex 135.133 3.5 59.25
    endloop
  endfacet
  facet normal 0 0 1
    outer loop
      vertex 135.133 2 59.25
      vertex 133.633 3.5 59.25
      vertex 133.633 2 59.25
    endloop
  endfacet
  facet normal 0 0 -1
    outer loop
      vertex 133.633 2 57.75
      vertex 135.133 3.5 57.75
      vertex 135.133 2 57.75
    endloop
  endfacet
  facet normal -0 0 -1
    outer loop
      vertex 135.133 3.5 57.75
      vertex 133.633 2 57.75
      vertex 133.633 3.5 57.75
    endloop
  endfacet
  facet normal -1 0 0
    outer loop
      vertex 133.633 2 57.75
      vertex 133.633 3.5 59.25
      vertex 133.633 3.5 57.75
    endloop
  endfacet
  facet normal -1 -0 0
    outer loop
      vertex 133.633 3.5 59.25
      vertex 133.633 2 57.75
      vertex 133.633 2 59.25
    endloop
  endfacet
  facet normal 0 1 -0
    outer loop
      vertex 135.133 3.5 57.75
      vertex 133.633 3.5 59.25
      vertex 135.133 3.5 59.25
    endloop
  endfacet
  facet normal 0 1 0
    outer loop
      vertex 133.633 3.5 59.25
      vertex 135.133 3.5 57.75
      vertex 133.633 3.5 57.75
    endloop
  endfacet
  facet normal 0 -1 -0
    outer loop
      vertex 103.799 0.599999 63.7133
      vertex 103.797 0.599999 63.1048
      vertex 103.806 0.599999 63.1098
    endloop
  endfacet
  facet normal 0 -1 0
    outer loop
      vertex 103.52 0.599999 63.0283
      vertex 103.797 0.599999 63.1048
      vertex 103.799 0.599999 63.7133
    endloop
  endfacet
  facet normal 0 -1 0
    outer loop
      vertex 103.52 0.599999 63.0283
      vertex 103.716 0.599999 62.9432
      vertex 103.797 0.599999 63.1048
    endloop
  endfacet
  facet normal 0 -1 0
    outer loop
      vertex 103.705 0.599999 62.9238
      vertex 103.52 0.599999 63.0283
      vertex 103.493 0.599999 62.9402
    endloop
  endfacet
  facet normal 0 -1 0
    outer loop
      vertex 103.52 0.599999 63.0283
      vertex 103.705 0.599999 62.9238
      vertex 103.716 0.599999 62.9432
    endloop
  endfacet
  facet normal 0 -1 0
    outer loop
      vertex 103.437 0.599999 62.6689
      vertex 103.705 0.599999 62.9238
      vertex 103.493 0.599999 62.9402
    endloop
  endfacet
  facet normal 0 -1 0
    outer loop
      vertex 103.705 0.599999 62.9238
      vertex 103.437 0.599999 62.6689
      vertex 103.51 0.599999 62.5734
    endloop
  endfacet
  facet normal 0 -1 0
    outer loop
      vertex 106.504 0.599999 65.3338
      vertex 105.609 0.599999 65.4853
      vertex 105.524 0.599999 65.4414
    endloop
  endfacet
  facet normal 0 -1 0
    outer loop
      vertex 105.609 0.599999 65.4853
      vertex 106.504 0.599999 65.3338
      vertex 106.138 0.599999 65.7001
    endloop
  endfacet
  facet normal 0 -1 0
    outer loop
      vertex 104.9 0.599999 65.036
      vertex 106.504 0.599999 65.3338
      vertex 105.524 0.599999 65.4414
    endloop
  endfacet
  facet normal 0 -1 0
    outer loop
      vertex 106.504 0.599999 62.9189
      vertex 104.9 0.599999 65.036
      vertex 104.823 0.599999 64.9743
    endloop
  endfacet
  facet normal 0 -1 0
    outer loop
      vertex 106.504 0.599999 62.9189
      vertex 104.823 0.599999 64.9743
      vertex 104.307 0.599999 64.4712
    endloop
  endfacet
  facet normal 0 -1 0
    outer loop
      vertex 106.504 0.599999 62.9189
      vertex 104.307 0.599999 64.4712
      vertex 104.241 0.599999 64.3918
    endloop
  endfacet
  facet normal 0 -1 0
    outer loop
      vertex 103.853 0.599999 63.0506
      vertex 104.241 0.599999 64.3918
      vertex 103.847 0.599999 63.8028
    endloop
  endfacet
  facet normal 0 -1 0
    outer loop
      vertex 103.853 0.599999 63.0506
      vertex 103.847 0.599999 63.8028
      vertex 103.799 0.599999 63.7133
    endloop
  endfacet
  facet normal 0 -1 0
    outer loop
      vertex 103.853 0.599999 63.0506
      vertex 103.799 0.599999 63.7133
      vertex 103.806 0.599999 63.1098
    endloop
  endfacet
  facet normal 0 -1 -0
    outer loop
      vertex 104.241 0.599999 64.3918
      vertex 103.853 0.599999 63.0506
      vertex 106.39 0.599999 62.7209
    endloop
  endfacet
  facet normal 0 -1 0
    outer loop
      vertex 105.728 0.599999 61.9387
      vertex 103.853 0.599999 63.0506
      vertex 103.845 0.599999 62.9509
    endloop
  endfacet
  facet normal 0 -1 0
    outer loop
      vertex 104.9 0.599999 65.036
      vertex 106.504 0.599999 62.9189
      vertex 106.504 0.599999 65.3338
    endloop
  endfacet
  facet normal 0 -1 0
    outer loop
      vertex 104.241 0.599999 64.3918
      vertex 106.39 0.599999 62.7209
      vertex 106.504 0.599999 62.9189
    endloop
  endfacet
  facet normal 0 -1 0
    outer loop
      vertex 105.728 0.599999 61.9387
      vertex 103.845 0.599999 62.9509
      vertex 103.83 0.599999 62.715
    endloop
  endfacet
  facet normal 0 -1 0
    outer loop
      vertex 103.853 0.599999 63.0506
      vertex 106.37 0.599999 62.6772
      vertex 106.39 0.599999 62.7209
    endloop
  endfacet
  facet normal 0 -1 0
    outer loop
      vertex 105.728 0.599999 61.9387
      vertex 103.83 0.599999 62.715
      vertex 103.813 0.599999 62.4243
    endloop
  endfacet
  facet normal 0 -1 0
    outer loop
      vertex 103.853 0.599999 63.0506
      vertex 105.728 0.599999 61.9387
      vertex 106.37 0.599999 62.6772
    endloop
  endfacet
  facet normal 0 -1 0
    outer loop
      vertex 106.37 0.599999 62.6772
      vertex 105.728 0.599999 61.9387
      vertex 106.257 0.599999 62.3485
    endloop
  endfacet
  facet normal 0 -1 0
    outer loop
      vertex 103.891 0.599999 62.0695
      vertex 103.813 0.599999 62.4243
      vertex 103.802 0.599999 62.1877
    endloop
  endfacet
  facet normal 0 -1 0
    outer loop
      vertex 103.813 0.599999 62.4243
      vertex 103.891 0.599999 62.0695
      vertex 105.728 0.599999 61.9387
    endloop
  endfacet
  facet normal 0 -1 0
    outer loop
      vertex 106.257 0.599999 62.3485
      vertex 105.728 0.599999 61.9387
      vertex 106.249 0.599999 62.3152
    endloop
  endfacet
  facet normal 0 -1 -0
    outer loop
      vertex 99.0056 0.599999 59.2431
      vertex 98.3243 0.599999 58.2
      vertex 99.0056 0.599999 58.2
    endloop
  endfacet
  facet normal -1 0 0
    outer loop
      vertex 106.504 0 62.9189
      vertex 106.504 0.599999 65.3338
      vertex 106.504 0.599999 62.9189
    endloop
  endfacet
  facet normal -1 -0 0
    outer loop
      vertex 106.504 0.599999 65.3338
      vertex 106.504 0 62.9189
      vertex 106.504 0 65.3338
    endloop
  endfacet
  facet normal -0.707396 0 -0.706817
    outer loop
      vertex 106.504 0 65.3338
      vertex 106.138 0.599999 65.7001
      vertex 106.504 0.599999 65.3338
    endloop
  endfacet
  facet normal -0.707396 -0 -0.706817
    outer loop
      vertex 106.138 0.599999 65.7001
      vertex 106.504 0 65.3338
      vertex 106.138 0 65.7001
    endloop
  endfacet
  facet normal 0.837237 0 -0.546841
    outer loop
      vertex 99.0056 0 59.2431
      vertex 98.3243 0.599999 58.2
      vertex 99.0056 0.599999 59.2431
    endloop
  endfacet
  facet normal 0.837237 0 -0.546841
    outer loop
      vertex 98.3243 0.599999 58.2
      vertex 99.0056 0 59.2431
      vertex 98.3243 0 58.2
    endloop
  endfacet
  facet normal -0.873804 0 0.486278
    outer loop
      vertex 103.51 0 62.5734
      vertex 103.705 0.599999 62.9238
      vertex 103.51 0.599999 62.5734
    endloop
  endfacet
  facet normal -0.873804 0 0.486278
    outer loop
      vertex 103.705 0.599999 62.9238
      vertex 103.51 0 62.5734
      vertex 103.705 0 62.9238
    endloop
  endfacet
  facet normal -0.869894 0 0.493239
    outer loop
      vertex 103.705 0 62.9238
      vertex 103.716 0.599999 62.9432
      vertex 103.705 0.599999 62.9238
    endloop
  endfacet
  facet normal -0.869894 0 0.493239
    outer loop
      vertex 103.716 0.599999 62.9432
      vertex 103.705 0 62.9238
      vertex 103.716 0 62.9432
    endloop
  endfacet
  facet normal -0.893984 0 0.448099
    outer loop
      vertex 103.716 0 62.9432
      vertex 103.797 0.599999 63.1048
      vertex 103.716 0.599999 62.9432
    endloop
  endfacet
  facet normal -0.893984 0 0.448099
    outer loop
      vertex 103.797 0.599999 63.1048
      vertex 103.716 0 62.9432
      vertex 103.797 0 63.1048
    endloop
  endfacet
  facet normal -0.485643 0 0.874157
    outer loop
      vertex 103.797 0.599999 63.1048
      vertex 103.806 0 63.1098
      vertex 103.806 0.599999 63.1098
    endloop
  endfacet
  facet normal -0.485643 0 0.874157
    outer loop
      vertex 103.806 0 63.1098
      vertex 103.797 0.599999 63.1048
      vertex 103.797 0 63.1048
    endloop
  endfacet
  facet normal 0.783187 -0 0.621787
    outer loop
      vertex 103.806 0 63.1098
      vertex 103.853 0.599999 63.0506
      vertex 103.806 0.599999 63.1098
    endloop
  endfacet
  facet normal 0.783187 0 0.621787
    outer loop
      vertex 103.853 0.599999 63.0506
      vertex 103.806 0 63.1098
      vertex 103.853 0 63.0506
    endloop
  endfacet
  facet normal 0.996796 0 -0.0799836
    outer loop
      vertex 103.853 0 63.0506
      vertex 103.845 0.599999 62.9509
      vertex 103.853 0.599999 63.0506
    endloop
  endfacet
  facet normal 0.996796 0 -0.0799836
    outer loop
      vertex 103.845 0.599999 62.9509
      vertex 103.853 0 63.0506
      vertex 103.845 0 62.9509
    endloop
  endfacet
  facet normal 0.997985 0 -0.0634581
    outer loop
      vertex 103.845 0 62.9509
      vertex 103.83 0.599999 62.715
      vertex 103.845 0.599999 62.9509
    endloop
  endfacet
  facet normal 0.997985 0 -0.0634581
    outer loop
      vertex 103.83 0.599999 62.715
      vertex 103.845 0 62.9509
      vertex 103.83 0 62.715
    endloop
  endfacet
  facet normal 0.998294 0 -0.0583798
    outer loop
      vertex 103.83 0 62.715
      vertex 103.813 0.599999 62.4243
      vertex 103.83 0.599999 62.715
    endloop
  endfacet
  facet normal 0.998294 0 -0.0583798
    outer loop
      vertex 103.813 0.599999 62.4243
      vertex 103.83 0 62.715
      vertex 103.813 0 62.4243
    endloop
  endfacet
  facet normal 0.998921 0 -0.0464418
    outer loop
      vertex 103.813 0 62.4243
      vertex 103.802 0.599999 62.1877
      vertex 103.813 0.599999 62.4243
    endloop
  endfacet
  facet normal 0.998921 0 -0.0464418
    outer loop
      vertex 103.802 0.599999 62.1877
      vertex 103.813 0 62.4243
      vertex 103.802 0 62.1877
    endloop
  endfacet
  facet normal -0 0 1
    outer loop
      vertex 135.733 2 117
      vertex 266.467 0 117
      vertex 266.467 2 117
    endloop
  endfacet
  facet normal 0 0 1
    outer loop
      vertex 266.467 0 117
      vertex 135.733 2 117
      vertex 135.733 0 117
    endloop
  endfacet
  facet normal 0 -0.987687 0.156442
    outer loop
      vertex 135.733 -0.299999 58.5
      vertex 139.733 -0.236373 58.9017
      vertex 135.733 -0.236373 58.9017
    endloop
  endfacet
  facet normal 0 -0.987687 0.156442
    outer loop
      vertex 139.733 -0.236373 58.9017
      vertex 135.733 -0.299999 58.5
      vertex 139.733 -0.299999 58.5
    endloop
  endfacet
  facet normal 0 0.987686 -0.156451
    outer loop
      vertex 139.733 2.23637 58.0983
      vertex 135.733 2.3 58.5
      vertex 139.733 2.3 58.5
    endloop
  endfacet
  facet normal 0 0.987686 -0.156451
    outer loop
      vertex 135.733 2.3 58.5
      vertex 139.733 2.23637 58.0983
      vertex 135.733 2.23637 58.0983
    endloop
  endfacet
  facet normal 0 -0.706959 -0.707254
    outer loop
      vertex 135.733 -0.0517216 57.7359
      vertex 139.733 0 57.6842
      vertex 139.733 -0.0517216 57.7359
    endloop
  endfacet
  facet normal -0 -0.706959 -0.707254
    outer loop
      vertex 139.733 0 57.6842
      vertex 135.733 -0.0517216 57.7359
      vertex 135.733 0 57.6842
    endloop
  endfacet
  facet normal 0 -0.891007 0.453989
    outer loop
      vertex 135.733 -0.236373 58.9017
      vertex 139.733 -0.0517216 59.2641
      vertex 135.733 -0.0517216 59.2641
    endloop
  endfacet
  facet normal 0 -0.891007 0.453989
    outer loop
      vertex 139.733 -0.0517216 59.2641
      vertex 135.733 -0.236373 58.9017
      vertex 139.733 -0.236373 58.9017
    endloop
  endfacet
  facet normal 1 0 0
    outer loop
      vertex 139.733 2 59.3158
      vertex 139.733 2.3 58.5
      vertex 139.733 2.23637 58.9017
    endloop
  endfacet
  facet normal 1 0 0
    outer loop
      vertex 139.733 2 59.3158
      vertex 139.733 2.23637 58.9017
      vertex 139.733 2.05172 59.2641
    endloop
  endfacet
  facet normal 1 0 0
    outer loop
      vertex 139.733 2.3 58.5
      vertex 139.733 2 59.3158
      vertex 139.733 2.23637 58.0983
    endloop
  endfacet
  facet normal 1 0 0
    outer loop
      vertex 139.733 2 57.6842
      vertex 139.733 2.23637 58.0983
      vertex 139.733 2 59.3158
    endloop
  endfacet
  facet normal 1 0 0
    outer loop
      vertex 139.733 2.23637 58.0983
      vertex 139.733 2 57.6842
      vertex 139.733 2.05172 57.7359
    endloop
  endfacet
  facet normal 1 0 0
    outer loop
      vertex 139.733 -0.236373 58.9017
      vertex 139.733 0 59.3158
      vertex 139.733 -0.0517216 59.2641
    endloop
  endfacet
  facet normal 1 0 0
    outer loop
      vertex 139.733 0 59.3158
      vertex 139.733 -0.236373 58.9017
      vertex 139.733 0 57.6842
    endloop
  endfacet
  facet normal 1 -0 0
    outer loop
      vertex 139.733 -0.299999 58.5
      vertex 139.733 0 57.6842
      vertex 139.733 -0.236373 58.9017
    endloop
  endfacet
  facet normal 1 0 0
    outer loop
      vertex 139.733 0 57.6842
      vertex 139.733 -0.236373 58.0983
      vertex 139.733 -0.0517216 57.7359
    endloop
  endfacet
  facet normal 1 0 0
    outer loop
      vertex 139.733 0 57.6842
      vertex 139.733 -0.299999 58.5
      vertex 139.733 -0.236373 58.0983
    endloop
  endfacet
  facet normal 0 -0.987687 -0.156442
    outer loop
      vertex 135.733 -0.236373 58.0983
      vertex 139.733 -0.299999 58.5
      vertex 135.733 -0.299999 58.5
    endloop
  endfacet
  facet normal 0 -0.987687 -0.156442
    outer loop
      vertex 139.733 -0.299999 58.5
      vertex 135.733 -0.236373 58.0983
      vertex 139.733 -0.236373 58.0983
    endloop
  endfacet
  facet normal 0 0.987686 0.156451
    outer loop
      vertex 139.733 2.3 58.5
      vertex 135.733 2.23637 58.9017
      vertex 139.733 2.23637 58.9017
    endloop
  endfacet
  facet normal 0 0.987686 0.156451
    outer loop
      vertex 135.733 2.23637 58.9017
      vertex 139.733 2.3 58.5
      vertex 135.733 2.3 58.5
    endloop
  endfacet
  facet normal 0 -0.891007 -0.453989
    outer loop
      vertex 135.733 -0.0517216 57.7359
      vertex 139.733 -0.236373 58.0983
      vertex 135.733 -0.236373 58.0983
    endloop
  endfacet
  facet normal 0 -0.891007 -0.453989
    outer loop
      vertex 139.733 -0.236373 58.0983
      vertex 135.733 -0.0517216 57.7359
      vertex 139.733 -0.0517216 57.7359
    endloop
  endfacet
  facet normal 0 0.70697 -0.707244
    outer loop
      vertex 135.733 2 57.6842
      vertex 139.733 2.05172 57.7359
      vertex 139.733 2 57.6842
    endloop
  endfacet
  facet normal 0 0.70697 -0.707244
    outer loop
      vertex 139.733 2.05172 57.7359
      vertex 135.733 2 57.6842
      vertex 135.733 2.05172 57.7359
    endloop
  endfacet
  facet normal 0 0.891009 -0.453987
    outer loop
      vertex 139.733 2.05172 57.7359
      vertex 135.733 2.23637 58.0983
      vertex 139.733 2.23637 58.0983
    endloop
  endfacet
  facet normal 0 0.891009 -0.453987
    outer loop
      vertex 135.733 2.23637 58.0983
      vertex 139.733 2.05172 57.7359
      vertex 135.733 2.05172 57.7359
    endloop
  endfacet
  facet normal 0 -0.706959 0.707254
    outer loop
      vertex 135.733 0 59.3158
      vertex 139.733 -0.0517216 59.2641
      vertex 139.733 0 59.3158
    endloop
  endfacet
  facet normal 0 -0.706959 0.707254
    outer loop
      vertex 139.733 -0.0517216 59.2641
      vertex 135.733 0 59.3158
      vertex 135.733 -0.0517216 59.2641
    endloop
  endfacet
  facet normal 0 0.891009 0.453987
    outer loop
      vertex 139.733 2.23637 58.9017
      vertex 135.733 2.05172 59.2641
      vertex 139.733 2.05172 59.2641
    endloop
  endfacet
  facet normal 0 0.891009 0.453987
    outer loop
      vertex 135.733 2.05172 59.2641
      vertex 139.733 2.23637 58.9017
      vertex 135.733 2.23637 58.9017
    endloop
  endfacet
  facet normal -0 0.70697 0.707244
    outer loop
      vertex 135.733 2.05172 59.2641
      vertex 139.733 2 59.3158
      vertex 139.733 2.05172 59.2641
    endloop
  endfacet
  facet normal 0 0.70697 0.707244
    outer loop
      vertex 139.733 2 59.3158
      vertex 135.733 2.05172 59.2641
      vertex 135.733 2 59.3158
    endloop
  endfacet
  facet normal -0 0 1
    outer loop
      vertex 264.967 3.5 59.25
      vertex 266.467 2 59.25
      vertex 266.467 3.5 59.25
    endloop
  endfacet
  facet normal 0 0 1
    outer loop
      vertex 266.467 2 59.25
      vertex 264.967 3.5 59.25
      vertex 264.967 2 59.25
    endloop
  endfacet
  facet normal 0 0 -1
    outer loop
      vertex 264.967 2 57.75
      vertex 266.467 3.5 57.75
      vertex 266.467 2 57.75
    endloop
  endfacet
  facet normal -0 0 -1
    outer loop
      vertex 266.467 3.5 57.75
      vertex 264.967 2 57.75
      vertex 264.967 3.5 57.75
    endloop
  endfacet
  facet normal -1 0 0
    outer loop
      vertex 264.967 2 57.75
      vertex 264.967 3.5 59.25
      vertex 264.967 3.5 57.75
    endloop
  endfacet
  facet normal -1 -0 0
    outer loop
      vertex 264.967 3.5 59.25
      vertex 264.967 2 57.75
      vertex 264.967 2 59.25
    endloop
  endfacet
  facet normal 0 1 -0
    outer loop
      vertex 266.467 3.5 57.75
      vertex 264.967 3.5 59.25
      vertex 266.467 3.5 59.25
    endloop
  endfacet
  facet normal 0 1 0
    outer loop
      vertex 264.967 3.5 59.25
      vertex 266.467 3.5 57.75
      vertex 264.967 3.5 57.75
    endloop
  endfacet
  facet normal 0 -1 0
    outer loop
      vertex 206.113 0.599999 65.3338
      vertex 205.072 0.599999 65.8338
      vertex 204.889 0.599999 65.7969
    endloop
  endfacet
  facet normal 0 -1 0
    outer loop
      vertex 206.113 0.599999 65.3338
      vertex 204.889 0.599999 65.7969
      vertex 204.807 0.599999 65.7727
    endloop
  endfacet
  facet normal 0 -1 0
    outer loop
      vertex 205.531 0.599999 63.581
      vertex 204.807 0.599999 65.7727
      vertex 204.078 0.599999 65.489
    endloop
  endfacet
  facet normal 0 -1 0
    outer loop
      vertex 205.449 0.599999 63.4946
      vertex 204.078 0.599999 65.489
      vertex 203.988 0.599999 65.4427
    endloop
  endfacet
  facet normal 0 -1 0
    outer loop
      vertex 205.072 0.599999 65.8338
      vertex 206.113 0.599999 65.3338
      vertex 205.613 0.599999 65.8338
    endloop
  endfacet
  facet normal 0 -1 0
    outer loop
      vertex 203.396 0.599999 63.4108
      vertex 203.988 0.599999 65.4427
      vertex 203.389 0.599999 65.0553
    endloop
  endfacet
  facet normal 0 -1 0
    outer loop
      vertex 203.396 0.599999 63.4108
      vertex 203.389 0.599999 65.0553
      vertex 203.304 0.599999 64.986
    endloop
  endfacet
  facet normal 0 -1 0
    outer loop
      vertex 203.295 0.599999 63.484
      vertex 203.304 0.599999 64.986
      vertex 202.839 0.599999 64.5125
    endloop
  endfacet
  facet normal 0 -1 0
    outer loop
      vertex 203.295 0.599999 63.484
      vertex 202.839 0.599999 64.5125
      vertex 202.767 0.599999 64.4198
    endloop
  endfacet
  facet normal 0 -1 0
    outer loop
      vertex 204.807 0.599999 65.7727
      vertex 205.531 0.599999 63.581
      vertex 206.113 0.599999 65.3338
    endloop
  endfacet
  facet normal 0 -1 -0
    outer loop
      vertex 206.113 0.599999 65.3338
      vertex 206.109 0.599999 63.924
      vertex 206.113 0.599999 63.9245
    endloop
  endfacet
  facet normal 0 -1 0
    outer loop
      vertex 206.113 0.599999 65.3338
      vertex 206.013 0.599999 63.888
      vertex 206.109 0.599999 63.924
    endloop
  endfacet
  facet normal 0 -1 0
    outer loop
      vertex 203.295 0.599999 63.484
      vertex 202.767 0.599999 64.4198
      vertex 202.439 0.599999 63.8733
    endloop
  endfacet
  facet normal 0 -1 0
    outer loop
      vertex 203.295 0.599999 63.484
      vertex 202.439 0.599999 63.8733
      vertex 202.391 0.599999 63.7661
    endloop
  endfacet
  facet normal 0 -1 -0
    outer loop
      vertex 203.304 0.599999 64.986
      vertex 203.295 0.599999 63.484
      vertex 203.396 0.599999 63.4108
    endloop
  endfacet
  facet normal 0 -1 0
    outer loop
      vertex 206.113 0.599999 65.3338
      vertex 205.531 0.599999 63.581
      vertex 206.013 0.599999 63.888
    endloop
  endfacet
  facet normal 0 -1 0
    outer loop
      vertex 203.295 0.599999 63.484
      vertex 202.391 0.599999 63.7661
      vertex 202.302 0.599999 63.484
    endloop
  endfacet
  facet normal 0 -1 -0
    outer loop
      vertex 203.988 0.599999 65.4427
      vertex 203.396 0.599999 63.4108
      vertex 205.449 0.599999 63.4946
    endloop
  endfacet
  facet normal 0 -1 0
    outer loop
      vertex 204.078 0.599999 65.489
      vertex 205.449 0.599999 63.4946
      vertex 205.531 0.599999 63.581
    endloop
  endfacet
  facet normal 0 -1 0
    outer loop
      vertex 205.155 0.599999 62.9761
      vertex 203.396 0.599999 63.4108
      vertex 203.393 0.599999 63.3882
    endloop
  endfacet
  facet normal 0 -1 0
    outer loop
      vertex 203.396 0.599999 63.4108
      vertex 205.155 0.599999 62.9761
      vertex 205.449 0.599999 63.4946
    endloop
  endfacet
  facet normal 0 -1 0
    outer loop
      vertex 203.393 0.599999 63.3882
      vertex 205.126 0.599999 62.8872
      vertex 205.155 0.599999 62.9761
    endloop
  endfacet
  facet normal 0 -1 0
    outer loop
      vertex 203.393 0.599999 63.3882
      vertex 205.021 0.599999 62.1083
      vertex 205.126 0.599999 62.8872
    endloop
  endfacet
  facet normal 0 -1 0
    outer loop
      vertex 204.724 0.599999 61.3291
      vertex 205.021 0.599999 62.1083
      vertex 203.393 0.599999 63.3882
    endloop
  endfacet
  facet normal 0 -1 0
    outer loop
      vertex 204.724 0.599999 61.3291
      vertex 203.393 0.599999 63.3882
      vertex 202.387 0.599999 61.9027
    endloop
  endfacet
  facet normal 0 -1 0
    outer loop
      vertex 202.293 0.599999 61.1075
      vertex 202.387 0.599999 61.9027
      vertex 202.381 0.599999 61.894
    endloop
  endfacet
  facet normal 0 -1 0
    outer loop
      vertex 205.021 0.599999 62.1083
      vertex 204.724 0.599999 61.3291
      vertex 205.02 0.599999 62.0429
    endloop
  endfacet
  facet normal 0 -1 0
    outer loop
      vertex 202.264 0.599999 61.1897
      vertex 202.381 0.599999 61.894
      vertex 202.17 0.599999 61.5678
    endloop
  endfacet
  facet normal 0 -1 -0
    outer loop
      vertex 205.02 0.599999 62.0429
      vertex 204.724 0.599999 61.3291
      vertex 205.045 0.599999 61.8534
    endloop
  endfacet
  facet normal 0 -1 0
    outer loop
      vertex 202.293 0.599999 61.1075
      vertex 202.381 0.599999 61.894
      vertex 202.264 0.599999 61.1897
    endloop
  endfacet
  facet normal 0 -1 -0
    outer loop
      vertex 202.387 0.599999 61.9027
      vertex 202.293 0.599999 61.1075
      vertex 204.289 0.599999 60.6079
    endloop
  endfacet
  facet normal 0 -1 0
    outer loop
      vertex 204.289 0.599999 60.6079
      vertex 202.293 0.599999 61.1075
      vertex 202.48 0.599999 60.6874
    endloop
  endfacet
  facet normal 0 -1 0
    outer loop
      vertex 204.289 0.599999 60.6079
      vertex 202.48 0.599999 60.6874
      vertex 202.521 0.599999 60.6127
    endloop
  endfacet
  facet normal 0 -1 0
    outer loop
      vertex 202.387 0.599999 61.9027
      vertex 204.289 0.599999 60.6079
      vertex 204.724 0.599999 61.3291
    endloop
  endfacet
  facet normal 0 -1 0
    outer loop
      vertex 202.521 0.599999 60.6127
      vertex 204.286 0.599999 60.6037
      vertex 204.289 0.599999 60.6079
    endloop
  endfacet
  facet normal 0 -1 0
    outer loop
      vertex 202.786 0.599999 60.218
      vertex 204.286 0.599999 60.6037
      vertex 202.521 0.599999 60.6127
    endloop
  endfacet
  facet normal 0 -1 0
    outer loop
      vertex 202.837 0.599999 60.1534
      vertex 204.286 0.599999 60.6037
      vertex 202.786 0.599999 60.218
    endloop
  endfacet
  facet normal 0 -1 0
    outer loop
      vertex 202.837 0.599999 60.1534
      vertex 203.873 0.599999 59.8905
      vertex 204.286 0.599999 60.6037
    endloop
  endfacet
  facet normal 0 -1 0
    outer loop
      vertex 203.163 0.599999 59.808
      vertex 203.873 0.599999 59.8905
      vertex 202.837 0.599999 60.1534
    endloop
  endfacet
  facet normal 0 -1 0
    outer loop
      vertex 203.228 0.599999 59.7498
      vertex 203.873 0.599999 59.8905
      vertex 203.163 0.599999 59.808
    endloop
  endfacet
  facet normal 0 -1 0
    outer loop
      vertex 203.873 0.599999 59.8905
      vertex 203.228 0.599999 59.7498
      vertex 203.869 0.599999 59.8839
    endloop
  endfacet
  facet normal 0 -1 0
    outer loop
      vertex 203.597 0.599999 59.4751
      vertex 203.869 0.599999 59.8839
      vertex 203.228 0.599999 59.7498
    endloop
  endfacet
  facet normal 0 -1 0
    outer loop
      vertex 203.869 0.599999 59.8839
      vertex 203.597 0.599999 59.4751
      vertex 203.636 0.599999 59.4515
    endloop
  endfacet
  facet normal 0 -1 0
    outer loop
      vertex 196.338 0.599999 65.3338
      vertex 197.006 0.599999 65.8291
      vertex 196.833 0.599999 65.8291
    endloop
  endfacet
  facet normal 0 -1 0
    outer loop
      vertex 196.338 0.599999 65.3338
      vertex 197.506 0.599999 65.3291
      vertex 197.006 0.599999 65.8291
    endloop
  endfacet
  facet normal 0 -1 0
    outer loop
      vertex 196.338 0.599999 63.984
      vertex 197.506 0.599999 65.3291
      vertex 196.338 0.599999 65.3338
    endloop
  endfacet
  facet normal 0 -1 0
    outer loop
      vertex 197.506 0.599999 63.484
      vertex 196.338 0.599999 63.984
      vertex 196.838 0.599999 63.484
    endloop
  endfacet
  facet normal 0 -1 0
    outer loop
      vertex 196.338 0.599999 63.984
      vertex 197.506 0.599999 63.484
      vertex 197.506 0.599999 65.3291
    endloop
  endfacet
  facet normal 0 -1 0
    outer loop
      vertex 203.007 0.599999 58.2
      vertex 203.024 0.599999 58.2806
      vertex 202.952 0.599999 58.2217
    endloop
  endfacet
  facet normal 0 -1 0
    outer loop
      vertex 203.007 0.599999 58.2
      vertex 202.952 0.599999 58.2217
      vertex 202.93 0.599999 58.2
    endloop
  endfacet
  facet normal 0 -1 -0
    outer loop
      vertex 203.024 0.599999 58.2806
      vertex 203.007 0.599999 58.2
      vertex 203.054 0.599999 58.3011
    endloop
  endfacet
  facet normal -0.906801 0 0.421559
    outer loop
      vertex 203.007 0 58.2
      vertex 203.054 0.599999 58.3011
      vertex 203.007 0.599999 58.2
    endloop
  endfacet
  facet normal -0.906801 0 0.421559
    outer loop
      vertex 203.054 0.599999 58.3011
      vertex 203.007 0 58.2
      vertex 203.054 0 58.3011
    endloop
  endfacet
  facet normal -0.880327 0 0.474367
    outer loop
      vertex 203.636 0 59.4515
      vertex 203.869 0.599999 59.8839
      vertex 203.636 0.599999 59.4515
    endloop
  endfacet
  facet normal -0.880327 0 0.474367
    outer loop
      vertex 203.869 0.599999 59.8839
      vertex 203.636 0 59.4515
      vertex 203.869 0 59.8839
    endloop
  endfacet
  facet normal -0.855198 0 0.518302
    outer loop
      vertex 203.869 0 59.8839
      vertex 203.873 0.599999 59.8905
      vertex 203.869 0.599999 59.8839
    endloop
  endfacet
  facet normal -0.855198 0 0.518302
    outer loop
      vertex 203.873 0.599999 59.8905
      vertex 203.869 0 59.8839
      vertex 203.873 0 59.8905
    endloop
  endfacet
  facet normal -0.865376 0 0.501122
    outer loop
      vertex 203.873 0 59.8905
      vertex 204.286 0.599999 60.6037
      vertex 203.873 0.599999 59.8905
    endloop
  endfacet
  facet normal -0.865376 0 0.501122
    outer loop
      vertex 204.286 0.599999 60.6037
      vertex 203.873 0 59.8905
      vertex 204.286 0 60.6037
    endloop
  endfacet
  facet normal -0.813733 0 0.581238
    outer loop
      vertex 204.286 0 60.6037
      vertex 204.289 0.599999 60.6079
      vertex 204.286 0.599999 60.6037
    endloop
  endfacet
  facet normal -0.813733 0 0.581238
    outer loop
      vertex 204.289 0.599999 60.6079
      vertex 204.286 0 60.6037
      vertex 204.289 0 60.6079
    endloop
  endfacet
  facet normal -0.856296 0 0.516485
    outer loop
      vertex 204.289 0 60.6079
      vertex 204.724 0.599999 61.3291
      vertex 204.289 0.599999 60.6079
    endloop
  endfacet
  facet normal -0.856296 0 0.516485
    outer loop
      vertex 204.724 0.599999 61.3291
      vertex 204.289 0 60.6079
      vertex 204.724 0 61.3291
    endloop
  endfacet
  facet normal -0.852851 0 0.522154
    outer loop
      vertex 204.724 0 61.3291
      vertex 205.045 0.599999 61.8534
      vertex 204.724 0.599999 61.3291
    endloop
  endfacet
  facet normal -0.852851 0 0.522154
    outer loop
      vertex 205.045 0.599999 61.8534
      vertex 204.724 0 61.3291
      vertex 205.045 0 61.8534
    endloop
  endfacet
  facet normal -1 0 0
    outer loop
      vertex 206.113 0 63.9245
      vertex 206.113 0.599999 65.3338
      vertex 206.113 0.599999 63.9245
    endloop
  endfacet
  facet normal -1 -0 0
    outer loop
      vertex 206.113 0.599999 65.3338
      vertex 206.113 0 63.9245
      vertex 206.113 0 65.3338
    endloop
  endfacet
  facet normal -0.707107 0 -0.707107
    outer loop
      vertex 206.113 0 65.3338
      vertex 205.613 0.599999 65.8338
      vertex 206.113 0.599999 65.3338
    endloop
  endfacet
  facet normal -0.707107 -0 -0.707107
    outer loop
      vertex 205.613 0.599999 65.8338
      vertex 206.113 0 65.3338
      vertex 205.613 0 65.8338
    endloop
  endfacet
  facet normal 0 0 -1
    outer loop
      vertex 205.072 0 65.8338
      vertex 205.613 0.599999 65.8338
      vertex 205.613 0 65.8338
    endloop
  endfacet
  facet normal -0 0 -1
    outer loop
      vertex 205.613 0.599999 65.8338
      vertex 205.072 0 65.8338
      vertex 205.072 0.599999 65.8338
    endloop
  endfacet
  facet normal 0.707321 0 -0.706893
    outer loop
      vertex 196.833 0 65.8291
      vertex 196.338 0.599999 65.3338
      vertex 196.833 0.599999 65.8291
    endloop
  endfacet
  facet normal 0.707321 0 -0.706893
    outer loop
      vertex 196.338 0.599999 65.3338
      vertex 196.833 0 65.8291
      vertex 196.338 0 65.3338
    endloop
  endfacet
  facet normal 1 -0 0
    outer loop
      vertex 196.338 0 65.3338
      vertex 196.338 0.599999 63.984
      vertex 196.338 0.599999 65.3338
    endloop
  endfacet
  facet normal 1 0 0
    outer loop
      vertex 196.338 0.599999 63.984
      vertex 196.338 0 65.3338
      vertex 196.338 0 63.984
    endloop
  endfacet
  facet normal 0.707107 -0 0.707107
    outer loop
      vertex 196.338 0 63.984
      vertex 196.838 0.599999 63.484
      vertex 196.338 0.599999 63.984
    endloop
  endfacet
  facet normal 0.707107 0 0.707107
    outer loop
      vertex 196.838 0.599999 63.484
      vertex 196.338 0 63.984
      vertex 196.838 0 63.484
    endloop
  endfacet
  facet normal -0 0 1
    outer loop
      vertex 196.838 0.599999 63.484
      vertex 197.506 0 63.484
      vertex 197.506 0.599999 63.484
    endloop
  endfacet
  facet normal 0 0 1
    outer loop
      vertex 197.506 0 63.484
      vertex 196.838 0.599999 63.484
      vertex 196.838 0 63.484
    endloop
  endfacet
  facet normal -0 0 1
    outer loop
      vertex 202.302 0.599999 63.484
      vertex 203.295 0 63.484
      vertex 203.295 0.599999 63.484
    endloop
  endfacet
  facet normal 0 0 1
    outer loop
      vertex 203.295 0 63.484
      vertex 202.302 0.599999 63.484
      vertex 202.302 0 63.484
    endloop
  endfacet
  facet normal 0.586836 0 0.809706
    outer loop
      vertex 203.295 0.599999 63.484
      vertex 203.396 0 63.4108
      vertex 203.396 0.599999 63.4108
    endloop
  endfacet
  facet normal 0.586836 0 0.809706
    outer loop
      vertex 203.396 0 63.4108
      vertex 203.295 0.599999 63.484
      vertex 203.295 0 63.484
    endloop
  endfacet
  facet normal 0.991304 0 -0.131589
    outer loop
      vertex 203.396 0 63.4108
      vertex 203.393 0.599999 63.3882
      vertex 203.396 0.599999 63.4108
    endloop
  endfacet
  facet normal 0.991304 0 -0.131589
    outer loop
      vertex 203.393 0.599999 63.3882
      vertex 203.396 0 63.4108
      vertex 203.393 0 63.3882
    endloop
  endfacet
  facet normal 0.827998 0 -0.560731
    outer loop
      vertex 203.393 0 63.3882
      vertex 202.387 0.599999 61.9027
      vertex 203.393 0.599999 63.3882
    endloop
  endfacet
  facet normal 0.827998 0 -0.560731
    outer loop
      vertex 202.387 0.599999 61.9027
      vertex 203.393 0 63.3882
      vertex 202.387 0 61.9027
    endloop
  endfacet
  facet normal 0.823213 0 -0.567733
    outer loop
      vertex 202.387 0 61.9027
      vertex 202.381 0.599999 61.894
      vertex 202.387 0.599999 61.9027
    endloop
  endfacet
  facet normal 0.823213 0 -0.567733
    outer loop
      vertex 202.381 0.599999 61.894
      vertex 202.387 0 61.9027
      vertex 202.381 0 61.894
    endloop
  endfacet
  facet normal 0.839653 0 -0.543123
    outer loop
      vertex 202.381 0 61.894
      vertex 202.17 0.599999 61.5678
      vertex 202.381 0.599999 61.894
    endloop
  endfacet
  facet normal 0.839653 0 -0.543123
    outer loop
      vertex 202.17 0.599999 61.5678
      vertex 202.381 0 61.894
      vertex 202.17 0 61.5678
    endloop
  endfacet
  facet normal 0.376217 0 -0.926531
    outer loop
      vertex 105.609 0 65.4853
      vertex 106.138 0.599999 65.7001
      vertex 106.138 0 65.7001
    endloop
  endfacet
  facet normal 0.376217 0 -0.926531
    outer loop
      vertex 106.138 0.599999 65.7001
      vertex 105.609 0 65.4853
      vertex 105.609 0.599999 65.4853
    endloop
  endfacet
  facet normal 0.458883 0 -0.888497
    outer loop
      vertex 105.524 0 65.4414
      vertex 105.609 0.599999 65.4853
      vertex 105.609 0 65.4853
    endloop
  endfacet
  facet normal 0.458883 0 -0.888497
    outer loop
      vertex 105.609 0.599999 65.4853
      vertex 105.524 0 65.4414
      vertex 105.524 0.599999 65.4414
    endloop
  endfacet
  facet normal 0.544799 0 -0.838566
    outer loop
      vertex 104.9 0 65.036
      vertex 105.524 0.599999 65.4414
      vertex 105.524 0 65.4414
    endloop
  endfacet
  facet normal 0.544799 0 -0.838566
    outer loop
      vertex 105.524 0.599999 65.4414
      vertex 104.9 0 65.036
      vertex 104.9 0.599999 65.036
    endloop
  endfacet
  facet normal 0.625313 0 -0.780374
    outer loop
      vertex 104.823 0 64.9743
      vertex 104.9 0.599999 65.036
      vertex 104.9 0 65.036
    endloop
  endfacet
  facet normal 0.625313 0 -0.780374
    outer loop
      vertex 104.9 0.599999 65.036
      vertex 104.823 0 64.9743
      vertex 104.823 0.599999 64.9743
    endloop
  endfacet
  facet normal 0.6981 0 -0.716
    outer loop
      vertex 104.307 0 64.4712
      vertex 104.823 0.599999 64.9743
      vertex 104.823 0 64.9743
    endloop
  endfacet
  facet normal 0.6981 0 -0.716
    outer loop
      vertex 104.823 0.599999 64.9743
      vertex 104.307 0 64.4712
      vertex 104.307 0.599999 64.4712
    endloop
  endfacet
  facet normal 0.769015 0 -0.639231
    outer loop
      vertex 104.307 0 64.4712
      vertex 104.241 0.599999 64.3918
      vertex 104.307 0.599999 64.4712
    endloop
  endfacet
  facet normal 0.769015 0 -0.639231
    outer loop
      vertex 104.241 0.599999 64.3918
      vertex 104.307 0 64.4712
      vertex 104.241 0 64.3918
    endloop
  endfacet
  facet normal 0.831181 0 -0.556002
    outer loop
      vertex 104.241 0 64.3918
      vertex 103.847 0.599999 63.8028
      vertex 104.241 0.599999 64.3918
    endloop
  endfacet
  facet normal 0.831181 0 -0.556002
    outer loop
      vertex 103.847 0.599999 63.8028
      vertex 104.241 0 64.3918
      vertex 103.847 0 63.8028
    endloop
  endfacet
  facet normal 0.88126 0 -0.472631
    outer loop
      vertex 103.847 0 63.8028
      vertex 103.799 0.599999 63.7133
      vertex 103.847 0.599999 63.8028
    endloop
  endfacet
  facet normal 0.88126 0 -0.472631
    outer loop
      vertex 103.799 0.599999 63.7133
      vertex 103.847 0 63.8028
      vertex 103.799 0 63.7133
    endloop
  endfacet
  facet normal 0.926127 0 -0.377211
    outer loop
      vertex 103.799 0 63.7133
      vertex 103.52 0.599999 63.0283
      vertex 103.799 0.599999 63.7133
    endloop
  endfacet
  facet normal 0.926127 0 -0.377211
    outer loop
      vertex 103.52 0.599999 63.0283
      vertex 103.799 0 63.7133
      vertex 103.52 0 63.0283
    endloop
  endfacet
  facet normal 0.956107 0 -0.293018
    outer loop
      vertex 103.52 0 63.0283
      vertex 103.493 0.599999 62.9402
      vertex 103.52 0.599999 63.0283
    endloop
  endfacet
  facet normal 0.956107 0 -0.293018
    outer loop
      vertex 103.493 0.599999 62.9402
      vertex 103.52 0 63.0283
      vertex 103.493 0 62.9402
    endloop
  endfacet
  facet normal 0.979354 0 -0.202152
    outer loop
      vertex 103.493 0 62.9402
      vertex 103.437 0.599999 62.6689
      vertex 103.493 0.599999 62.9402
    endloop
  endfacet
  facet normal 0.979354 0 -0.202152
    outer loop
      vertex 103.437 0.599999 62.6689
      vertex 103.493 0 62.9402
      vertex 103.437 0 62.6689
    endloop
  endfacet
  facet normal 0.798863 -0 0.601513
    outer loop
      vertex 103.802 0 62.1877
      vertex 103.891 0.599999 62.0695
      vertex 103.802 0.599999 62.1877
    endloop
  endfacet
  facet normal 0.798863 0 0.601513
    outer loop
      vertex 103.891 0.599999 62.0695
      vertex 103.802 0 62.1877
      vertex 103.891 0 62.0695
    endloop
  endfacet
  facet normal 0.794476 -0 0.607296
    outer loop
      vertex 103.437 0 62.6689
      vertex 103.51 0.599999 62.5734
      vertex 103.437 0.599999 62.6689
    endloop
  endfacet
  facet normal 0.794476 0 0.607296
    outer loop
      vertex 103.51 0.599999 62.5734
      vertex 103.437 0 62.6689
      vertex 103.51 0 62.5734
    endloop
  endfacet
  facet normal 0.0710232 0 0.997475
    outer loop
      vertex 103.891 0.599999 62.0695
      vertex 105.728 0 61.9387
      vertex 105.728 0.599999 61.9387
    endloop
  endfacet
  facet normal 0.0710232 0 0.997475
    outer loop
      vertex 105.728 0 61.9387
      vertex 103.891 0.599999 62.0695
      vertex 103.891 0 62.0695
    endloop
  endfacet
  facet normal -0.585718 0 0.810515
    outer loop
      vertex 105.728 0.599999 61.9387
      vertex 106.249 0 62.3152
      vertex 106.249 0.599999 62.3152
    endloop
  endfacet
  facet normal -0.585718 0 0.810515
    outer loop
      vertex 106.249 0 62.3152
      vertex 105.728 0.599999 61.9387
      vertex 105.728 0 61.9387
    endloop
  endfacet
  facet normal -0.972334 0 0.233594
    outer loop
      vertex 106.249 0 62.3152
      vertex 106.257 0.599999 62.3485
      vertex 106.249 0.599999 62.3152
    endloop
  endfacet
  facet normal -0.972334 0 0.233594
    outer loop
      vertex 106.257 0.599999 62.3485
      vertex 106.249 0 62.3152
      vertex 106.257 0 62.3485
    endloop
  endfacet
  facet normal -0.945678 0 0.325104
    outer loop
      vertex 106.257 0 62.3485
      vertex 106.37 0.599999 62.6772
      vertex 106.257 0.599999 62.3485
    endloop
  endfacet
  facet normal -0.945678 0 0.325104
    outer loop
      vertex 106.37 0.599999 62.6772
      vertex 106.257 0 62.3485
      vertex 106.37 0 62.6772
    endloop
  endfacet
  facet normal -0.909295 0 0.416153
    outer loop
      vertex 106.37 0 62.6772
      vertex 106.39 0.599999 62.7209
      vertex 106.37 0.599999 62.6772
    endloop
  endfacet
  facet normal -0.909295 0 0.416153
    outer loop
      vertex 106.39 0.599999 62.7209
      vertex 106.37 0 62.6772
      vertex 106.39 0 62.7209
    endloop
  endfacet
  facet normal -0.866622 0 0.498964
    outer loop
      vertex 106.39 0 62.7209
      vertex 106.504 0.599999 62.9189
      vertex 106.39 0.599999 62.7209
    endloop
  endfacet
  facet normal -0.866622 0 0.498964
    outer loop
      vertex 106.504 0.599999 62.9189
      vertex 106.39 0 62.7209
      vertex 106.504 0 62.9189
    endloop
  endfacet
  facet normal -1 0 0
    outer loop
      vertex 99.0056 0 58.2
      vertex 99.0056 0.599999 59.2431
      vertex 99.0056 0.599999 58.2
    endloop
  endfacet
  facet normal -1 -0 0
    outer loop
      vertex 99.0056 0.599999 59.2431
      vertex 99.0056 0 58.2
      vertex 99.0056 0 59.2431
    endloop
  endfacet
  facet normal 0.197661 0 -0.98027
    outer loop
      vertex 204.889 0 65.7969
      vertex 205.072 0.599999 65.8338
      vertex 205.072 0 65.8338
    endloop
  endfacet
  facet normal 0.197661 0 -0.98027
    outer loop
      vertex 205.072 0.599999 65.8338
      vertex 204.889 0 65.7969
      vertex 204.889 0.599999 65.7969
    endloop
  endfacet
  facet normal 0.283053 0 -0.959104
    outer loop
      vertex 204.807 0 65.7727
      vertex 204.889 0.599999 65.7969
      vertex 204.889 0 65.7969
    endloop
  endfacet
  facet normal 0.283053 0 -0.959104
    outer loop
      vertex 204.889 0.599999 65.7969
      vertex 204.807 0 65.7727
      vertex 204.807 0.599999 65.7727
    endloop
  endfacet
  facet normal 0.362668 0 -0.931918
    outer loop
      vertex 204.078 0 65.489
      vertex 204.807 0.599999 65.7727
      vertex 204.807 0 65.7727
    endloop
  endfacet
  facet normal 0.362668 0 -0.931918
    outer loop
      vertex 204.807 0.599999 65.7727
      vertex 204.078 0 65.489
      vertex 204.078 0.599999 65.489
    endloop
  endfacet
  facet normal 0.45746 0 -0.88923
    outer loop
      vertex 203.988 0 65.4427
      vertex 204.078 0.599999 65.489
      vertex 204.078 0 65.489
    endloop
  endfacet
  facet normal 0.45746 0 -0.88923
    outer loop
      vertex 204.078 0.599999 65.489
      vertex 203.988 0 65.4427
      vertex 203.988 0.599999 65.4427
    endloop
  endfacet
  facet normal 0.543065 0 -0.83969
    outer loop
      vertex 203.389 0 65.0553
      vertex 203.988 0.599999 65.4427
      vertex 203.988 0 65.4427
    endloop
  endfacet
  facet normal 0.543065 0 -0.83969
    outer loop
      vertex 203.988 0.599999 65.4427
      vertex 203.389 0 65.0553
      vertex 203.389 0.599999 65.0553
    endloop
  endfacet
  facet normal 0.631896 0 -0.775053
    outer loop
      vertex 203.304 0 64.986
      vertex 203.389 0.599999 65.0553
      vertex 203.389 0 65.0553
    endloop
  endfacet
  facet normal 0.631896 0 -0.775053
    outer loop
      vertex 203.389 0.599999 65.0553
      vertex 203.304 0 64.986
      vertex 203.304 0.599999 64.986
    endloop
  endfacet
  facet normal 0.713482 0 -0.700674
    outer loop
      vertex 203.304 0 64.986
      vertex 202.839 0.599999 64.5125
      vertex 203.304 0.599999 64.986
    endloop
  endfacet
  facet normal 0.713482 0 -0.700674
    outer loop
      vertex 202.839 0.599999 64.5125
      vertex 203.304 0 64.986
      vertex 202.839 0 64.5125
    endloop
  endfacet
  facet normal 0.789765 0 -0.61341
    outer loop
      vertex 202.839 0 64.5125
      vertex 202.767 0.599999 64.4198
      vertex 202.839 0.599999 64.5125
    endloop
  endfacet
  facet normal 0.789765 0 -0.61341
    outer loop
      vertex 202.767 0.599999 64.4198
      vertex 202.839 0 64.5125
      vertex 202.767 0 64.4198
    endloop
  endfacet
  facet normal 0.857424 0 -0.514611
    outer loop
      vertex 202.767 0 64.4198
      vertex 202.439 0.599999 63.8733
      vertex 202.767 0.599999 64.4198
    endloop
  endfacet
  facet normal 0.857424 0 -0.514611
    outer loop
      vertex 202.439 0.599999 63.8733
      vertex 202.767 0 64.4198
      vertex 202.439 0 63.8733
    endloop
  endfacet
  facet normal 0.912685 0 -0.408665
    outer loop
      vertex 202.439 0 63.8733
      vertex 202.391 0.599999 63.7661
      vertex 202.439 0.599999 63.8733
    endloop
  endfacet
  facet normal 0.912685 0 -0.408665
    outer loop
      vertex 202.391 0.599999 63.7661
      vertex 202.439 0 63.8733
      vertex 202.391 0 63.7661
    endloop
  endfacet
  facet normal 0.953664 0 -0.300872
    outer loop
      vertex 202.391 0 63.7661
      vertex 202.302 0.599999 63.484
      vertex 202.391 0.599999 63.7661
    endloop
  endfacet
  facet normal 0.953664 0 -0.300872
    outer loop
      vertex 202.302 0.599999 63.484
      vertex 202.391 0 63.7661
      vertex 202.302 0 63.484
    endloop
  endfacet
  facet normal 0.970459 -0 0.241267
    outer loop
      vertex 202.17 0 61.5678
      vertex 202.264 0.599999 61.1897
      vertex 202.17 0.599999 61.5678
    endloop
  endfacet
  facet normal 0.970459 0 0.241267
    outer loop
      vertex 202.264 0.599999 61.1897
      vertex 202.17 0 61.5678
      vertex 202.264 0 61.1897
    endloop
  endfacet
  facet normal 0.943033 -0 0.3327
    outer loop
      vertex 202.264 0 61.1897
      vertex 202.293 0.599999 61.1075
      vertex 202.264 0.599999 61.1897
    endloop
  endfacet
  facet normal 0.943033 0 0.3327
    outer loop
      vertex 202.293 0.599999 61.1075
      vertex 202.264 0 61.1897
      vertex 202.293 0 61.1075
    endloop
  endfacet
  facet normal 0.913578 -0 0.406663
    outer loop
      vertex 202.293 0 61.1075
      vertex 202.48 0.599999 60.6874
      vertex 202.293 0.599999 61.1075
    endloop
  endfacet
  facet normal 0.913578 0 0.406663
    outer loop
      vertex 202.48 0.599999 60.6874
      vertex 202.293 0 61.1075
      vertex 202.48 0 60.6874
    endloop
  endfacet
  facet normal 0.876637 -0 0.481153
    outer loop
      vertex 202.48 0 60.6874
      vertex 202.521 0.599999 60.6127
      vertex 202.48 0.599999 60.6874
    endloop
  endfacet
  facet normal 0.876637 0 0.481153
    outer loop
      vertex 202.521 0.599999 60.6127
      vertex 202.48 0 60.6874
      vertex 202.521 0 60.6127
    endloop
  endfacet
  facet normal 0.830234 -0 0.557416
    outer loop
      vertex 202.521 0 60.6127
      vertex 202.786 0.599999 60.218
      vertex 202.521 0.599999 60.6127
    endloop
  endfacet
  facet normal 0.830234 0 0.557416
    outer loop
      vertex 202.786 0.599999 60.218
      vertex 202.521 0 60.6127
      vertex 202.786 0 60.218
    endloop
  endfacet
  facet normal 0.784883 -0 0.619644
    outer loop
      vertex 202.786 0 60.218
      vertex 202.837 0.599999 60.1534
      vertex 202.786 0.599999 60.218
    endloop
  endfacet
  facet normal 0.784883 0 0.619644
    outer loop
      vertex 202.837 0.599999 60.1534
      vertex 202.786 0 60.218
      vertex 202.837 0 60.1534
    endloop
  endfacet
  facet normal 0.727235 -0 0.686389
    outer loop
      vertex 202.837 0 60.1534
      vertex 203.163 0.599999 59.808
      vertex 202.837 0.599999 60.1534
    endloop
  endfacet
  facet normal 0.727235 0 0.686389
    outer loop
      vertex 203.163 0.599999 59.808
      vertex 202.837 0 60.1534
      vertex 203.163 0 59.808
    endloop
  endfacet
  facet normal 0.667063 0 0.745001
    outer loop
      vertex 203.163 0.599999 59.808
      vertex 203.228 0 59.7498
      vertex 203.228 0.599999 59.7498
    endloop
  endfacet
  facet normal 0.667063 0 0.745001
    outer loop
      vertex 203.228 0 59.7498
      vertex 203.163 0.599999 59.808
      vertex 203.163 0 59.808
    endloop
  endfacet
  facet normal 0.597144 0 0.802134
    outer loop
      vertex 203.228 0.599999 59.7498
      vertex 203.597 0 59.4751
      vertex 203.597 0.599999 59.4751
    endloop
  endfacet
  facet normal 0.597144 0 0.802134
    outer loop
      vertex 203.597 0 59.4751
      vertex 203.228 0.599999 59.7498
      vertex 203.228 0 59.7498
    endloop
  endfacet
  facet normal 0.517718 0 0.855551
    outer loop
      vertex 203.597 0.599999 59.4751
      vertex 203.636 0 59.4515
      vertex 203.636 0.599999 59.4515
    endloop
  endfacet
  facet normal 0.517718 0 0.855551
    outer loop
      vertex 203.636 0 59.4515
      vertex 203.597 0.599999 59.4751
      vertex 203.597 0 59.4751
    endloop
  endfacet
  facet normal 0.564191 0 -0.825645
    outer loop
      vertex 203.024 0 58.2806
      vertex 203.054 0.599999 58.3011
      vertex 203.054 0 58.3011
    endloop
  endfacet
  facet normal 0.564191 0 -0.825645
    outer loop
      vertex 203.054 0.599999 58.3011
      vertex 203.024 0 58.2806
      vertex 203.024 0.599999 58.2806
    endloop
  endfacet
  facet normal 0.633179 0 -0.774005
    outer loop
      vertex 202.952 0 58.2217
      vertex 203.024 0.599999 58.2806
      vertex 203.024 0 58.2806
    endloop
  endfacet
  facet normal 0.633179 0 -0.774005
    outer loop
      vertex 203.024 0.599999 58.2806
      vertex 202.952 0 58.2217
      vertex 202.952 0.599999 58.2217
    endloop
  endfacet
  facet normal 0.702236 0 -0.711944
    outer loop
      vertex 202.93 0 58.2
      vertex 202.952 0.599999 58.2217
      vertex 202.952 0 58.2217
    endloop
  endfacet
  facet normal 0.702236 0 -0.711944
    outer loop
      vertex 202.952 0.599999 58.2217
      vertex 202.93 0 58.2
      vertex 202.93 0.599999 58.2
    endloop
  endfacet
  facet normal -0.99141 0 -0.130793
    outer loop
      vertex 205.045 0 61.8534
      vertex 205.02 0.599999 62.0429
      vertex 205.045 0.599999 61.8534
    endloop
  endfacet
  facet normal -0.99141 -0 -0.130793
    outer loop
      vertex 205.02 0.599999 62.0429
      vertex 205.045 0 61.8534
      vertex 205.02 0 62.0429
    endloop
  endfacet
  facet normal -0.999883 0 0.0152887
    outer loop
      vertex 205.02 0 62.0429
      vertex 205.021 0.599999 62.1083
      vertex 205.02 0.599999 62.0429
    endloop
  endfacet
  facet normal -0.999883 0 0.0152887
    outer loop
      vertex 205.021 0.599999 62.1083
      vertex 205.02 0 62.0429
      vertex 205.021 0 62.1083
    endloop
  endfacet
  facet normal -0.991036 0 0.133597
    outer loop
      vertex 205.021 0 62.1083
      vertex 205.126 0.599999 62.8872
      vertex 205.021 0.599999 62.1083
    endloop
  endfacet
  facet normal -0.991036 0 0.133597
    outer loop
      vertex 205.126 0.599999 62.8872
      vertex 205.021 0 62.1083
      vertex 205.126 0 62.8872
    endloop
  endfacet
  facet normal -0.950696 0 0.310126
    outer loop
      vertex 205.126 0 62.8872
      vertex 205.155 0.599999 62.9761
      vertex 205.126 0.599999 62.8872
    endloop
  endfacet
  facet normal -0.950696 0 0.310126
    outer loop
      vertex 205.155 0.599999 62.9761
      vertex 205.126 0 62.8872
      vertex 205.155 0 62.9761
    endloop
  endfacet
  facet normal -0.86989 0 0.493245
    outer loop
      vertex 205.155 0 62.9761
      vertex 205.449 0.599999 63.4946
      vertex 205.155 0.599999 62.9761
    endloop
  endfacet
  facet normal -0.86989 0 0.493245
    outer loop
      vertex 205.449 0.599999 63.4946
      vertex 205.155 0 62.9761
      vertex 205.449 0 63.4946
    endloop
  endfacet
  facet normal -0.725335 0 0.688396
    outer loop
      vertex 205.449 0 63.4946
      vertex 205.531 0.599999 63.581
      vertex 205.449 0.599999 63.4946
    endloop
  endfacet
  facet normal -0.725335 0 0.688396
    outer loop
      vertex 205.531 0.599999 63.581
      vertex 205.449 0 63.4946
      vertex 205.531 0 63.581
    endloop
  endfacet
  facet normal -0.537215 0 0.843445
    outer loop
      vertex 205.531 0.599999 63.581
      vertex 206.013 0 63.888
      vertex 206.013 0.599999 63.888
    endloop
  endfacet
  facet normal -0.537215 0 0.843445
    outer loop
      vertex 206.013 0 63.888
      vertex 205.531 0.599999 63.581
      vertex 205.531 0 63.581
    endloop
  endfacet
  facet normal -0.351123 0 0.936329
    outer loop
      vertex 206.013 0.599999 63.888
      vertex 206.109 0 63.924
      vertex 206.109 0.599999 63.924
    endloop
  endfacet
  facet normal -0.351123 0 0.936329
    outer loop
      vertex 206.109 0 63.924
      vertex 206.013 0.599999 63.888
      vertex 206.013 0 63.888
    endloop
  endfacet
  facet normal -0.124035 0 0.992278
    outer loop
      vertex 206.109 0.599999 63.924
      vertex 206.113 0 63.9245
      vertex 206.113 0.599999 63.9245
    endloop
  endfacet
  facet normal -0.124035 0 0.992278
    outer loop
      vertex 206.113 0 63.9245
      vertex 206.109 0.599999 63.924
      vertex 206.109 0 63.924
    endloop
  endfacet
  facet normal -1 0 0
    outer loop
      vertex 197.506 0 63.484
      vertex 197.506 0.599999 65.3291
      vertex 197.506 0.599999 63.484
    endloop
  endfacet
  facet normal -1 -0 0
    outer loop
      vertex 197.506 0.599999 65.3291
      vertex 197.506 0 63.484
      vertex 197.506 0 65.3291
    endloop
  endfacet
  facet normal -0.707107 0 -0.707107
    outer loop
      vertex 197.506 0 65.3291
      vertex 197.006 0.599999 65.8291
      vertex 197.506 0.599999 65.3291
    endloop
  endfacet
  facet normal -0.707107 -0 -0.707107
    outer loop
      vertex 197.006 0.599999 65.8291
      vertex 197.506 0 65.3291
      vertex 197.006 0 65.8291
    endloop
  endfacet
  facet normal 0 0 -1
    outer loop
      vertex 196.833 0 65.8291
      vertex 197.006 0.599999 65.8291
      vertex 197.006 0 65.8291
    endloop
  endfacet
  facet normal -0 0 -1
    outer loop
      vertex 197.006 0.599999 65.8291
      vertex 196.833 0 65.8291
      vertex 196.833 0.599999 65.8291
    endloop
  endfacet
endsolid OpenSCAD_Model
